ISO-10303-21;
HEADER;
/* Generated by software containing ST-Developer
 * from STEP Tools, Inc. (www.steptools.com) 
 */
/* OPTION: using custom renumber hook */

FILE_DESCRIPTION(
/* description */ ('STEP AP242 Edition 2',
'CAx-IF Rec.Pracs.---Representation and Presentation of Product Manufa
cturing Information (PMI)---4.0---2014-10-13',
'CAx-IF Rec.Pracs.---3D Tessellated Geometry---0.4---2014-09-14','2;1',
'CAx-IF Rec.Pracs.---User Defined Attributes---1.5---2016-08-15'),
/* implementation_level */ '2;1');

FILE_NAME(
/* name */ 'T Motor F90 2806 1500kV',
/* time_stamp */ '2026-10-02T11:23:52Z',
/* author */ (''),
/* organization */ (''),
/* preprocessor_version */ 'ST-DEVELOPER v20',
/* originating_system */ 'ONSHAPE BY PTC INC, 1.221',
/* authorisation */ '  ');

FILE_SCHEMA (('AP242_MANAGED_MODEL_BASED_3D_ENGINEERING_MIM_LF { 1 0 10303 442 3 1 4 }'));
ENDSEC;

DATA;
#10=TOROIDAL_SURFACE('',#3766,0.0152,0.0015);
#11=TOROIDAL_SURFACE('',#3769,0.0152,0.0015);
#12=TOROIDAL_SURFACE('',#3772,0.0152,0.0015);
#13=TOROIDAL_SURFACE('',#3775,0.0152,0.0015);
#14=TOROIDAL_SURFACE('',#3778,0.0152,0.0015);
#15=TOROIDAL_SURFACE('',#3781,0.0152,0.0015);
#16=TOROIDAL_SURFACE('',#3784,0.0152,0.0015);
#17=TOROIDAL_SURFACE('',#4004,0.0152,0.0015);
#18=B_SPLINE_SURFACE_WITH_KNOTS('',3,3,((#5237,#5238,#5239,#5240),(#5241,
#5242,#5243,#5244),(#5245,#5246,#5247,#5248),(#5249,#5250,#5251,#5252),
(#5253,#5254,#5255,#5256),(#5257,#5258,#5259,#5260),(#5261,#5262,#5263,
#5264),(#5265,#5266,#5267,#5268),(#5269,#5270,#5271,#5272),(#5273,#5274,
#5275,#5276),(#5277,#5278,#5279,#5280),(#5281,#5282,#5283,#5284),(#5285,
#5286,#5287,#5288),(#5289,#5290,#5291,#5292),(#5293,#5294,#5295,#5296),
(#5297,#5298,#5299,#5300),(#5301,#5302,#5303,#5304),(#5305,#5306,#5307,
#5308),(#5309,#5310,#5311,#5312),(#5313,#5314,#5315,#5316),(#5317,#5318,
#5319,#5320),(#5321,#5322,#5323,#5324)),.UNSPECIFIED.,.F.,.F.,.F.,(4,1,
1,1,1,1,1,1,1,1,1,1,1,1,1,1,1,1,1,4),(4,4),(0.499999943876193,0.507812438128439,
0.515624939110527,0.531249941074704,0.54687494303888,0.562499945003057,
0.59374994893141,0.624999952859763,0.656249956788116,0.687499960716469,
0.749999968573175,0.812499976429882,0.874999984286588,0.906249988214941,
0.937499992143294,0.95312499410747,0.968749996071647,0.984374998035823,
0.992187499017912,1.),(0.,1.),.UNSPECIFIED.);
#19=B_SPLINE_SURFACE_WITH_KNOTS('',3,3,((#5354,#5355,#5356,#5357),(#5358,
#5359,#5360,#5361),(#5362,#5363,#5364,#5365),(#5366,#5367,#5368,#5369),
(#5370,#5371,#5372,#5373),(#5374,#5375,#5376,#5377),(#5378,#5379,#5380,
#5381),(#5382,#5383,#5384,#5385),(#5386,#5387,#5388,#5389),(#5390,#5391,
#5392,#5393),(#5394,#5395,#5396,#5397),(#5398,#5399,#5400,#5401),(#5402,
#5403,#5404,#5405),(#5406,#5407,#5408,#5409),(#5410,#5411,#5412,#5413),
(#5414,#5415,#5416,#5417),(#5418,#5419,#5420,#5421),(#5422,#5423,#5424,
#5425),(#5426,#5427,#5428,#5429),(#5430,#5431,#5432,#5433),(#5434,#5435,
#5436,#5437),(#5438,#5439,#5440,#5441)),.UNSPECIFIED.,.F.,.F.,.F.,(4,1,
1,1,1,1,1,1,1,1,1,1,1,1,1,1,1,1,1,4),(4,4),(0.,0.0156249980358234,0.0312499960716469,
0.0468749941074704,0.0624999921432939,0.0781249901791174,0.0937499882149408,
0.124999984286588,0.156249980358235,0.187499976429881,0.249999968573175,
0.31249996071647,0.374999952859763,0.40624994893141,0.437499945003057,0.453124943038881,
0.468749941074704,0.484374939110528,0.492187438128439,0.499999937146351),
(0.,1.),.UNSPECIFIED.);
#20=OVER_RIDING_STYLED_ITEM('',(#3293),#3117,#3290);
#21=OVER_RIDING_STYLED_ITEM('',(#3294),#3118,#3290);
#22=OVER_RIDING_STYLED_ITEM('',(#3295),#3119,#3290);
#23=OVER_RIDING_STYLED_ITEM('',(#3296),#3120,#3290);
#24=OVER_RIDING_STYLED_ITEM('',(#3297),#3121,#3290);
#25=OVER_RIDING_STYLED_ITEM('',(#3298),#3122,#3290);
#26=OVER_RIDING_STYLED_ITEM('',(#3299),#3123,#3290);
#27=OVER_RIDING_STYLED_ITEM('',(#3300),#3124,#3290);
#28=OVER_RIDING_STYLED_ITEM('',(#3301),#3125,#3290);
#29=OVER_RIDING_STYLED_ITEM('',(#3302),#3126,#3290);
#30=OVER_RIDING_STYLED_ITEM('',(#3303),#3127,#3290);
#31=OVER_RIDING_STYLED_ITEM('',(#3304),#3129,#3290);
#32=OVER_RIDING_STYLED_ITEM('',(#3305),#3130,#3290);
#33=OVER_RIDING_STYLED_ITEM('',(#3306),#3131,#3290);
#34=OVER_RIDING_STYLED_ITEM('',(#3307),#3134,#3290);
#35=OVER_RIDING_STYLED_ITEM('',(#3308),#3137,#3290);
#36=OVER_RIDING_STYLED_ITEM('',(#3309),#3140,#3290);
#37=OVER_RIDING_STYLED_ITEM('',(#3310),#3143,#3290);
#38=OVER_RIDING_STYLED_ITEM('',(#3311),#3146,#3290);
#39=OVER_RIDING_STYLED_ITEM('',(#3312),#3149,#3290);
#40=OVER_RIDING_STYLED_ITEM('',(#3313),#3152,#3290);
#41=OVER_RIDING_STYLED_ITEM('',(#3314),#3155,#3290);
#42=OVER_RIDING_STYLED_ITEM('',(#3315),#3158,#3290);
#43=OVER_RIDING_STYLED_ITEM('',(#3316),#3161,#3290);
#44=OVER_RIDING_STYLED_ITEM('',(#3317),#3164,#3290);
#45=OVER_RIDING_STYLED_ITEM('',(#3318),#3167,#3290);
#46=OVER_RIDING_STYLED_ITEM('',(#3319),#3168,#3290);
#47=OVER_RIDING_STYLED_ITEM('',(#3320),#3169,#3290);
#48=OVER_RIDING_STYLED_ITEM('',(#3321),#3170,#3290);
#49=OVER_RIDING_STYLED_ITEM('',(#3322),#3171,#3290);
#50=OVER_RIDING_STYLED_ITEM('',(#3323),#3172,#3290);
#51=OVER_RIDING_STYLED_ITEM('',(#3324),#3173,#3290);
#52=OVER_RIDING_STYLED_ITEM('',(#3325),#3184,#3290);
#53=OVER_RIDING_STYLED_ITEM('',(#3326),#3186,#3290);
#54=OVER_RIDING_STYLED_ITEM('',(#3327),#3188,#3290);
#55=OVER_RIDING_STYLED_ITEM('',(#3328),#3190,#3290);
#56=OVER_RIDING_STYLED_ITEM('',(#3329),#3195,#3290);
#57=OVER_RIDING_STYLED_ITEM('',(#3330),#3197,#3290);
#58=OVER_RIDING_STYLED_ITEM('',(#3331),#3199,#3290);
#59=OVER_RIDING_STYLED_ITEM('',(#3332),#3201,#3290);
#60=OVER_RIDING_STYLED_ITEM('',(#3333),#3236,#3290);
#61=OVER_RIDING_STYLED_ITEM('',(#3334),#3247,#3290);
#62=OVER_RIDING_STYLED_ITEM('',(#3335),#3248,#3290);
#63=OVER_RIDING_STYLED_ITEM('',(#3336),#3249,#3290);
#64=OVER_RIDING_STYLED_ITEM('',(#3337),#3276,#3290);
#65=OVER_RIDING_STYLED_ITEM('',(#3338),#3277,#3290);
#66=OVER_RIDING_STYLED_ITEM('',(#3339),#3282,#3290);
#67=OVER_RIDING_STYLED_ITEM('',(#3340),#3283,#3290);
#68=OVER_RIDING_STYLED_ITEM('',(#3341),#3284,#3290);
#69=OVER_RIDING_STYLED_ITEM('',(#3342),#3285,#3290);
#70=OVER_RIDING_STYLED_ITEM('',(#3343),#3286,#3290);
#71=B_SPLINE_CURVE_WITH_KNOTS('',3,(#5146,#5147,#5148,#5149,#5150,#5151,
#5152,#5153,#5154,#5155,#5156,#5157),.UNSPECIFIED.,.F.,.F.,(4,1,1,1,1,1,
1,1,1,4),(1.27007579847673E-17,0.00146072060053584,0.00292144120107167,
0.00584288240214333,0.00876432360321499,0.0116857648042867,0.0146072060053583,
0.01752864720643,0.0204500884075016,0.0233715296085733),.UNSPECIFIED.);
#72=B_SPLINE_CURVE_WITH_KNOTS('',3,(#5160,#5161,#5162,#5163,#5164,#5165,
#5166,#5167,#5168,#5169,#5170),.UNSPECIFIED.,.F.,.F.,(4,1,1,1,1,1,1,1,4),
(0.,0.00292951593151351,0.00585903186302702,0.00878854779454054,0.011718063726054,
0.0146475796575676,0.0175770955890811,0.0205066115205946,0.0234361274521081),
 .UNSPECIFIED.);
#73=B_SPLINE_CURVE_WITH_KNOTS('',3,(#5325,#5326,#5327,#5328,#5329,#5330,
#5331,#5332,#5333,#5334,#5335,#5336,#5337,#5338,#5339,#5340,#5341,#5342,
#5343,#5344,#5345,#5346),.UNSPECIFIED.,.F.,.F.,(4,1,1,1,1,1,1,1,1,1,1,1,
1,1,1,1,1,1,1,4),(0.,0.000293863009835124,0.00058772601967025,0.0011754520393405,
0.00176317805901075,0.002350904078681,0.0035263561180215,0.004701808157362,
0.00587726019670249,0.007052712236043,0.00940361631472399,0.011754520393405,
0.014105424472086,0.0152808765114265,0.016456328550767,0.0170440545704373,
0.0176317805901075,0.0182195066097778,0.0185133696196128,0.018807232629448),
 .UNSPECIFIED.);
#74=B_SPLINE_CURVE_WITH_KNOTS('',3,(#5350,#5351,#5352,#5353),
 .UNSPECIFIED.,.F.,.F.,(4,4),(0.,1.),.UNSPECIFIED.);
#75=B_SPLINE_CURVE_WITH_KNOTS('',3,(#5442,#5443,#5444,#5445,#5446,#5447,
#5448,#5449,#5450,#5451,#5452,#5453,#5454,#5455,#5456,#5457,#5458,#5459,
#5460,#5461,#5462,#5463),.UNSPECIFIED.,.F.,.F.,(4,1,1,1,1,1,1,1,1,1,1,1,
1,1,1,1,1,1,1,4),(0.,0.000587691591218409,0.00117538318243682,0.00176307477365523,
0.00235076636487364,0.00293845795609204,0.00352614954731046,0.00470153272974727,
0.00587691591218409,0.00705229909462091,0.00940306545949454,0.0117538318243682,
0.0141045981892418,0.0152799813716786,0.0164553645541155,0.0170430561453338,
0.0176307477365523,0.0182184393277707,0.0185122851233799,0.0188061309189891),
 .UNSPECIFIED.);
#76=B_SPLINE_CURVE_WITH_KNOTS('',3,(#5717,#5718,#5719,#5720,#5721),
 .UNSPECIFIED.,.F.,.F.,(4,1,4),(0.,0.00117485522619822,0.00234971045239644),
 .UNSPECIFIED.);
#77=B_SPLINE_CURVE_WITH_KNOTS('',3,(#5726,#5727,#5728,#5729,#5730),
 .UNSPECIFIED.,.F.,.F.,(4,1,4),(0.,0.00120353590270377,0.00240707180540754),
 .UNSPECIFIED.);
#78=B_SPLINE_CURVE_WITH_KNOTS('',3,(#5734,#5735,#5736,#5737,#5738),
 .UNSPECIFIED.,.F.,.F.,(4,1,4),(1.94618743311508E-20,0.00128010195717297,
0.00256020391434595),.UNSPECIFIED.);
#79=B_SPLINE_CURVE_WITH_KNOTS('',3,(#5743,#5744,#5745,#5746,#5747),
 .UNSPECIFIED.,.F.,.F.,(4,1,4),(0.,0.00121276459247682,0.00242552918495365),
 .UNSPECIFIED.);
#80=B_SPLINE_CURVE_WITH_KNOTS('',3,(#5751,#5752,#5753,#5754,#5755),
 .UNSPECIFIED.,.F.,.F.,(4,1,4),(0.,0.00117485522619822,0.00234971045239644),
 .UNSPECIFIED.);
#81=B_SPLINE_CURVE_WITH_KNOTS('',3,(#5760,#5761,#5762,#5763,#5764),
 .UNSPECIFIED.,.F.,.F.,(4,1,4),(0.,0.00120353590270377,0.00240707180540754),
 .UNSPECIFIED.);
#82=B_SPLINE_CURVE_WITH_KNOTS('',3,(#5768,#5769,#5770,#5771,#5772),
 .UNSPECIFIED.,.F.,.F.,(4,1,4),(0.,0.00128010195717297,0.00256020391434595),
 .UNSPECIFIED.);
#83=B_SPLINE_CURVE_WITH_KNOTS('',3,(#5777,#5778,#5779,#5780,#5781),
 .UNSPECIFIED.,.F.,.F.,(4,1,4),(0.,0.00121276459247682,0.00242552918495365),
 .UNSPECIFIED.);
#84=B_SPLINE_CURVE_WITH_KNOTS('',3,(#5785,#5786,#5787,#5788,#5789),
 .UNSPECIFIED.,.F.,.F.,(4,1,4),(0.,0.00117485522619822,0.00234971045239644),
 .UNSPECIFIED.);
#85=B_SPLINE_CURVE_WITH_KNOTS('',3,(#5794,#5795,#5796,#5797,#5798),
 .UNSPECIFIED.,.F.,.F.,(4,1,4),(0.,0.00120353590270377,0.00240707180540754),
 .UNSPECIFIED.);
#86=B_SPLINE_CURVE_WITH_KNOTS('',3,(#5802,#5803,#5804,#5805,#5806),
 .UNSPECIFIED.,.F.,.F.,(4,1,4),(5.90617711904863E-21,0.00128010195717297,
0.00256020391434594),.UNSPECIFIED.);
#87=B_SPLINE_CURVE_WITH_KNOTS('',3,(#5811,#5812,#5813,#5814,#5815),
 .UNSPECIFIED.,.F.,.F.,(4,1,4),(0.,0.00121276459247682,0.00242552918495365),
 .UNSPECIFIED.);
#88=B_SPLINE_CURVE_WITH_KNOTS('',3,(#5819,#5820,#5821,#5822,#5823),
 .UNSPECIFIED.,.F.,.F.,(4,1,4),(0.,0.00117485522619822,0.00234971045239644),
 .UNSPECIFIED.);
#89=B_SPLINE_CURVE_WITH_KNOTS('',3,(#5828,#5829,#5830,#5831,#5832),
 .UNSPECIFIED.,.F.,.F.,(4,1,4),(0.,0.00120353590270377,0.00240707180540754),
 .UNSPECIFIED.);
#90=B_SPLINE_CURVE_WITH_KNOTS('',3,(#5847,#5848,#5849,#5850,#5851),
 .UNSPECIFIED.,.F.,.F.,(4,1,4),(2.41321125658554E-22,0.00128010195717298,
0.00256020391434595),.UNSPECIFIED.);
#91=B_SPLINE_CURVE_WITH_KNOTS('',3,(#5965,#5966,#5967,#5968,#5969),
 .UNSPECIFIED.,.F.,.F.,(4,1,4),(0.,0.00121276459247682,0.00242552918495365),
 .UNSPECIFIED.);
#92=DRAUGHTING_PRE_DEFINED_COLOUR('white');
#93=SHAPE_REPRESENTATION_RELATIONSHIP('','',#3617,#95);
#94=SHAPE_REPRESENTATION_RELATIONSHIP('','',#3618,#96);
#95=ADVANCED_BREP_SHAPE_REPRESENTATION('',(#3613),#6264);
#96=ADVANCED_BREP_SHAPE_REPRESENTATION('',(#3614),#6265);
#97=CONICAL_SURFACE('',#3648,0.0056,0.785398163397446);
#98=CONICAL_SURFACE('',#3651,0.0056,0.785398163397446);
#99=CONICAL_SURFACE('',#3999,0.0022,0.982793723247332);
#100=CIRCLE('',#3623,0.00150000000000058);
#101=CIRCLE('',#3624,0.00150000000000058);
#102=CIRCLE('',#3626,0.00150000000000021);
#103=CIRCLE('',#3627,0.00150000000000021);
#104=CIRCLE('',#3629,0.0015);
#105=CIRCLE('',#3630,0.0015);
#106=CIRCLE('',#3632,0.00150000000000043);
#107=CIRCLE('',#3633,0.00150000000000043);
#108=CIRCLE('',#3635,0.0056);
#109=CIRCLE('',#3637,0.0056);
#110=CIRCLE('',#3643,0.00265);
#111=CIRCLE('',#3645,0.0029);
#112=CIRCLE('',#3647,0.0029);
#113=CIRCLE('',#3650,0.00265);
#114=CIRCLE('',#3654,0.0015);
#115=CIRCLE('',#3655,0.00150000000000021);
#116=CIRCLE('',#3656,0.00150000000000058);
#117=CIRCLE('',#3657,0.00150000000000043);
#118=CIRCLE('',#3658,0.001);
#119=CIRCLE('',#3659,0.0079999999999997);
#120=CIRCLE('',#3660,0.001);
#121=CIRCLE('',#3661,0.0035);
#122=CIRCLE('',#3662,0.001);
#123=CIRCLE('',#3663,0.0079999999999997);
#124=CIRCLE('',#3664,0.001);
#125=CIRCLE('',#3665,0.00350000000000024);
#126=CIRCLE('',#3666,0.001);
#127=CIRCLE('',#3667,0.0079999999999997);
#128=CIRCLE('',#3668,0.001);
#129=CIRCLE('',#3669,0.0035);
#130=CIRCLE('',#3670,0.001);
#131=CIRCLE('',#3671,0.0079999999999997);
#132=CIRCLE('',#3672,0.001);
#133=CIRCLE('',#3673,0.0035);
#134=CIRCLE('',#3675,0.001);
#135=CIRCLE('',#3677,0.0079999999999997);
#136=CIRCLE('',#3679,0.001);
#137=CIRCLE('',#3681,0.0079999999999997);
#138=CIRCLE('',#3683,0.001);
#139=CIRCLE('',#3685,0.00350000000000024);
#140=CIRCLE('',#3687,0.001);
#141=CIRCLE('',#3689,0.0079999999999997);
#142=CIRCLE('',#3691,0.001);
#143=CIRCLE('',#3693,0.0079999999999997);
#144=CIRCLE('',#3695,0.001);
#145=CIRCLE('',#3697,0.0015);
#146=CIRCLE('',#3698,0.00150000000000021);
#147=CIRCLE('',#3699,0.00150000000000058);
#148=CIRCLE('',#3700,0.00150000000000043);
#149=CIRCLE('',#3701,0.0035);
#150=CIRCLE('',#3702,0.0035);
#151=CIRCLE('',#3703,0.001);
#152=CIRCLE('',#3704,0.001);
#153=CIRCLE('',#3705,0.0035);
#154=CIRCLE('',#3707,0.0075);
#155=CIRCLE('',#3708,0.015);
#156=CIRCLE('',#3712,0.0075);
#157=CIRCLE('',#3713,0.015);
#158=CIRCLE('',#3717,0.0075);
#159=CIRCLE('',#3718,0.015);
#160=CIRCLE('',#3722,0.0075);
#161=CIRCLE('',#3723,0.015);
#162=CIRCLE('',#3727,0.0075);
#163=CIRCLE('',#3728,0.015);
#164=CIRCLE('',#3732,0.0075);
#165=CIRCLE('',#3733,0.015);
#166=CIRCLE('',#3737,0.0075);
#167=CIRCLE('',#3738,0.015);
#168=CIRCLE('',#3742,0.0075);
#169=CIRCLE('',#3743,0.015);
#170=CIRCLE('',#3747,0.0075);
#171=CIRCLE('',#3748,0.015);
#172=CIRCLE('',#3752,0.0075);
#173=CIRCLE('',#3753,0.015);
#174=CIRCLE('',#3757,0.0075);
#175=CIRCLE('',#3758,0.015);
#176=CIRCLE('',#3762,0.0075);
#177=CIRCLE('',#3763,0.015);
#178=CIRCLE('',#3767,0.0167);
#179=CIRCLE('',#3768,0.0152);
#180=CIRCLE('',#3770,0.0167);
#181=CIRCLE('',#3771,0.0152);
#182=CIRCLE('',#3773,0.0167);
#183=CIRCLE('',#3774,0.0152);
#184=CIRCLE('',#3776,0.0167);
#185=CIRCLE('',#3777,0.0152);
#186=CIRCLE('',#3779,0.0167);
#187=CIRCLE('',#3780,0.0152);
#188=CIRCLE('',#3782,0.0167);
#189=CIRCLE('',#3783,0.0152);
#190=CIRCLE('',#3785,0.0167);
#191=CIRCLE('',#3786,0.0152);
#192=CIRCLE('',#3792,0.0167);
#193=CIRCLE('',#3794,0.015);
#194=CIRCLE('',#3795,0.0167);
#195=CIRCLE('',#3797,0.015);
#196=CIRCLE('',#3798,0.0167);
#197=CIRCLE('',#3800,0.015);
#198=CIRCLE('',#3801,0.0167);
#199=CIRCLE('',#3803,0.015);
#200=CIRCLE('',#3804,0.0167);
#201=CIRCLE('',#3806,0.0167);
#202=CIRCLE('',#3807,0.015);
#203=CIRCLE('',#3809,0.0152);
#204=CIRCLE('',#3810,0.0075);
#205=CIRCLE('',#3812,0.0167);
#206=CIRCLE('',#3813,0.015);
#207=CIRCLE('',#3815,0.0075);
#208=CIRCLE('',#3817,0.0167);
#209=CIRCLE('',#3818,0.015);
#210=CIRCLE('',#3820,0.0075);
#211=CIRCLE('',#3822,0.0167);
#212=CIRCLE('',#3823,0.015);
#213=CIRCLE('',#3825,0.0075);
#214=CIRCLE('',#3831,0.0075);
#215=CIRCLE('',#3834,0.0075);
#216=CIRCLE('',#3837,0.0075);
#217=CIRCLE('',#3840,0.0075);
#218=CIRCLE('',#3843,0.0075);
#219=CIRCLE('',#3844,0.0025);
#220=CIRCLE('',#3846,0.0025);
#221=CIRCLE('',#3848,0.0022);
#222=CIRCLE('',#3849,0.0025);
#223=CIRCLE('',#3851,0.0022);
#224=CIRCLE('',#3852,0.0025);
#225=CIRCLE('',#3854,0.0022);
#226=CIRCLE('',#3855,0.0025);
#227=CIRCLE('',#3857,0.0022);
#228=CIRCLE('',#3858,0.0025);
#229=CIRCLE('',#3860,0.0022);
#230=CIRCLE('',#3861,0.0025);
#231=CIRCLE('',#3863,0.0022);
#232=CIRCLE('',#3864,0.0025);
#233=CIRCLE('',#3866,0.0022);
#234=CIRCLE('',#3867,0.0025);
#235=CIRCLE('',#3869,0.0022);
#236=CIRCLE('',#3870,0.0025);
#237=CIRCLE('',#3872,0.0022);
#238=CIRCLE('',#3873,0.0025);
#239=CIRCLE('',#3875,0.0022);
#240=CIRCLE('',#3876,0.0025);
#241=CIRCLE('',#3878,0.0022);
#242=CIRCLE('',#3879,0.0025);
#243=CIRCLE('',#3881,0.0022);
#244=CIRCLE('',#3882,0.0025);
#245=CIRCLE('',#3884,0.0022);
#246=CIRCLE('',#3885,0.0025);
#247=CIRCLE('',#3887,0.0022);
#248=CIRCLE('',#3888,0.0025);
#249=CIRCLE('',#3890,0.0022);
#250=CIRCLE('',#3891,0.0025);
#251=CIRCLE('',#3893,0.0022);
#252=CIRCLE('',#3894,0.0025);
#253=CIRCLE('',#3896,0.0022);
#254=CIRCLE('',#3897,0.0025);
#255=CIRCLE('',#3899,0.0022);
#256=CIRCLE('',#3900,0.0025);
#257=CIRCLE('',#3902,0.0022);
#258=CIRCLE('',#3903,0.0025);
#259=CIRCLE('',#3905,0.0022);
#260=CIRCLE('',#3906,0.0025);
#261=CIRCLE('',#3908,0.0022);
#262=CIRCLE('',#3909,0.0025);
#263=CIRCLE('',#3911,0.0022);
#264=CIRCLE('',#3912,0.0025);
#265=CIRCLE('',#3914,0.0022);
#266=CIRCLE('',#3915,0.0025);
#267=CIRCLE('',#3917,0.015);
#268=CIRCLE('',#3918,0.0075);
#269=CIRCLE('',#3919,0.015);
#270=CIRCLE('',#3922,0.015);
#271=CIRCLE('',#3923,0.0075);
#272=CIRCLE('',#3924,0.015);
#273=CIRCLE('',#3927,0.015);
#274=CIRCLE('',#3928,0.0075);
#275=CIRCLE('',#3929,0.015);
#276=CIRCLE('',#3932,0.015);
#277=CIRCLE('',#3933,0.0075);
#278=CIRCLE('',#3934,0.015);
#279=CIRCLE('',#3937,0.0075);
#280=CIRCLE('',#3938,0.015);
#281=CIRCLE('',#3940,0.0075);
#282=CIRCLE('',#3941,0.015);
#283=CIRCLE('',#3943,0.0075);
#284=CIRCLE('',#3944,0.015);
#285=CIRCLE('',#3946,0.0075);
#286=CIRCLE('',#3947,0.015);
#287=CIRCLE('',#3949,0.0075);
#288=CIRCLE('',#3950,0.015);
#289=CIRCLE('',#3952,0.0075);
#290=CIRCLE('',#3953,0.015);
#291=CIRCLE('',#3955,0.0075);
#292=CIRCLE('',#3956,0.015);
#293=CIRCLE('',#3958,0.0075);
#294=CIRCLE('',#3959,0.015);
#295=CIRCLE('',#3961,0.0075);
#296=CIRCLE('',#3962,0.015);
#297=CIRCLE('',#3964,0.0075);
#298=CIRCLE('',#3965,0.015);
#299=CIRCLE('',#3967,0.0075);
#300=CIRCLE('',#3968,0.015);
#301=CIRCLE('',#3970,0.015);
#302=CIRCLE('',#3971,0.0075);
#303=CIRCLE('',#3976,0.0022);
#304=CIRCLE('',#4000,0.0025);
#305=CIRCLE('',#4003,0.0167);
#306=CYLINDRICAL_SURFACE('',#3622,0.00150000000000058);
#307=CYLINDRICAL_SURFACE('',#3625,0.00150000000000021);
#308=CYLINDRICAL_SURFACE('',#3628,0.0015);
#309=CYLINDRICAL_SURFACE('',#3631,0.00150000000000043);
#310=CYLINDRICAL_SURFACE('',#3646,0.0029);
#311=CYLINDRICAL_SURFACE('',#3649,0.00265);
#312=CYLINDRICAL_SURFACE('',#3674,0.001);
#313=CYLINDRICAL_SURFACE('',#3676,0.0079999999999997);
#314=CYLINDRICAL_SURFACE('',#3678,0.001);
#315=CYLINDRICAL_SURFACE('',#3680,0.0079999999999997);
#316=CYLINDRICAL_SURFACE('',#3682,0.001);
#317=CYLINDRICAL_SURFACE('',#3684,0.00350000000000024);
#318=CYLINDRICAL_SURFACE('',#3686,0.001);
#319=CYLINDRICAL_SURFACE('',#3688,0.0079999999999997);
#320=CYLINDRICAL_SURFACE('',#3690,0.001);
#321=CYLINDRICAL_SURFACE('',#3692,0.0079999999999997);
#322=CYLINDRICAL_SURFACE('',#3694,0.001);
#323=CYLINDRICAL_SURFACE('',#3972,0.0075);
#324=CYLINDRICAL_SURFACE('',#3973,0.015);
#325=CYLINDRICAL_SURFACE('',#3974,0.0025);
#326=CYLINDRICAL_SURFACE('',#3975,0.0022);
#327=CYLINDRICAL_SURFACE('',#3977,0.0022);
#328=CYLINDRICAL_SURFACE('',#3978,0.0025);
#329=CYLINDRICAL_SURFACE('',#3979,0.0022);
#330=CYLINDRICAL_SURFACE('',#3980,0.0025);
#331=CYLINDRICAL_SURFACE('',#3981,0.0022);
#332=CYLINDRICAL_SURFACE('',#3982,0.0025);
#333=CYLINDRICAL_SURFACE('',#3983,0.0022);
#334=CYLINDRICAL_SURFACE('',#3984,0.0025);
#335=CYLINDRICAL_SURFACE('',#3985,0.0022);
#336=CYLINDRICAL_SURFACE('',#3986,0.0025);
#337=CYLINDRICAL_SURFACE('',#3987,0.0022);
#338=CYLINDRICAL_SURFACE('',#3988,0.0025);
#339=CYLINDRICAL_SURFACE('',#3989,0.0022);
#340=CYLINDRICAL_SURFACE('',#3990,0.0025);
#341=CYLINDRICAL_SURFACE('',#3991,0.0022);
#342=CYLINDRICAL_SURFACE('',#3992,0.0025);
#343=CYLINDRICAL_SURFACE('',#3993,0.0022);
#344=CYLINDRICAL_SURFACE('',#3994,0.0025);
#345=CYLINDRICAL_SURFACE('',#3995,0.0022);
#346=CYLINDRICAL_SURFACE('',#3996,0.0025);
#347=CYLINDRICAL_SURFACE('',#3997,0.0022);
#348=CYLINDRICAL_SURFACE('',#3998,0.0025);
#349=CYLINDRICAL_SURFACE('',#4001,0.0025);
#350=CYLINDRICAL_SURFACE('',#4002,0.0167);
#351=CYLINDRICAL_SURFACE('',#4005,0.0015);
#352=CYLINDRICAL_SURFACE('',#4006,0.00150000000000021);
#353=CYLINDRICAL_SURFACE('',#4007,0.00150000000000058);
#354=CYLINDRICAL_SURFACE('',#4008,0.00150000000000043);
#355=CYLINDRICAL_SURFACE('',#4009,0.0035);
#356=CYLINDRICAL_SURFACE('',#4010,0.0035);
#357=CYLINDRICAL_SURFACE('',#4011,0.001);
#358=CYLINDRICAL_SURFACE('',#4012,0.001);
#359=CYLINDRICAL_SURFACE('',#4013,0.0035);
#360=ORIENTED_EDGE('',*,*,#1240,.F.);
#361=ORIENTED_EDGE('',*,*,#1241,.T.);
#362=ORIENTED_EDGE('',*,*,#1242,.T.);
#363=ORIENTED_EDGE('',*,*,#1243,.T.);
#364=ORIENTED_EDGE('',*,*,#1244,.F.);
#365=ORIENTED_EDGE('',*,*,#1245,.T.);
#366=ORIENTED_EDGE('',*,*,#1246,.F.);
#367=ORIENTED_EDGE('',*,*,#1247,.F.);
#368=ORIENTED_EDGE('',*,*,#1248,.T.);
#369=ORIENTED_EDGE('',*,*,#1249,.T.);
#370=ORIENTED_EDGE('',*,*,#1250,.F.);
#371=ORIENTED_EDGE('',*,*,#1242,.F.);
#372=ORIENTED_EDGE('',*,*,#1251,.T.);
#373=ORIENTED_EDGE('',*,*,#1252,.F.);
#374=ORIENTED_EDGE('',*,*,#1253,.T.);
#375=ORIENTED_EDGE('',*,*,#1254,.F.);
#376=ORIENTED_EDGE('',*,*,#1255,.T.);
#377=ORIENTED_EDGE('',*,*,#1256,.F.);
#378=ORIENTED_EDGE('',*,*,#1257,.T.);
#379=ORIENTED_EDGE('',*,*,#1258,.F.);
#380=ORIENTED_EDGE('',*,*,#1259,.T.);
#381=ORIENTED_EDGE('',*,*,#1260,.F.);
#382=ORIENTED_EDGE('',*,*,#1248,.F.);
#383=ORIENTED_EDGE('',*,*,#1261,.T.);
#384=ORIENTED_EDGE('',*,*,#1262,.T.);
#385=ORIENTED_EDGE('',*,*,#1263,.T.);
#386=ORIENTED_EDGE('',*,*,#1264,.T.);
#387=ORIENTED_EDGE('',*,*,#1265,.F.);
#388=ORIENTED_EDGE('',*,*,#1243,.F.);
#389=ORIENTED_EDGE('',*,*,#1250,.T.);
#390=ORIENTED_EDGE('',*,*,#1266,.F.);
#391=ORIENTED_EDGE('',*,*,#1240,.T.);
#392=ORIENTED_EDGE('',*,*,#1265,.T.);
#393=ORIENTED_EDGE('',*,*,#1267,.F.);
#394=ORIENTED_EDGE('',*,*,#1262,.F.);
#395=ORIENTED_EDGE('',*,*,#1268,.T.);
#396=ORIENTED_EDGE('',*,*,#1269,.F.);
#397=ORIENTED_EDGE('',*,*,#1270,.T.);
#398=ORIENTED_EDGE('',*,*,#1271,.F.);
#399=ORIENTED_EDGE('',*,*,#1268,.F.);
#400=ORIENTED_EDGE('',*,*,#1261,.F.);
#401=ORIENTED_EDGE('',*,*,#1247,.T.);
#402=ORIENTED_EDGE('',*,*,#1260,.T.);
#403=ORIENTED_EDGE('',*,*,#1267,.T.);
#404=ORIENTED_EDGE('',*,*,#1264,.F.);
#405=ORIENTED_EDGE('',*,*,#1249,.F.);
#406=ORIENTED_EDGE('',*,*,#1255,.F.);
#407=ORIENTED_EDGE('',*,*,#1253,.F.);
#408=ORIENTED_EDGE('',*,*,#1251,.F.);
#409=ORIENTED_EDGE('',*,*,#1257,.F.);
#410=ORIENTED_EDGE('',*,*,#1272,.T.);
#411=ORIENTED_EDGE('',*,*,#1245,.F.);
#412=ORIENTED_EDGE('',*,*,#1273,.F.);
#413=ORIENTED_EDGE('',*,*,#1270,.F.);
#414=ORIENTED_EDGE('',*,*,#1258,.T.);
#415=ORIENTED_EDGE('',*,*,#1256,.T.);
#416=ORIENTED_EDGE('',*,*,#1254,.T.);
#417=ORIENTED_EDGE('',*,*,#1252,.T.);
#418=ORIENTED_EDGE('',*,*,#1274,.F.);
#419=ORIENTED_EDGE('',*,*,#1266,.T.);
#420=ORIENTED_EDGE('',*,*,#1273,.T.);
#421=ORIENTED_EDGE('',*,*,#1244,.T.);
#422=ORIENTED_EDGE('',*,*,#1241,.F.);
#423=ORIENTED_EDGE('',*,*,#1275,.F.);
#424=ORIENTED_EDGE('',*,*,#1269,.T.);
#425=ORIENTED_EDGE('',*,*,#1271,.T.);
#426=ORIENTED_EDGE('',*,*,#1246,.T.);
#427=ORIENTED_EDGE('',*,*,#1272,.F.);
#428=ORIENTED_EDGE('',*,*,#1276,.F.);
#429=ORIENTED_EDGE('',*,*,#1275,.T.);
#430=ORIENTED_EDGE('',*,*,#1276,.T.);
#431=ORIENTED_EDGE('',*,*,#1259,.F.);
#432=ORIENTED_EDGE('',*,*,#1277,.F.);
#433=ORIENTED_EDGE('',*,*,#1274,.T.);
#434=ORIENTED_EDGE('',*,*,#1277,.T.);
#435=ORIENTED_EDGE('',*,*,#1263,.F.);
#436=ORIENTED_EDGE('',*,*,#1278,.F.);
#437=ORIENTED_EDGE('',*,*,#1279,.F.);
#438=ORIENTED_EDGE('',*,*,#1280,.F.);
#439=ORIENTED_EDGE('',*,*,#1281,.F.);
#440=ORIENTED_EDGE('',*,*,#1282,.F.);
#441=ORIENTED_EDGE('',*,*,#1283,.T.);
#442=ORIENTED_EDGE('',*,*,#1284,.T.);
#443=ORIENTED_EDGE('',*,*,#1285,.T.);
#444=ORIENTED_EDGE('',*,*,#1286,.T.);
#445=ORIENTED_EDGE('',*,*,#1287,.T.);
#446=ORIENTED_EDGE('',*,*,#1288,.T.);
#447=ORIENTED_EDGE('',*,*,#1289,.T.);
#448=ORIENTED_EDGE('',*,*,#1290,.T.);
#449=ORIENTED_EDGE('',*,*,#1291,.T.);
#450=ORIENTED_EDGE('',*,*,#1292,.F.);
#451=ORIENTED_EDGE('',*,*,#1293,.T.);
#452=ORIENTED_EDGE('',*,*,#1294,.F.);
#453=ORIENTED_EDGE('',*,*,#1295,.T.);
#454=ORIENTED_EDGE('',*,*,#1296,.T.);
#455=ORIENTED_EDGE('',*,*,#1297,.T.);
#456=ORIENTED_EDGE('',*,*,#1298,.T.);
#457=ORIENTED_EDGE('',*,*,#1299,.T.);
#458=ORIENTED_EDGE('',*,*,#1300,.F.);
#459=ORIENTED_EDGE('',*,*,#1301,.F.);
#460=ORIENTED_EDGE('',*,*,#1282,.T.);
#461=ORIENTED_EDGE('',*,*,#1302,.T.);
#462=ORIENTED_EDGE('',*,*,#1303,.T.);
#463=ORIENTED_EDGE('',*,*,#1304,.F.);
#464=ORIENTED_EDGE('',*,*,#1283,.F.);
#465=ORIENTED_EDGE('',*,*,#1301,.T.);
#466=ORIENTED_EDGE('',*,*,#1305,.T.);
#467=ORIENTED_EDGE('',*,*,#1306,.F.);
#468=ORIENTED_EDGE('',*,*,#1284,.F.);
#469=ORIENTED_EDGE('',*,*,#1304,.T.);
#470=ORIENTED_EDGE('',*,*,#1307,.T.);
#471=ORIENTED_EDGE('',*,*,#1308,.F.);
#472=ORIENTED_EDGE('',*,*,#1287,.F.);
#473=ORIENTED_EDGE('',*,*,#1309,.T.);
#474=ORIENTED_EDGE('',*,*,#1310,.T.);
#475=ORIENTED_EDGE('',*,*,#1311,.F.);
#476=ORIENTED_EDGE('',*,*,#1288,.F.);
#477=ORIENTED_EDGE('',*,*,#1308,.T.);
#478=ORIENTED_EDGE('',*,*,#1312,.T.);
#479=ORIENTED_EDGE('',*,*,#1313,.F.);
#480=ORIENTED_EDGE('',*,*,#1289,.F.);
#481=ORIENTED_EDGE('',*,*,#1311,.T.);
#482=ORIENTED_EDGE('',*,*,#1314,.T.);
#483=ORIENTED_EDGE('',*,*,#1315,.F.);
#484=ORIENTED_EDGE('',*,*,#1290,.F.);
#485=ORIENTED_EDGE('',*,*,#1313,.T.);
#486=ORIENTED_EDGE('',*,*,#1316,.T.);
#487=ORIENTED_EDGE('',*,*,#1317,.F.);
#488=ORIENTED_EDGE('',*,*,#1291,.F.);
#489=ORIENTED_EDGE('',*,*,#1315,.T.);
#490=ORIENTED_EDGE('',*,*,#1318,.F.);
#491=ORIENTED_EDGE('',*,*,#1319,.F.);
#492=ORIENTED_EDGE('',*,*,#1294,.T.);
#493=ORIENTED_EDGE('',*,*,#1320,.T.);
#494=ORIENTED_EDGE('',*,*,#1321,.T.);
#495=ORIENTED_EDGE('',*,*,#1322,.F.);
#496=ORIENTED_EDGE('',*,*,#1295,.F.);
#497=ORIENTED_EDGE('',*,*,#1319,.T.);
#498=ORIENTED_EDGE('',*,*,#1323,.T.);
#499=ORIENTED_EDGE('',*,*,#1324,.F.);
#500=ORIENTED_EDGE('',*,*,#1296,.F.);
#501=ORIENTED_EDGE('',*,*,#1322,.T.);
#502=ORIENTED_EDGE('',*,*,#1325,.T.);
#503=ORIENTED_EDGE('',*,*,#1326,.T.);
#504=ORIENTED_EDGE('',*,*,#1327,.T.);
#505=ORIENTED_EDGE('',*,*,#1328,.T.);
#506=ORIENTED_EDGE('',*,*,#1300,.T.);
#507=ORIENTED_EDGE('',*,*,#1329,.F.);
#508=ORIENTED_EDGE('',*,*,#1323,.F.);
#509=ORIENTED_EDGE('',*,*,#1321,.F.);
#510=ORIENTED_EDGE('',*,*,#1318,.T.);
#511=ORIENTED_EDGE('',*,*,#1330,.F.);
#512=ORIENTED_EDGE('',*,*,#1331,.T.);
#513=ORIENTED_EDGE('',*,*,#1316,.F.);
#514=ORIENTED_EDGE('',*,*,#1314,.F.);
#515=ORIENTED_EDGE('',*,*,#1312,.F.);
#516=ORIENTED_EDGE('',*,*,#1310,.F.);
#517=ORIENTED_EDGE('',*,*,#1307,.F.);
#518=ORIENTED_EDGE('',*,*,#1332,.F.);
#519=ORIENTED_EDGE('',*,*,#1333,.F.);
#520=ORIENTED_EDGE('',*,*,#1305,.F.);
#521=ORIENTED_EDGE('',*,*,#1303,.F.);
#522=ORIENTED_EDGE('',*,*,#1334,.T.);
#523=ORIENTED_EDGE('',*,*,#1335,.T.);
#524=ORIENTED_EDGE('',*,*,#1299,.F.);
#525=ORIENTED_EDGE('',*,*,#1336,.F.);
#526=ORIENTED_EDGE('',*,*,#1337,.T.);
#527=ORIENTED_EDGE('',*,*,#1336,.T.);
#528=ORIENTED_EDGE('',*,*,#1298,.F.);
#529=ORIENTED_EDGE('',*,*,#1335,.F.);
#530=ORIENTED_EDGE('',*,*,#1338,.T.);
#531=ORIENTED_EDGE('',*,*,#1339,.T.);
#532=ORIENTED_EDGE('',*,*,#1340,.T.);
#533=ORIENTED_EDGE('',*,*,#1341,.T.);
#534=ORIENTED_EDGE('',*,*,#1342,.T.);
#535=ORIENTED_EDGE('',*,*,#1343,.F.);
#536=ORIENTED_EDGE('',*,*,#1341,.F.);
#537=ORIENTED_EDGE('',*,*,#1344,.T.);
#538=ORIENTED_EDGE('',*,*,#1345,.T.);
#539=ORIENTED_EDGE('',*,*,#1346,.F.);
#540=ORIENTED_EDGE('',*,*,#1339,.F.);
#541=ORIENTED_EDGE('',*,*,#1347,.T.);
#542=ORIENTED_EDGE('',*,*,#1348,.T.);
#543=ORIENTED_EDGE('',*,*,#1349,.T.);
#544=ORIENTED_EDGE('',*,*,#1350,.T.);
#545=ORIENTED_EDGE('',*,*,#1351,.T.);
#546=ORIENTED_EDGE('',*,*,#1352,.T.);
#547=ORIENTED_EDGE('',*,*,#1353,.F.);
#548=ORIENTED_EDGE('',*,*,#1351,.F.);
#549=ORIENTED_EDGE('',*,*,#1354,.T.);
#550=ORIENTED_EDGE('',*,*,#1355,.T.);
#551=ORIENTED_EDGE('',*,*,#1356,.F.);
#552=ORIENTED_EDGE('',*,*,#1349,.F.);
#553=ORIENTED_EDGE('',*,*,#1357,.T.);
#554=ORIENTED_EDGE('',*,*,#1358,.T.);
#555=ORIENTED_EDGE('',*,*,#1359,.T.);
#556=ORIENTED_EDGE('',*,*,#1360,.T.);
#557=ORIENTED_EDGE('',*,*,#1361,.T.);
#558=ORIENTED_EDGE('',*,*,#1362,.T.);
#559=ORIENTED_EDGE('',*,*,#1363,.F.);
#560=ORIENTED_EDGE('',*,*,#1361,.F.);
#561=ORIENTED_EDGE('',*,*,#1364,.T.);
#562=ORIENTED_EDGE('',*,*,#1365,.T.);
#563=ORIENTED_EDGE('',*,*,#1366,.F.);
#564=ORIENTED_EDGE('',*,*,#1359,.F.);
#565=ORIENTED_EDGE('',*,*,#1367,.T.);
#566=ORIENTED_EDGE('',*,*,#1368,.T.);
#567=ORIENTED_EDGE('',*,*,#1369,.T.);
#568=ORIENTED_EDGE('',*,*,#1370,.T.);
#569=ORIENTED_EDGE('',*,*,#1371,.T.);
#570=ORIENTED_EDGE('',*,*,#1372,.T.);
#571=ORIENTED_EDGE('',*,*,#1373,.F.);
#572=ORIENTED_EDGE('',*,*,#1371,.F.);
#573=ORIENTED_EDGE('',*,*,#1374,.T.);
#574=ORIENTED_EDGE('',*,*,#1375,.T.);
#575=ORIENTED_EDGE('',*,*,#1376,.F.);
#576=ORIENTED_EDGE('',*,*,#1369,.F.);
#577=ORIENTED_EDGE('',*,*,#1377,.T.);
#578=ORIENTED_EDGE('',*,*,#1378,.T.);
#579=ORIENTED_EDGE('',*,*,#1379,.T.);
#580=ORIENTED_EDGE('',*,*,#1380,.T.);
#581=ORIENTED_EDGE('',*,*,#1381,.T.);
#582=ORIENTED_EDGE('',*,*,#1382,.T.);
#583=ORIENTED_EDGE('',*,*,#1383,.F.);
#584=ORIENTED_EDGE('',*,*,#1381,.F.);
#585=ORIENTED_EDGE('',*,*,#1384,.T.);
#586=ORIENTED_EDGE('',*,*,#1385,.T.);
#587=ORIENTED_EDGE('',*,*,#1386,.F.);
#588=ORIENTED_EDGE('',*,*,#1379,.F.);
#589=ORIENTED_EDGE('',*,*,#1387,.T.);
#590=ORIENTED_EDGE('',*,*,#1388,.T.);
#591=ORIENTED_EDGE('',*,*,#1389,.T.);
#592=ORIENTED_EDGE('',*,*,#1390,.T.);
#593=ORIENTED_EDGE('',*,*,#1391,.T.);
#594=ORIENTED_EDGE('',*,*,#1392,.T.);
#595=ORIENTED_EDGE('',*,*,#1393,.F.);
#596=ORIENTED_EDGE('',*,*,#1388,.F.);
#597=ORIENTED_EDGE('',*,*,#1394,.T.);
#598=ORIENTED_EDGE('',*,*,#1395,.T.);
#599=ORIENTED_EDGE('',*,*,#1396,.F.);
#600=ORIENTED_EDGE('',*,*,#1390,.F.);
#601=ORIENTED_EDGE('',*,*,#1397,.T.);
#602=ORIENTED_EDGE('',*,*,#1398,.T.);
#603=ORIENTED_EDGE('',*,*,#1399,.T.);
#604=ORIENTED_EDGE('',*,*,#1400,.T.);
#605=ORIENTED_EDGE('',*,*,#1401,.T.);
#606=ORIENTED_EDGE('',*,*,#1402,.T.);
#607=ORIENTED_EDGE('',*,*,#1403,.F.);
#608=ORIENTED_EDGE('',*,*,#1401,.F.);
#609=ORIENTED_EDGE('',*,*,#1404,.T.);
#610=ORIENTED_EDGE('',*,*,#1405,.T.);
#611=ORIENTED_EDGE('',*,*,#1406,.F.);
#612=ORIENTED_EDGE('',*,*,#1399,.F.);
#613=ORIENTED_EDGE('',*,*,#1407,.T.);
#614=ORIENTED_EDGE('',*,*,#1408,.T.);
#615=ORIENTED_EDGE('',*,*,#1409,.T.);
#616=ORIENTED_EDGE('',*,*,#1410,.T.);
#617=ORIENTED_EDGE('',*,*,#1411,.T.);
#618=ORIENTED_EDGE('',*,*,#1412,.T.);
#619=ORIENTED_EDGE('',*,*,#1413,.F.);
#620=ORIENTED_EDGE('',*,*,#1411,.F.);
#621=ORIENTED_EDGE('',*,*,#1414,.T.);
#622=ORIENTED_EDGE('',*,*,#1415,.T.);
#623=ORIENTED_EDGE('',*,*,#1416,.F.);
#624=ORIENTED_EDGE('',*,*,#1409,.F.);
#625=ORIENTED_EDGE('',*,*,#1417,.T.);
#626=ORIENTED_EDGE('',*,*,#1418,.T.);
#627=ORIENTED_EDGE('',*,*,#1419,.T.);
#628=ORIENTED_EDGE('',*,*,#1420,.T.);
#629=ORIENTED_EDGE('',*,*,#1421,.T.);
#630=ORIENTED_EDGE('',*,*,#1422,.T.);
#631=ORIENTED_EDGE('',*,*,#1423,.F.);
#632=ORIENTED_EDGE('',*,*,#1421,.F.);
#633=ORIENTED_EDGE('',*,*,#1424,.T.);
#634=ORIENTED_EDGE('',*,*,#1425,.T.);
#635=ORIENTED_EDGE('',*,*,#1426,.F.);
#636=ORIENTED_EDGE('',*,*,#1419,.F.);
#637=ORIENTED_EDGE('',*,*,#1427,.T.);
#638=ORIENTED_EDGE('',*,*,#1428,.T.);
#639=ORIENTED_EDGE('',*,*,#1429,.T.);
#640=ORIENTED_EDGE('',*,*,#1430,.T.);
#641=ORIENTED_EDGE('',*,*,#1431,.T.);
#642=ORIENTED_EDGE('',*,*,#1432,.T.);
#643=ORIENTED_EDGE('',*,*,#1433,.F.);
#644=ORIENTED_EDGE('',*,*,#1431,.F.);
#645=ORIENTED_EDGE('',*,*,#1434,.T.);
#646=ORIENTED_EDGE('',*,*,#1435,.T.);
#647=ORIENTED_EDGE('',*,*,#1436,.F.);
#648=ORIENTED_EDGE('',*,*,#1429,.F.);
#649=ORIENTED_EDGE('',*,*,#1437,.T.);
#650=ORIENTED_EDGE('',*,*,#1438,.T.);
#651=ORIENTED_EDGE('',*,*,#1439,.T.);
#652=ORIENTED_EDGE('',*,*,#1440,.T.);
#653=ORIENTED_EDGE('',*,*,#1441,.T.);
#654=ORIENTED_EDGE('',*,*,#1442,.T.);
#655=ORIENTED_EDGE('',*,*,#1443,.F.);
#656=ORIENTED_EDGE('',*,*,#1441,.F.);
#657=ORIENTED_EDGE('',*,*,#1444,.T.);
#658=ORIENTED_EDGE('',*,*,#1445,.T.);
#659=ORIENTED_EDGE('',*,*,#1446,.F.);
#660=ORIENTED_EDGE('',*,*,#1439,.F.);
#661=ORIENTED_EDGE('',*,*,#1447,.T.);
#662=ORIENTED_EDGE('',*,*,#1448,.T.);
#663=ORIENTED_EDGE('',*,*,#1449,.T.);
#664=ORIENTED_EDGE('',*,*,#1450,.T.);
#665=ORIENTED_EDGE('',*,*,#1451,.T.);
#666=ORIENTED_EDGE('',*,*,#1452,.T.);
#667=ORIENTED_EDGE('',*,*,#1453,.F.);
#668=ORIENTED_EDGE('',*,*,#1451,.F.);
#669=ORIENTED_EDGE('',*,*,#1454,.T.);
#670=ORIENTED_EDGE('',*,*,#1455,.T.);
#671=ORIENTED_EDGE('',*,*,#1456,.F.);
#672=ORIENTED_EDGE('',*,*,#1449,.F.);
#673=ORIENTED_EDGE('',*,*,#1457,.T.);
#674=ORIENTED_EDGE('',*,*,#1458,.F.);
#675=ORIENTED_EDGE('',*,*,#1459,.F.);
#676=ORIENTED_EDGE('',*,*,#1460,.F.);
#677=ORIENTED_EDGE('',*,*,#1461,.F.);
#678=ORIENTED_EDGE('',*,*,#1462,.F.);
#679=ORIENTED_EDGE('',*,*,#1463,.F.);
#680=ORIENTED_EDGE('',*,*,#1464,.F.);
#681=ORIENTED_EDGE('',*,*,#1465,.F.);
#682=ORIENTED_EDGE('',*,*,#1466,.F.);
#683=ORIENTED_EDGE('',*,*,#1467,.F.);
#684=ORIENTED_EDGE('',*,*,#1468,.F.);
#685=ORIENTED_EDGE('',*,*,#1469,.F.);
#686=ORIENTED_EDGE('',*,*,#1470,.F.);
#687=ORIENTED_EDGE('',*,*,#1471,.F.);
#688=ORIENTED_EDGE('',*,*,#1472,.F.);
#689=ORIENTED_EDGE('',*,*,#1473,.F.);
#690=ORIENTED_EDGE('',*,*,#1474,.F.);
#691=ORIENTED_EDGE('',*,*,#1475,.F.);
#692=ORIENTED_EDGE('',*,*,#1476,.F.);
#693=ORIENTED_EDGE('',*,*,#1477,.F.);
#694=ORIENTED_EDGE('',*,*,#1478,.F.);
#695=ORIENTED_EDGE('',*,*,#1479,.F.);
#696=ORIENTED_EDGE('',*,*,#1480,.F.);
#697=ORIENTED_EDGE('',*,*,#1481,.F.);
#698=ORIENTED_EDGE('',*,*,#1482,.F.);
#699=ORIENTED_EDGE('',*,*,#1483,.F.);
#700=ORIENTED_EDGE('',*,*,#1484,.F.);
#701=ORIENTED_EDGE('',*,*,#1485,.F.);
#702=ORIENTED_EDGE('',*,*,#1486,.T.);
#703=ORIENTED_EDGE('',*,*,#1462,.T.);
#704=ORIENTED_EDGE('',*,*,#1487,.F.);
#705=ORIENTED_EDGE('',*,*,#1488,.T.);
#706=ORIENTED_EDGE('',*,*,#1489,.T.);
#707=ORIENTED_EDGE('',*,*,#1490,.T.);
#708=ORIENTED_EDGE('',*,*,#1491,.T.);
#709=ORIENTED_EDGE('',*,*,#1492,.F.);
#710=ORIENTED_EDGE('',*,*,#1493,.T.);
#711=ORIENTED_EDGE('',*,*,#1494,.T.);
#712=ORIENTED_EDGE('',*,*,#1495,.T.);
#713=ORIENTED_EDGE('',*,*,#1470,.T.);
#714=ORIENTED_EDGE('',*,*,#1496,.F.);
#715=ORIENTED_EDGE('',*,*,#1497,.T.);
#716=ORIENTED_EDGE('',*,*,#1498,.T.);
#717=ORIENTED_EDGE('',*,*,#1499,.T.);
#718=ORIENTED_EDGE('',*,*,#1478,.T.);
#719=ORIENTED_EDGE('',*,*,#1500,.F.);
#720=ORIENTED_EDGE('',*,*,#1501,.T.);
#721=ORIENTED_EDGE('',*,*,#1502,.T.);
#722=ORIENTED_EDGE('',*,*,#1503,.F.);
#723=ORIENTED_EDGE('',*,*,#1334,.F.);
#724=ORIENTED_EDGE('',*,*,#1337,.F.);
#725=ORIENTED_EDGE('',*,*,#1504,.F.);
#726=ORIENTED_EDGE('',*,*,#1505,.F.);
#727=ORIENTED_EDGE('',*,*,#1506,.T.);
#728=ORIENTED_EDGE('',*,*,#1490,.F.);
#729=ORIENTED_EDGE('',*,*,#1507,.F.);
#730=ORIENTED_EDGE('',*,*,#1508,.F.);
#731=ORIENTED_EDGE('',*,*,#1509,.T.);
#732=ORIENTED_EDGE('',*,*,#1486,.F.);
#733=ORIENTED_EDGE('',*,*,#1510,.F.);
#734=ORIENTED_EDGE('',*,*,#1511,.F.);
#735=ORIENTED_EDGE('',*,*,#1512,.T.);
#736=ORIENTED_EDGE('',*,*,#1499,.F.);
#737=ORIENTED_EDGE('',*,*,#1513,.F.);
#738=ORIENTED_EDGE('',*,*,#1514,.F.);
#739=ORIENTED_EDGE('',*,*,#1515,.T.);
#740=ORIENTED_EDGE('',*,*,#1495,.F.);
#741=ORIENTED_EDGE('',*,*,#1516,.T.);
#742=ORIENTED_EDGE('',*,*,#1517,.F.);
#743=ORIENTED_EDGE('',*,*,#1518,.F.);
#744=ORIENTED_EDGE('',*,*,#1519,.F.);
#745=ORIENTED_EDGE('',*,*,#1492,.T.);
#746=ORIENTED_EDGE('',*,*,#1520,.T.);
#747=ORIENTED_EDGE('',*,*,#1521,.T.);
#748=ORIENTED_EDGE('',*,*,#1522,.F.);
#749=ORIENTED_EDGE('',*,*,#1523,.T.);
#750=ORIENTED_EDGE('',*,*,#1524,.T.);
#751=ORIENTED_EDGE('',*,*,#1525,.F.);
#752=ORIENTED_EDGE('',*,*,#1526,.F.);
#753=ORIENTED_EDGE('',*,*,#1527,.F.);
#754=ORIENTED_EDGE('',*,*,#1496,.T.);
#755=ORIENTED_EDGE('',*,*,#1473,.T.);
#756=ORIENTED_EDGE('',*,*,#1528,.T.);
#757=ORIENTED_EDGE('',*,*,#1529,.F.);
#758=ORIENTED_EDGE('',*,*,#1530,.T.);
#759=ORIENTED_EDGE('',*,*,#1531,.T.);
#760=ORIENTED_EDGE('',*,*,#1532,.F.);
#761=ORIENTED_EDGE('',*,*,#1533,.F.);
#762=ORIENTED_EDGE('',*,*,#1534,.F.);
#763=ORIENTED_EDGE('',*,*,#1500,.T.);
#764=ORIENTED_EDGE('',*,*,#1481,.T.);
#765=ORIENTED_EDGE('',*,*,#1535,.T.);
#766=ORIENTED_EDGE('',*,*,#1536,.F.);
#767=ORIENTED_EDGE('',*,*,#1537,.T.);
#768=ORIENTED_EDGE('',*,*,#1538,.T.);
#769=ORIENTED_EDGE('',*,*,#1539,.F.);
#770=ORIENTED_EDGE('',*,*,#1540,.F.);
#771=ORIENTED_EDGE('',*,*,#1541,.F.);
#772=ORIENTED_EDGE('',*,*,#1487,.T.);
#773=ORIENTED_EDGE('',*,*,#1465,.T.);
#774=ORIENTED_EDGE('',*,*,#1542,.T.);
#775=ORIENTED_EDGE('',*,*,#1543,.F.);
#776=ORIENTED_EDGE('',*,*,#1544,.T.);
#777=ORIENTED_EDGE('',*,*,#1542,.F.);
#778=ORIENTED_EDGE('',*,*,#1464,.T.);
#779=ORIENTED_EDGE('',*,*,#1519,.T.);
#780=ORIENTED_EDGE('',*,*,#1545,.T.);
#781=ORIENTED_EDGE('',*,*,#1546,.T.);
#782=ORIENTED_EDGE('',*,*,#1521,.F.);
#783=ORIENTED_EDGE('',*,*,#1547,.T.);
#784=ORIENTED_EDGE('',*,*,#1527,.T.);
#785=ORIENTED_EDGE('',*,*,#1548,.T.);
#786=ORIENTED_EDGE('',*,*,#1549,.T.);
#787=ORIENTED_EDGE('',*,*,#1528,.F.);
#788=ORIENTED_EDGE('',*,*,#1472,.T.);
#789=ORIENTED_EDGE('',*,*,#1534,.T.);
#790=ORIENTED_EDGE('',*,*,#1550,.T.);
#791=ORIENTED_EDGE('',*,*,#1551,.T.);
#792=ORIENTED_EDGE('',*,*,#1535,.F.);
#793=ORIENTED_EDGE('',*,*,#1480,.T.);
#794=ORIENTED_EDGE('',*,*,#1541,.T.);
#795=ORIENTED_EDGE('',*,*,#1552,.T.);
#796=ORIENTED_EDGE('',*,*,#1553,.T.);
#797=ORIENTED_EDGE('',*,*,#1554,.T.);
#798=ORIENTED_EDGE('',*,*,#1461,.T.);
#799=ORIENTED_EDGE('',*,*,#1555,.T.);
#800=ORIENTED_EDGE('',*,*,#1556,.F.);
#801=ORIENTED_EDGE('',*,*,#1557,.T.);
#802=ORIENTED_EDGE('',*,*,#1458,.T.);
#803=ORIENTED_EDGE('',*,*,#1554,.F.);
#804=ORIENTED_EDGE('',*,*,#1558,.F.);
#805=ORIENTED_EDGE('',*,*,#1559,.T.);
#806=ORIENTED_EDGE('',*,*,#1517,.T.);
#807=ORIENTED_EDGE('',*,*,#1560,.T.);
#808=ORIENTED_EDGE('',*,*,#1469,.T.);
#809=ORIENTED_EDGE('',*,*,#1561,.T.);
#810=ORIENTED_EDGE('',*,*,#1562,.F.);
#811=ORIENTED_EDGE('',*,*,#1563,.T.);
#812=ORIENTED_EDGE('',*,*,#1466,.T.);
#813=ORIENTED_EDGE('',*,*,#1560,.F.);
#814=ORIENTED_EDGE('',*,*,#1564,.F.);
#815=ORIENTED_EDGE('',*,*,#1565,.T.);
#816=ORIENTED_EDGE('',*,*,#1525,.T.);
#817=ORIENTED_EDGE('',*,*,#1566,.T.);
#818=ORIENTED_EDGE('',*,*,#1477,.T.);
#819=ORIENTED_EDGE('',*,*,#1567,.T.);
#820=ORIENTED_EDGE('',*,*,#1568,.F.);
#821=ORIENTED_EDGE('',*,*,#1569,.T.);
#822=ORIENTED_EDGE('',*,*,#1474,.T.);
#823=ORIENTED_EDGE('',*,*,#1566,.F.);
#824=ORIENTED_EDGE('',*,*,#1570,.F.);
#825=ORIENTED_EDGE('',*,*,#1571,.T.);
#826=ORIENTED_EDGE('',*,*,#1532,.T.);
#827=ORIENTED_EDGE('',*,*,#1572,.T.);
#828=ORIENTED_EDGE('',*,*,#1485,.T.);
#829=ORIENTED_EDGE('',*,*,#1573,.T.);
#830=ORIENTED_EDGE('',*,*,#1574,.F.);
#831=ORIENTED_EDGE('',*,*,#1575,.T.);
#832=ORIENTED_EDGE('',*,*,#1482,.T.);
#833=ORIENTED_EDGE('',*,*,#1572,.F.);
#834=ORIENTED_EDGE('',*,*,#1576,.F.);
#835=ORIENTED_EDGE('',*,*,#1577,.T.);
#836=ORIENTED_EDGE('',*,*,#1539,.T.);
#837=ORIENTED_EDGE('',*,*,#1578,.T.);
#838=ORIENTED_EDGE('',*,*,#1579,.F.);
#839=ORIENTED_EDGE('',*,*,#1580,.T.);
#840=ORIENTED_EDGE('',*,*,#1581,.F.);
#841=ORIENTED_EDGE('',*,*,#1582,.T.);
#842=ORIENTED_EDGE('',*,*,#1583,.T.);
#843=ORIENTED_EDGE('',*,*,#1584,.F.);
#844=ORIENTED_EDGE('',*,*,#1585,.F.);
#845=ORIENTED_EDGE('',*,*,#1586,.T.);
#846=ORIENTED_EDGE('',*,*,#1587,.T.);
#847=ORIENTED_EDGE('',*,*,#1588,.F.);
#848=ORIENTED_EDGE('',*,*,#1589,.F.);
#849=ORIENTED_EDGE('',*,*,#1590,.T.);
#850=ORIENTED_EDGE('',*,*,#1591,.T.);
#851=ORIENTED_EDGE('',*,*,#1592,.F.);
#852=ORIENTED_EDGE('',*,*,#1593,.F.);
#853=ORIENTED_EDGE('',*,*,#1594,.T.);
#854=ORIENTED_EDGE('',*,*,#1595,.T.);
#855=ORIENTED_EDGE('',*,*,#1596,.F.);
#856=ORIENTED_EDGE('',*,*,#1597,.F.);
#857=ORIENTED_EDGE('',*,*,#1598,.T.);
#858=ORIENTED_EDGE('',*,*,#1599,.T.);
#859=ORIENTED_EDGE('',*,*,#1600,.F.);
#860=ORIENTED_EDGE('',*,*,#1601,.F.);
#861=ORIENTED_EDGE('',*,*,#1602,.T.);
#862=ORIENTED_EDGE('',*,*,#1603,.T.);
#863=ORIENTED_EDGE('',*,*,#1604,.F.);
#864=ORIENTED_EDGE('',*,*,#1605,.F.);
#865=ORIENTED_EDGE('',*,*,#1606,.T.);
#866=ORIENTED_EDGE('',*,*,#1607,.T.);
#867=ORIENTED_EDGE('',*,*,#1608,.F.);
#868=ORIENTED_EDGE('',*,*,#1609,.F.);
#869=ORIENTED_EDGE('',*,*,#1610,.T.);
#870=ORIENTED_EDGE('',*,*,#1611,.T.);
#871=ORIENTED_EDGE('',*,*,#1612,.F.);
#872=ORIENTED_EDGE('',*,*,#1613,.F.);
#873=ORIENTED_EDGE('',*,*,#1614,.T.);
#874=ORIENTED_EDGE('',*,*,#1615,.T.);
#875=ORIENTED_EDGE('',*,*,#1616,.F.);
#876=ORIENTED_EDGE('',*,*,#1617,.F.);
#877=ORIENTED_EDGE('',*,*,#1618,.T.);
#878=ORIENTED_EDGE('',*,*,#1619,.T.);
#879=ORIENTED_EDGE('',*,*,#1620,.F.);
#880=ORIENTED_EDGE('',*,*,#1621,.F.);
#881=ORIENTED_EDGE('',*,*,#1622,.T.);
#882=ORIENTED_EDGE('',*,*,#1623,.T.);
#883=ORIENTED_EDGE('',*,*,#1624,.F.);
#884=ORIENTED_EDGE('',*,*,#1625,.T.);
#885=ORIENTED_EDGE('',*,*,#1626,.F.);
#886=ORIENTED_EDGE('',*,*,#1627,.F.);
#887=ORIENTED_EDGE('',*,*,#1559,.F.);
#888=ORIENTED_EDGE('',*,*,#1628,.T.);
#889=ORIENTED_EDGE('',*,*,#1548,.F.);
#890=ORIENTED_EDGE('',*,*,#1629,.F.);
#891=ORIENTED_EDGE('',*,*,#1494,.F.);
#892=ORIENTED_EDGE('',*,*,#1630,.F.);
#893=ORIENTED_EDGE('',*,*,#1555,.F.);
#894=ORIENTED_EDGE('',*,*,#1460,.T.);
#895=ORIENTED_EDGE('',*,*,#1631,.F.);
#896=ORIENTED_EDGE('',*,*,#1505,.T.);
#897=ORIENTED_EDGE('',*,*,#1630,.T.);
#898=ORIENTED_EDGE('',*,*,#1493,.F.);
#899=ORIENTED_EDGE('',*,*,#1523,.F.);
#900=ORIENTED_EDGE('',*,*,#1632,.F.);
#901=ORIENTED_EDGE('',*,*,#1633,.F.);
#902=ORIENTED_EDGE('',*,*,#1565,.F.);
#903=ORIENTED_EDGE('',*,*,#1634,.T.);
#904=ORIENTED_EDGE('',*,*,#1550,.F.);
#905=ORIENTED_EDGE('',*,*,#1635,.F.);
#906=ORIENTED_EDGE('',*,*,#1498,.F.);
#907=ORIENTED_EDGE('',*,*,#1636,.F.);
#908=ORIENTED_EDGE('',*,*,#1561,.F.);
#909=ORIENTED_EDGE('',*,*,#1468,.T.);
#910=ORIENTED_EDGE('',*,*,#1637,.F.);
#911=ORIENTED_EDGE('',*,*,#1514,.T.);
#912=ORIENTED_EDGE('',*,*,#1636,.T.);
#913=ORIENTED_EDGE('',*,*,#1497,.F.);
#914=ORIENTED_EDGE('',*,*,#1530,.F.);
#915=ORIENTED_EDGE('',*,*,#1638,.F.);
#916=ORIENTED_EDGE('',*,*,#1639,.F.);
#917=ORIENTED_EDGE('',*,*,#1571,.F.);
#918=ORIENTED_EDGE('',*,*,#1640,.T.);
#919=ORIENTED_EDGE('',*,*,#1552,.F.);
#920=ORIENTED_EDGE('',*,*,#1641,.F.);
#921=ORIENTED_EDGE('',*,*,#1502,.F.);
#922=ORIENTED_EDGE('',*,*,#1642,.F.);
#923=ORIENTED_EDGE('',*,*,#1567,.F.);
#924=ORIENTED_EDGE('',*,*,#1476,.T.);
#925=ORIENTED_EDGE('',*,*,#1643,.F.);
#926=ORIENTED_EDGE('',*,*,#1511,.T.);
#927=ORIENTED_EDGE('',*,*,#1642,.T.);
#928=ORIENTED_EDGE('',*,*,#1501,.F.);
#929=ORIENTED_EDGE('',*,*,#1537,.F.);
#930=ORIENTED_EDGE('',*,*,#1644,.F.);
#931=ORIENTED_EDGE('',*,*,#1645,.F.);
#932=ORIENTED_EDGE('',*,*,#1577,.F.);
#933=ORIENTED_EDGE('',*,*,#1646,.T.);
#934=ORIENTED_EDGE('',*,*,#1545,.F.);
#935=ORIENTED_EDGE('',*,*,#1647,.F.);
#936=ORIENTED_EDGE('',*,*,#1489,.F.);
#937=ORIENTED_EDGE('',*,*,#1648,.F.);
#938=ORIENTED_EDGE('',*,*,#1573,.F.);
#939=ORIENTED_EDGE('',*,*,#1484,.T.);
#940=ORIENTED_EDGE('',*,*,#1649,.F.);
#941=ORIENTED_EDGE('',*,*,#1508,.T.);
#942=ORIENTED_EDGE('',*,*,#1648,.T.);
#943=ORIENTED_EDGE('',*,*,#1488,.F.);
#944=ORIENTED_EDGE('',*,*,#1544,.F.);
#945=ORIENTED_EDGE('',*,*,#1650,.F.);
#946=ORIENTED_EDGE('',*,*,#1651,.F.);
#947=ORIENTED_EDGE('',*,*,#1442,.F.);
#948=ORIENTED_EDGE('',*,*,#1652,.T.);
#949=ORIENTED_EDGE('',*,*,#1455,.F.);
#950=ORIENTED_EDGE('',*,*,#1653,.F.);
#951=ORIENTED_EDGE('',*,*,#1432,.F.);
#952=ORIENTED_EDGE('',*,*,#1654,.T.);
#953=ORIENTED_EDGE('',*,*,#1445,.F.);
#954=ORIENTED_EDGE('',*,*,#1655,.F.);
#955=ORIENTED_EDGE('',*,*,#1422,.F.);
#956=ORIENTED_EDGE('',*,*,#1656,.T.);
#957=ORIENTED_EDGE('',*,*,#1435,.F.);
#958=ORIENTED_EDGE('',*,*,#1657,.F.);
#959=ORIENTED_EDGE('',*,*,#1412,.F.);
#960=ORIENTED_EDGE('',*,*,#1658,.T.);
#961=ORIENTED_EDGE('',*,*,#1425,.F.);
#962=ORIENTED_EDGE('',*,*,#1659,.F.);
#963=ORIENTED_EDGE('',*,*,#1402,.F.);
#964=ORIENTED_EDGE('',*,*,#1660,.T.);
#965=ORIENTED_EDGE('',*,*,#1415,.F.);
#966=ORIENTED_EDGE('',*,*,#1661,.F.);
#967=ORIENTED_EDGE('',*,*,#1392,.F.);
#968=ORIENTED_EDGE('',*,*,#1662,.T.);
#969=ORIENTED_EDGE('',*,*,#1405,.F.);
#970=ORIENTED_EDGE('',*,*,#1663,.F.);
#971=ORIENTED_EDGE('',*,*,#1382,.F.);
#972=ORIENTED_EDGE('',*,*,#1664,.T.);
#973=ORIENTED_EDGE('',*,*,#1395,.F.);
#974=ORIENTED_EDGE('',*,*,#1665,.F.);
#975=ORIENTED_EDGE('',*,*,#1372,.F.);
#976=ORIENTED_EDGE('',*,*,#1666,.T.);
#977=ORIENTED_EDGE('',*,*,#1385,.F.);
#978=ORIENTED_EDGE('',*,*,#1667,.F.);
#979=ORIENTED_EDGE('',*,*,#1362,.F.);
#980=ORIENTED_EDGE('',*,*,#1668,.T.);
#981=ORIENTED_EDGE('',*,*,#1375,.F.);
#982=ORIENTED_EDGE('',*,*,#1669,.F.);
#983=ORIENTED_EDGE('',*,*,#1352,.F.);
#984=ORIENTED_EDGE('',*,*,#1670,.T.);
#985=ORIENTED_EDGE('',*,*,#1365,.F.);
#986=ORIENTED_EDGE('',*,*,#1671,.F.);
#987=ORIENTED_EDGE('',*,*,#1342,.F.);
#988=ORIENTED_EDGE('',*,*,#1672,.T.);
#989=ORIENTED_EDGE('',*,*,#1355,.F.);
#990=ORIENTED_EDGE('',*,*,#1673,.T.);
#991=ORIENTED_EDGE('',*,*,#1345,.F.);
#992=ORIENTED_EDGE('',*,*,#1674,.F.);
#993=ORIENTED_EDGE('',*,*,#1452,.F.);
#994=ORIENTED_EDGE('',*,*,#1389,.F.);
#995=ORIENTED_EDGE('',*,*,#1393,.T.);
#996=ORIENTED_EDGE('',*,*,#1661,.T.);
#997=ORIENTED_EDGE('',*,*,#1407,.F.);
#998=ORIENTED_EDGE('',*,*,#1398,.F.);
#999=ORIENTED_EDGE('',*,*,#1403,.T.);
#1000=ORIENTED_EDGE('',*,*,#1659,.T.);
#1001=ORIENTED_EDGE('',*,*,#1417,.F.);
#1002=ORIENTED_EDGE('',*,*,#1408,.F.);
#1003=ORIENTED_EDGE('',*,*,#1413,.T.);
#1004=ORIENTED_EDGE('',*,*,#1657,.T.);
#1005=ORIENTED_EDGE('',*,*,#1427,.F.);
#1006=ORIENTED_EDGE('',*,*,#1418,.F.);
#1007=ORIENTED_EDGE('',*,*,#1423,.T.);
#1008=ORIENTED_EDGE('',*,*,#1655,.T.);
#1009=ORIENTED_EDGE('',*,*,#1437,.F.);
#1010=ORIENTED_EDGE('',*,*,#1428,.F.);
#1011=ORIENTED_EDGE('',*,*,#1433,.T.);
#1012=ORIENTED_EDGE('',*,*,#1653,.T.);
#1013=ORIENTED_EDGE('',*,*,#1447,.F.);
#1014=ORIENTED_EDGE('',*,*,#1438,.F.);
#1015=ORIENTED_EDGE('',*,*,#1443,.T.);
#1016=ORIENTED_EDGE('',*,*,#1651,.T.);
#1017=ORIENTED_EDGE('',*,*,#1457,.F.);
#1018=ORIENTED_EDGE('',*,*,#1448,.F.);
#1019=ORIENTED_EDGE('',*,*,#1453,.T.);
#1020=ORIENTED_EDGE('',*,*,#1674,.T.);
#1021=ORIENTED_EDGE('',*,*,#1347,.F.);
#1022=ORIENTED_EDGE('',*,*,#1338,.F.);
#1023=ORIENTED_EDGE('',*,*,#1343,.T.);
#1024=ORIENTED_EDGE('',*,*,#1671,.T.);
#1025=ORIENTED_EDGE('',*,*,#1357,.F.);
#1026=ORIENTED_EDGE('',*,*,#1348,.F.);
#1027=ORIENTED_EDGE('',*,*,#1353,.T.);
#1028=ORIENTED_EDGE('',*,*,#1669,.T.);
#1029=ORIENTED_EDGE('',*,*,#1367,.F.);
#1030=ORIENTED_EDGE('',*,*,#1358,.F.);
#1031=ORIENTED_EDGE('',*,*,#1363,.T.);
#1032=ORIENTED_EDGE('',*,*,#1667,.T.);
#1033=ORIENTED_EDGE('',*,*,#1377,.F.);
#1034=ORIENTED_EDGE('',*,*,#1368,.F.);
#1035=ORIENTED_EDGE('',*,*,#1373,.T.);
#1036=ORIENTED_EDGE('',*,*,#1665,.T.);
#1037=ORIENTED_EDGE('',*,*,#1387,.F.);
#1038=ORIENTED_EDGE('',*,*,#1378,.F.);
#1039=ORIENTED_EDGE('',*,*,#1383,.T.);
#1040=ORIENTED_EDGE('',*,*,#1663,.T.);
#1041=ORIENTED_EDGE('',*,*,#1397,.F.);
#1042=ORIENTED_EDGE('',*,*,#1578,.F.);
#1043=ORIENTED_EDGE('',*,*,#1638,.T.);
#1044=ORIENTED_EDGE('',*,*,#1529,.T.);
#1045=ORIENTED_EDGE('',*,*,#1551,.F.);
#1046=ORIENTED_EDGE('',*,*,#1634,.F.);
#1047=ORIENTED_EDGE('',*,*,#1564,.T.);
#1048=ORIENTED_EDGE('',*,*,#1562,.T.);
#1049=ORIENTED_EDGE('',*,*,#1644,.T.);
#1050=ORIENTED_EDGE('',*,*,#1536,.T.);
#1051=ORIENTED_EDGE('',*,*,#1553,.F.);
#1052=ORIENTED_EDGE('',*,*,#1640,.F.);
#1053=ORIENTED_EDGE('',*,*,#1570,.T.);
#1054=ORIENTED_EDGE('',*,*,#1568,.T.);
#1055=ORIENTED_EDGE('',*,*,#1632,.T.);
#1056=ORIENTED_EDGE('',*,*,#1522,.T.);
#1057=ORIENTED_EDGE('',*,*,#1549,.F.);
#1058=ORIENTED_EDGE('',*,*,#1628,.F.);
#1059=ORIENTED_EDGE('',*,*,#1558,.T.);
#1060=ORIENTED_EDGE('',*,*,#1556,.T.);
#1061=ORIENTED_EDGE('',*,*,#1650,.T.);
#1062=ORIENTED_EDGE('',*,*,#1543,.T.);
#1063=ORIENTED_EDGE('',*,*,#1546,.F.);
#1064=ORIENTED_EDGE('',*,*,#1646,.F.);
#1065=ORIENTED_EDGE('',*,*,#1576,.T.);
#1066=ORIENTED_EDGE('',*,*,#1574,.T.);
#1067=ORIENTED_EDGE('',*,*,#1510,.T.);
#1068=ORIENTED_EDGE('',*,*,#1641,.T.);
#1069=ORIENTED_EDGE('',*,*,#1540,.T.);
#1070=ORIENTED_EDGE('',*,*,#1645,.T.);
#1071=ORIENTED_EDGE('',*,*,#1507,.T.);
#1072=ORIENTED_EDGE('',*,*,#1647,.T.);
#1073=ORIENTED_EDGE('',*,*,#1518,.T.);
#1074=ORIENTED_EDGE('',*,*,#1627,.T.);
#1075=ORIENTED_EDGE('',*,*,#1504,.T.);
#1076=ORIENTED_EDGE('',*,*,#1629,.T.);
#1077=ORIENTED_EDGE('',*,*,#1526,.T.);
#1078=ORIENTED_EDGE('',*,*,#1633,.T.);
#1079=ORIENTED_EDGE('',*,*,#1513,.T.);
#1080=ORIENTED_EDGE('',*,*,#1635,.T.);
#1081=ORIENTED_EDGE('',*,*,#1533,.T.);
#1082=ORIENTED_EDGE('',*,*,#1639,.T.);
#1083=ORIENTED_EDGE('',*,*,#1391,.F.);
#1084=ORIENTED_EDGE('',*,*,#1396,.T.);
#1085=ORIENTED_EDGE('',*,*,#1664,.F.);
#1086=ORIENTED_EDGE('',*,*,#1384,.F.);
#1087=ORIENTED_EDGE('',*,*,#1380,.F.);
#1088=ORIENTED_EDGE('',*,*,#1386,.T.);
#1089=ORIENTED_EDGE('',*,*,#1666,.F.);
#1090=ORIENTED_EDGE('',*,*,#1374,.F.);
#1091=ORIENTED_EDGE('',*,*,#1370,.F.);
#1092=ORIENTED_EDGE('',*,*,#1376,.T.);
#1093=ORIENTED_EDGE('',*,*,#1668,.F.);
#1094=ORIENTED_EDGE('',*,*,#1364,.F.);
#1095=ORIENTED_EDGE('',*,*,#1360,.F.);
#1096=ORIENTED_EDGE('',*,*,#1366,.T.);
#1097=ORIENTED_EDGE('',*,*,#1670,.F.);
#1098=ORIENTED_EDGE('',*,*,#1354,.F.);
#1099=ORIENTED_EDGE('',*,*,#1350,.F.);
#1100=ORIENTED_EDGE('',*,*,#1356,.T.);
#1101=ORIENTED_EDGE('',*,*,#1672,.F.);
#1102=ORIENTED_EDGE('',*,*,#1344,.F.);
#1103=ORIENTED_EDGE('',*,*,#1340,.F.);
#1104=ORIENTED_EDGE('',*,*,#1346,.T.);
#1105=ORIENTED_EDGE('',*,*,#1673,.F.);
#1106=ORIENTED_EDGE('',*,*,#1454,.F.);
#1107=ORIENTED_EDGE('',*,*,#1450,.F.);
#1108=ORIENTED_EDGE('',*,*,#1456,.T.);
#1109=ORIENTED_EDGE('',*,*,#1652,.F.);
#1110=ORIENTED_EDGE('',*,*,#1444,.F.);
#1111=ORIENTED_EDGE('',*,*,#1440,.F.);
#1112=ORIENTED_EDGE('',*,*,#1446,.T.);
#1113=ORIENTED_EDGE('',*,*,#1654,.F.);
#1114=ORIENTED_EDGE('',*,*,#1434,.F.);
#1115=ORIENTED_EDGE('',*,*,#1430,.F.);
#1116=ORIENTED_EDGE('',*,*,#1436,.T.);
#1117=ORIENTED_EDGE('',*,*,#1656,.F.);
#1118=ORIENTED_EDGE('',*,*,#1424,.F.);
#1119=ORIENTED_EDGE('',*,*,#1420,.F.);
#1120=ORIENTED_EDGE('',*,*,#1426,.T.);
#1121=ORIENTED_EDGE('',*,*,#1658,.F.);
#1122=ORIENTED_EDGE('',*,*,#1414,.F.);
#1123=ORIENTED_EDGE('',*,*,#1410,.F.);
#1124=ORIENTED_EDGE('',*,*,#1416,.T.);
#1125=ORIENTED_EDGE('',*,*,#1660,.F.);
#1126=ORIENTED_EDGE('',*,*,#1404,.F.);
#1127=ORIENTED_EDGE('',*,*,#1400,.F.);
#1128=ORIENTED_EDGE('',*,*,#1406,.T.);
#1129=ORIENTED_EDGE('',*,*,#1662,.F.);
#1130=ORIENTED_EDGE('',*,*,#1394,.F.);
#1131=ORIENTED_EDGE('',*,*,#1626,.T.);
#1132=ORIENTED_EDGE('',*,*,#1622,.F.);
#1133=ORIENTED_EDGE('',*,*,#1675,.F.);
#1134=ORIENTED_EDGE('',*,*,#1625,.F.);
#1135=ORIENTED_EDGE('',*,*,#1621,.T.);
#1136=ORIENTED_EDGE('',*,*,#1623,.F.);
#1137=ORIENTED_EDGE('',*,*,#1624,.T.);
#1138=ORIENTED_EDGE('',*,*,#1618,.F.);
#1139=ORIENTED_EDGE('',*,*,#1617,.T.);
#1140=ORIENTED_EDGE('',*,*,#1619,.F.);
#1141=ORIENTED_EDGE('',*,*,#1620,.T.);
#1142=ORIENTED_EDGE('',*,*,#1614,.F.);
#1143=ORIENTED_EDGE('',*,*,#1613,.T.);
#1144=ORIENTED_EDGE('',*,*,#1615,.F.);
#1145=ORIENTED_EDGE('',*,*,#1616,.T.);
#1146=ORIENTED_EDGE('',*,*,#1610,.F.);
#1147=ORIENTED_EDGE('',*,*,#1609,.T.);
#1148=ORIENTED_EDGE('',*,*,#1611,.F.);
#1149=ORIENTED_EDGE('',*,*,#1612,.T.);
#1150=ORIENTED_EDGE('',*,*,#1606,.F.);
#1151=ORIENTED_EDGE('',*,*,#1605,.T.);
#1152=ORIENTED_EDGE('',*,*,#1607,.F.);
#1153=ORIENTED_EDGE('',*,*,#1608,.T.);
#1154=ORIENTED_EDGE('',*,*,#1602,.F.);
#1155=ORIENTED_EDGE('',*,*,#1601,.T.);
#1156=ORIENTED_EDGE('',*,*,#1603,.F.);
#1157=ORIENTED_EDGE('',*,*,#1604,.T.);
#1158=ORIENTED_EDGE('',*,*,#1598,.F.);
#1159=ORIENTED_EDGE('',*,*,#1597,.T.);
#1160=ORIENTED_EDGE('',*,*,#1599,.F.);
#1161=ORIENTED_EDGE('',*,*,#1600,.T.);
#1162=ORIENTED_EDGE('',*,*,#1594,.F.);
#1163=ORIENTED_EDGE('',*,*,#1593,.T.);
#1164=ORIENTED_EDGE('',*,*,#1595,.F.);
#1165=ORIENTED_EDGE('',*,*,#1596,.T.);
#1166=ORIENTED_EDGE('',*,*,#1590,.F.);
#1167=ORIENTED_EDGE('',*,*,#1589,.T.);
#1168=ORIENTED_EDGE('',*,*,#1591,.F.);
#1169=ORIENTED_EDGE('',*,*,#1592,.T.);
#1170=ORIENTED_EDGE('',*,*,#1586,.F.);
#1171=ORIENTED_EDGE('',*,*,#1585,.T.);
#1172=ORIENTED_EDGE('',*,*,#1587,.F.);
#1173=ORIENTED_EDGE('',*,*,#1588,.T.);
#1174=ORIENTED_EDGE('',*,*,#1582,.F.);
#1175=ORIENTED_EDGE('',*,*,#1581,.T.);
#1176=ORIENTED_EDGE('',*,*,#1583,.F.);
#1177=ORIENTED_EDGE('',*,*,#1584,.T.);
#1178=ORIENTED_EDGE('',*,*,#1580,.F.);
#1179=ORIENTED_EDGE('',*,*,#1676,.F.);
#1180=ORIENTED_EDGE('',*,*,#1675,.T.);
#1181=ORIENTED_EDGE('',*,*,#1579,.T.);
#1182=ORIENTED_EDGE('',*,*,#1676,.T.);
#1183=ORIENTED_EDGE('',*,*,#1677,.T.);
#1184=ORIENTED_EDGE('',*,*,#1506,.F.);
#1185=ORIENTED_EDGE('',*,*,#1631,.T.);
#1186=ORIENTED_EDGE('',*,*,#1459,.T.);
#1187=ORIENTED_EDGE('',*,*,#1557,.F.);
#1188=ORIENTED_EDGE('',*,*,#1516,.F.);
#1189=ORIENTED_EDGE('',*,*,#1463,.T.);
#1190=ORIENTED_EDGE('',*,*,#1509,.F.);
#1191=ORIENTED_EDGE('',*,*,#1649,.T.);
#1192=ORIENTED_EDGE('',*,*,#1483,.T.);
#1193=ORIENTED_EDGE('',*,*,#1575,.F.);
#1194=ORIENTED_EDGE('',*,*,#1538,.F.);
#1195=ORIENTED_EDGE('',*,*,#1479,.T.);
#1196=ORIENTED_EDGE('',*,*,#1512,.F.);
#1197=ORIENTED_EDGE('',*,*,#1643,.T.);
#1198=ORIENTED_EDGE('',*,*,#1475,.T.);
#1199=ORIENTED_EDGE('',*,*,#1569,.F.);
#1200=ORIENTED_EDGE('',*,*,#1531,.F.);
#1201=ORIENTED_EDGE('',*,*,#1471,.T.);
#1202=ORIENTED_EDGE('',*,*,#1515,.F.);
#1203=ORIENTED_EDGE('',*,*,#1637,.T.);
#1204=ORIENTED_EDGE('',*,*,#1467,.T.);
#1205=ORIENTED_EDGE('',*,*,#1563,.F.);
#1206=ORIENTED_EDGE('',*,*,#1524,.F.);
#1207=ORIENTED_EDGE('',*,*,#1503,.T.);
#1208=ORIENTED_EDGE('',*,*,#1491,.F.);
#1209=ORIENTED_EDGE('',*,*,#1677,.F.);
#1210=ORIENTED_EDGE('',*,*,#1547,.F.);
#1211=ORIENTED_EDGE('',*,*,#1520,.F.);
#1212=ORIENTED_EDGE('',*,*,#1325,.F.);
#1213=ORIENTED_EDGE('',*,*,#1278,.T.);
#1214=ORIENTED_EDGE('',*,*,#1326,.F.);
#1215=ORIENTED_EDGE('',*,*,#1279,.T.);
#1216=ORIENTED_EDGE('',*,*,#1327,.F.);
#1217=ORIENTED_EDGE('',*,*,#1280,.T.);
#1218=ORIENTED_EDGE('',*,*,#1328,.F.);
#1219=ORIENTED_EDGE('',*,*,#1281,.T.);
#1220=ORIENTED_EDGE('',*,*,#1297,.F.);
#1221=ORIENTED_EDGE('',*,*,#1324,.T.);
#1222=ORIENTED_EDGE('',*,*,#1329,.T.);
#1223=ORIENTED_EDGE('',*,*,#1302,.F.);
#1224=ORIENTED_EDGE('',*,*,#1293,.F.);
#1225=ORIENTED_EDGE('',*,*,#1678,.T.);
#1226=ORIENTED_EDGE('',*,*,#1330,.T.);
#1227=ORIENTED_EDGE('',*,*,#1320,.F.);
#1228=ORIENTED_EDGE('',*,*,#1292,.T.);
#1229=ORIENTED_EDGE('',*,*,#1317,.T.);
#1230=ORIENTED_EDGE('',*,*,#1331,.F.);
#1231=ORIENTED_EDGE('',*,*,#1678,.F.);
#1232=ORIENTED_EDGE('',*,*,#1286,.F.);
#1233=ORIENTED_EDGE('',*,*,#1679,.T.);
#1234=ORIENTED_EDGE('',*,*,#1332,.T.);
#1235=ORIENTED_EDGE('',*,*,#1309,.F.);
#1236=ORIENTED_EDGE('',*,*,#1285,.F.);
#1237=ORIENTED_EDGE('',*,*,#1306,.T.);
#1238=ORIENTED_EDGE('',*,*,#1333,.T.);
#1239=ORIENTED_EDGE('',*,*,#1679,.F.);
#1240=EDGE_CURVE('',#1680,#1681,#1990,.T.);
#1241=EDGE_CURVE('',#1680,#1682,#1991,.T.);
#1242=EDGE_CURVE('',#1682,#1683,#1992,.T.);
#1243=EDGE_CURVE('',#1683,#1681,#1993,.T.);
#1244=EDGE_CURVE('',#1684,#1682,#1994,.T.);
#1245=EDGE_CURVE('',#1684,#1685,#1995,.T.);
#1246=EDGE_CURVE('',#1686,#1685,#1996,.T.);
#1247=EDGE_CURVE('',#1687,#1686,#1997,.T.);
#1248=EDGE_CURVE('',#1687,#1688,#1998,.T.);
#1249=EDGE_CURVE('',#1688,#1689,#1999,.T.);
#1250=EDGE_CURVE('',#1683,#1689,#2000,.T.);
#1251=EDGE_CURVE('',#1690,#1690,#100,.T.);
#1252=EDGE_CURVE('',#1691,#1691,#101,.F.);
#1253=EDGE_CURVE('',#1692,#1692,#102,.T.);
#1254=EDGE_CURVE('',#1693,#1693,#103,.F.);
#1255=EDGE_CURVE('',#1694,#1694,#104,.T.);
#1256=EDGE_CURVE('',#1695,#1695,#105,.F.);
#1257=EDGE_CURVE('',#1696,#1696,#106,.T.);
#1258=EDGE_CURVE('',#1697,#1697,#107,.F.);
#1259=EDGE_CURVE('',#1698,#1698,#108,.T.);
#1260=EDGE_CURVE('',#1688,#1699,#2001,.T.);
#1261=EDGE_CURVE('',#1687,#1700,#2002,.T.);
#1262=EDGE_CURVE('',#1700,#1699,#2003,.T.);
#1263=EDGE_CURVE('',#1701,#1701,#109,.T.);
#1264=EDGE_CURVE('',#1689,#1702,#2004,.T.);
#1265=EDGE_CURVE('',#1681,#1702,#2005,.T.);
#1266=EDGE_CURVE('',#1680,#1703,#2006,.T.);
#1267=EDGE_CURVE('',#1699,#1702,#2007,.T.);
#1268=EDGE_CURVE('',#1700,#1704,#2008,.T.);
#1269=EDGE_CURVE('',#1705,#1704,#2009,.T.);
#1270=EDGE_CURVE('',#1705,#1703,#2010,.T.);
#1271=EDGE_CURVE('',#1704,#1686,#2011,.T.);
#1272=EDGE_CURVE('',#1705,#1685,#2012,.T.);
#1273=EDGE_CURVE('',#1703,#1684,#2013,.T.);
#1274=EDGE_CURVE('',#1706,#1706,#110,.F.);
#1275=EDGE_CURVE('',#1707,#1707,#111,.F.);
#1276=EDGE_CURVE('',#1708,#1708,#112,.T.);
#1277=EDGE_CURVE('',#1709,#1709,#113,.T.);
#1278=EDGE_CURVE('',#1710,#1710,#114,.T.);
#1279=EDGE_CURVE('',#1711,#1711,#115,.T.);
#1280=EDGE_CURVE('',#1712,#1712,#116,.T.);
#1281=EDGE_CURVE('',#1713,#1713,#117,.T.);
#1282=EDGE_CURVE('',#1714,#1715,#118,.T.);
#1283=EDGE_CURVE('',#1714,#1716,#119,.T.);
#1284=EDGE_CURVE('',#1716,#1717,#120,.T.);
#1285=EDGE_CURVE('',#1717,#1718,#121,.T.);
#1286=EDGE_CURVE('',#1718,#1719,#122,.T.);
#1287=EDGE_CURVE('',#1719,#1720,#123,.T.);
#1288=EDGE_CURVE('',#1720,#1721,#124,.T.);
#1289=EDGE_CURVE('',#1721,#1722,#125,.T.);
#1290=EDGE_CURVE('',#1722,#1723,#126,.T.);
#1291=EDGE_CURVE('',#1723,#1724,#127,.T.);
#1292=EDGE_CURVE('',#1725,#1724,#128,.T.);
#1293=EDGE_CURVE('',#1725,#1726,#129,.T.);
#1294=EDGE_CURVE('',#1727,#1726,#130,.T.);
#1295=EDGE_CURVE('',#1727,#1728,#131,.T.);
#1296=EDGE_CURVE('',#1728,#1729,#132,.T.);
#1297=EDGE_CURVE('',#1729,#1715,#133,.T.);
#1298=EDGE_CURVE('',#1730,#1731,#71,.T.);
#1299=EDGE_CURVE('',#1731,#1730,#72,.T.);
#1300=EDGE_CURVE('',#1732,#1733,#134,.T.);
#1301=EDGE_CURVE('',#1714,#1732,#2014,.T.);
#1302=EDGE_CURVE('',#1715,#1733,#2015,.T.);
#1303=EDGE_CURVE('',#1732,#1734,#135,.T.);
#1304=EDGE_CURVE('',#1716,#1734,#2016,.T.);
#1305=EDGE_CURVE('',#1734,#1735,#136,.T.);
#1306=EDGE_CURVE('',#1717,#1735,#2017,.T.);
#1307=EDGE_CURVE('',#1736,#1737,#137,.T.);
#1308=EDGE_CURVE('',#1720,#1737,#2018,.T.);
#1309=EDGE_CURVE('',#1719,#1736,#2019,.T.);
#1310=EDGE_CURVE('',#1737,#1738,#138,.T.);
#1311=EDGE_CURVE('',#1721,#1738,#2020,.T.);
#1312=EDGE_CURVE('',#1738,#1739,#139,.T.);
#1313=EDGE_CURVE('',#1722,#1739,#2021,.T.);
#1314=EDGE_CURVE('',#1739,#1740,#140,.T.);
#1315=EDGE_CURVE('',#1723,#1740,#2022,.T.);
#1316=EDGE_CURVE('',#1740,#1741,#141,.T.);
#1317=EDGE_CURVE('',#1724,#1741,#2023,.T.);
#1318=EDGE_CURVE('',#1742,#1743,#142,.T.);
#1319=EDGE_CURVE('',#1727,#1742,#2024,.T.);
#1320=EDGE_CURVE('',#1726,#1743,#2025,.T.);
#1321=EDGE_CURVE('',#1742,#1744,#143,.T.);
#1322=EDGE_CURVE('',#1728,#1744,#2026,.T.);
#1323=EDGE_CURVE('',#1744,#1745,#144,.T.);
#1324=EDGE_CURVE('',#1729,#1745,#2027,.T.);
#1325=EDGE_CURVE('',#1746,#1746,#145,.T.);
#1326=EDGE_CURVE('',#1747,#1747,#146,.T.);
#1327=EDGE_CURVE('',#1748,#1748,#147,.T.);
#1328=EDGE_CURVE('',#1749,#1749,#148,.T.);
#1329=EDGE_CURVE('',#1745,#1733,#149,.T.);
#1330=EDGE_CURVE('',#1750,#1743,#150,.T.);
#1331=EDGE_CURVE('',#1750,#1741,#151,.T.);
#1332=EDGE_CURVE('',#1751,#1736,#152,.T.);
#1333=EDGE_CURVE('',#1735,#1751,#153,.T.);
#1334=EDGE_CURVE('',#1752,#1753,#73,.T.);
#1335=EDGE_CURVE('',#1753,#1730,#2028,.T.);
#1336=EDGE_CURVE('',#1752,#1731,#74,.F.);
#1337=EDGE_CURVE('',#1753,#1752,#75,.T.);
#1338=EDGE_CURVE('',#1754,#1755,#154,.T.);
#1339=EDGE_CURVE('',#1755,#1756,#2029,.T.);
#1340=EDGE_CURVE('',#1756,#1757,#155,.T.);
#1341=EDGE_CURVE('',#1757,#1754,#2030,.T.);
#1342=EDGE_CURVE('',#1758,#1759,#2031,.T.);
#1343=EDGE_CURVE('',#1754,#1759,#2032,.T.);
#1344=EDGE_CURVE('',#1757,#1758,#2033,.T.);
#1345=EDGE_CURVE('',#1760,#1761,#2034,.T.);
#1346=EDGE_CURVE('',#1756,#1761,#2035,.T.);
#1347=EDGE_CURVE('',#1755,#1760,#2036,.T.);
#1348=EDGE_CURVE('',#1762,#1763,#156,.T.);
#1349=EDGE_CURVE('',#1763,#1764,#2037,.T.);
#1350=EDGE_CURVE('',#1764,#1765,#157,.T.);
#1351=EDGE_CURVE('',#1765,#1762,#2038,.T.);
#1352=EDGE_CURVE('',#1766,#1767,#2039,.T.);
#1353=EDGE_CURVE('',#1762,#1767,#2040,.T.);
#1354=EDGE_CURVE('',#1765,#1766,#2041,.T.);
#1355=EDGE_CURVE('',#1768,#1769,#2042,.T.);
#1356=EDGE_CURVE('',#1764,#1769,#2043,.T.);
#1357=EDGE_CURVE('',#1763,#1768,#2044,.T.);
#1358=EDGE_CURVE('',#1770,#1771,#158,.T.);
#1359=EDGE_CURVE('',#1771,#1772,#2045,.T.);
#1360=EDGE_CURVE('',#1772,#1773,#159,.T.);
#1361=EDGE_CURVE('',#1773,#1770,#2046,.T.);
#1362=EDGE_CURVE('',#1774,#1775,#2047,.T.);
#1363=EDGE_CURVE('',#1770,#1775,#2048,.T.);
#1364=EDGE_CURVE('',#1773,#1774,#2049,.T.);
#1365=EDGE_CURVE('',#1776,#1777,#2050,.T.);
#1366=EDGE_CURVE('',#1772,#1777,#2051,.T.);
#1367=EDGE_CURVE('',#1771,#1776,#2052,.T.);
#1368=EDGE_CURVE('',#1778,#1779,#160,.T.);
#1369=EDGE_CURVE('',#1779,#1780,#2053,.T.);
#1370=EDGE_CURVE('',#1780,#1781,#161,.T.);
#1371=EDGE_CURVE('',#1781,#1778,#2054,.T.);
#1372=EDGE_CURVE('',#1782,#1783,#2055,.T.);
#1373=EDGE_CURVE('',#1778,#1783,#2056,.T.);
#1374=EDGE_CURVE('',#1781,#1782,#2057,.T.);
#1375=EDGE_CURVE('',#1784,#1785,#2058,.T.);
#1376=EDGE_CURVE('',#1780,#1785,#2059,.T.);
#1377=EDGE_CURVE('',#1779,#1784,#2060,.T.);
#1378=EDGE_CURVE('',#1786,#1787,#162,.T.);
#1379=EDGE_CURVE('',#1787,#1788,#2061,.T.);
#1380=EDGE_CURVE('',#1788,#1789,#163,.T.);
#1381=EDGE_CURVE('',#1789,#1786,#2062,.T.);
#1382=EDGE_CURVE('',#1790,#1791,#2063,.T.);
#1383=EDGE_CURVE('',#1786,#1791,#2064,.T.);
#1384=EDGE_CURVE('',#1789,#1790,#2065,.T.);
#1385=EDGE_CURVE('',#1792,#1793,#2066,.T.);
#1386=EDGE_CURVE('',#1788,#1793,#2067,.T.);
#1387=EDGE_CURVE('',#1787,#1792,#2068,.T.);
#1388=EDGE_CURVE('',#1794,#1795,#2069,.T.);
#1389=EDGE_CURVE('',#1795,#1796,#164,.T.);
#1390=EDGE_CURVE('',#1796,#1797,#2070,.T.);
#1391=EDGE_CURVE('',#1797,#1794,#165,.T.);
#1392=EDGE_CURVE('',#1798,#1799,#2071,.T.);
#1393=EDGE_CURVE('',#1795,#1799,#2072,.T.);
#1394=EDGE_CURVE('',#1794,#1798,#2073,.T.);
#1395=EDGE_CURVE('',#1800,#1801,#2074,.T.);
#1396=EDGE_CURVE('',#1797,#1801,#2075,.T.);
#1397=EDGE_CURVE('',#1796,#1800,#2076,.T.);
#1398=EDGE_CURVE('',#1802,#1803,#166,.T.);
#1399=EDGE_CURVE('',#1803,#1804,#2077,.T.);
#1400=EDGE_CURVE('',#1804,#1805,#167,.T.);
#1401=EDGE_CURVE('',#1805,#1802,#2078,.T.);
#1402=EDGE_CURVE('',#1806,#1807,#2079,.T.);
#1403=EDGE_CURVE('',#1802,#1807,#2080,.T.);
#1404=EDGE_CURVE('',#1805,#1806,#2081,.T.);
#1405=EDGE_CURVE('',#1808,#1809,#2082,.T.);
#1406=EDGE_CURVE('',#1804,#1809,#2083,.T.);
#1407=EDGE_CURVE('',#1803,#1808,#2084,.T.);
#1408=EDGE_CURVE('',#1810,#1811,#168,.T.);
#1409=EDGE_CURVE('',#1811,#1812,#2085,.T.);
#1410=EDGE_CURVE('',#1812,#1813,#169,.T.);
#1411=EDGE_CURVE('',#1813,#1810,#2086,.T.);
#1412=EDGE_CURVE('',#1814,#1815,#2087,.T.);
#1413=EDGE_CURVE('',#1810,#1815,#2088,.T.);
#1414=EDGE_CURVE('',#1813,#1814,#2089,.T.);
#1415=EDGE_CURVE('',#1816,#1817,#2090,.T.);
#1416=EDGE_CURVE('',#1812,#1817,#2091,.T.);
#1417=EDGE_CURVE('',#1811,#1816,#2092,.T.);
#1418=EDGE_CURVE('',#1818,#1819,#170,.T.);
#1419=EDGE_CURVE('',#1819,#1820,#2093,.T.);
#1420=EDGE_CURVE('',#1820,#1821,#171,.T.);
#1421=EDGE_CURVE('',#1821,#1818,#2094,.T.);
#1422=EDGE_CURVE('',#1822,#1823,#2095,.T.);
#1423=EDGE_CURVE('',#1818,#1823,#2096,.T.);
#1424=EDGE_CURVE('',#1821,#1822,#2097,.T.);
#1425=EDGE_CURVE('',#1824,#1825,#2098,.T.);
#1426=EDGE_CURVE('',#1820,#1825,#2099,.T.);
#1427=EDGE_CURVE('',#1819,#1824,#2100,.T.);
#1428=EDGE_CURVE('',#1826,#1827,#172,.T.);
#1429=EDGE_CURVE('',#1827,#1828,#2101,.T.);
#1430=EDGE_CURVE('',#1828,#1829,#173,.T.);
#1431=EDGE_CURVE('',#1829,#1826,#2102,.T.);
#1432=EDGE_CURVE('',#1830,#1831,#2103,.T.);
#1433=EDGE_CURVE('',#1826,#1831,#2104,.T.);
#1434=EDGE_CURVE('',#1829,#1830,#2105,.T.);
#1435=EDGE_CURVE('',#1832,#1833,#2106,.T.);
#1436=EDGE_CURVE('',#1828,#1833,#2107,.T.);
#1437=EDGE_CURVE('',#1827,#1832,#2108,.T.);
#1438=EDGE_CURVE('',#1834,#1835,#174,.T.);
#1439=EDGE_CURVE('',#1835,#1836,#2109,.T.);
#1440=EDGE_CURVE('',#1836,#1837,#175,.T.);
#1441=EDGE_CURVE('',#1837,#1834,#2110,.T.);
#1442=EDGE_CURVE('',#1838,#1839,#2111,.T.);
#1443=EDGE_CURVE('',#1834,#1839,#2112,.T.);
#1444=EDGE_CURVE('',#1837,#1838,#2113,.T.);
#1445=EDGE_CURVE('',#1840,#1841,#2114,.T.);
#1446=EDGE_CURVE('',#1836,#1841,#2115,.T.);
#1447=EDGE_CURVE('',#1835,#1840,#2116,.T.);
#1448=EDGE_CURVE('',#1842,#1843,#176,.T.);
#1449=EDGE_CURVE('',#1843,#1844,#2117,.T.);
#1450=EDGE_CURVE('',#1844,#1845,#177,.T.);
#1451=EDGE_CURVE('',#1845,#1842,#2118,.T.);
#1452=EDGE_CURVE('',#1846,#1847,#2119,.T.);
#1453=EDGE_CURVE('',#1842,#1847,#2120,.T.);
#1454=EDGE_CURVE('',#1845,#1846,#2121,.T.);
#1455=EDGE_CURVE('',#1848,#1849,#2122,.T.);
#1456=EDGE_CURVE('',#1844,#1849,#2123,.T.);
#1457=EDGE_CURVE('',#1843,#1848,#2124,.T.);
#1458=EDGE_CURVE('',#1850,#1851,#76,.T.);
#1459=EDGE_CURVE('',#1852,#1850,#178,.T.);
#1460=EDGE_CURVE('',#1853,#1852,#77,.T.);
#1461=EDGE_CURVE('',#1851,#1853,#179,.T.);
#1462=EDGE_CURVE('',#1854,#1855,#78,.T.);
#1463=EDGE_CURVE('',#1856,#1854,#180,.T.);
#1464=EDGE_CURVE('',#1857,#1856,#79,.T.);
#1465=EDGE_CURVE('',#1855,#1857,#181,.T.);
#1466=EDGE_CURVE('',#1858,#1859,#80,.T.);
#1467=EDGE_CURVE('',#1860,#1858,#182,.T.);
#1468=EDGE_CURVE('',#1861,#1860,#81,.T.);
#1469=EDGE_CURVE('',#1859,#1861,#183,.T.);
#1470=EDGE_CURVE('',#1862,#1863,#82,.T.);
#1471=EDGE_CURVE('',#1864,#1862,#184,.T.);
#1472=EDGE_CURVE('',#1865,#1864,#83,.T.);
#1473=EDGE_CURVE('',#1863,#1865,#185,.T.);
#1474=EDGE_CURVE('',#1866,#1867,#84,.T.);
#1475=EDGE_CURVE('',#1868,#1866,#186,.T.);
#1476=EDGE_CURVE('',#1869,#1868,#85,.T.);
#1477=EDGE_CURVE('',#1867,#1869,#187,.T.);
#1478=EDGE_CURVE('',#1870,#1871,#86,.T.);
#1479=EDGE_CURVE('',#1872,#1870,#188,.T.);
#1480=EDGE_CURVE('',#1873,#1872,#87,.T.);
#1481=EDGE_CURVE('',#1871,#1873,#189,.T.);
#1482=EDGE_CURVE('',#1874,#1875,#88,.T.);
#1483=EDGE_CURVE('',#1876,#1874,#190,.T.);
#1484=EDGE_CURVE('',#1877,#1876,#89,.T.);
#1485=EDGE_CURVE('',#1875,#1877,#191,.T.);
#1486=EDGE_CURVE('',#1878,#1854,#2125,.T.);
#1487=EDGE_CURVE('',#1879,#1855,#2126,.T.);
#1488=EDGE_CURVE('',#1879,#1880,#2127,.T.);
#1489=EDGE_CURVE('',#1880,#1878,#2128,.T.);
#1490=EDGE_CURVE('',#1881,#1882,#2129,.T.);
#1491=EDGE_CURVE('',#1882,#1883,#90,.T.);
#1492=EDGE_CURVE('',#1884,#1883,#2130,.T.);
#1493=EDGE_CURVE('',#1884,#1885,#2131,.T.);
#1494=EDGE_CURVE('',#1885,#1881,#2132,.T.);
#1495=EDGE_CURVE('',#1886,#1862,#2133,.T.);
#1496=EDGE_CURVE('',#1887,#1863,#2134,.T.);
#1497=EDGE_CURVE('',#1887,#1888,#2135,.T.);
#1498=EDGE_CURVE('',#1888,#1886,#2136,.T.);
#1499=EDGE_CURVE('',#1889,#1870,#2137,.T.);
#1500=EDGE_CURVE('',#1890,#1871,#2138,.T.);
#1501=EDGE_CURVE('',#1890,#1891,#2139,.T.);
#1502=EDGE_CURVE('',#1891,#1889,#2140,.T.);
#1503=EDGE_CURVE('',#1892,#1892,#192,.T.);
#1504=EDGE_CURVE('',#1893,#1881,#193,.T.);
#1505=EDGE_CURVE('',#1894,#1893,#2141,.T.);
#1506=EDGE_CURVE('',#1894,#1882,#194,.T.);
#1507=EDGE_CURVE('',#1895,#1878,#195,.T.);
#1508=EDGE_CURVE('',#1896,#1895,#2142,.T.);
#1509=EDGE_CURVE('',#1896,#1854,#196,.T.);
#1510=EDGE_CURVE('',#1897,#1889,#197,.T.);
#1511=EDGE_CURVE('',#1898,#1897,#2143,.T.);
#1512=EDGE_CURVE('',#1898,#1870,#198,.T.);
#1513=EDGE_CURVE('',#1899,#1886,#199,.T.);
#1514=EDGE_CURVE('',#1900,#1899,#2144,.T.);
#1515=EDGE_CURVE('',#1900,#1862,#200,.T.);
#1516=EDGE_CURVE('',#1856,#1901,#201,.T.);
#1517=EDGE_CURVE('',#1902,#1901,#2145,.T.);
#1518=EDGE_CURVE('',#1903,#1902,#202,.T.);
#1519=EDGE_CURVE('',#1856,#1903,#2146,.T.);
#1520=EDGE_CURVE('',#1883,#1904,#203,.T.);
#1521=EDGE_CURVE('',#1904,#1905,#2147,.T.);
#1522=EDGE_CURVE('',#1906,#1905,#204,.T.);
#1523=EDGE_CURVE('',#1906,#1884,#2148,.T.);
#1524=EDGE_CURVE('',#1907,#1908,#205,.T.);
#1525=EDGE_CURVE('',#1909,#1908,#2149,.T.);
#1526=EDGE_CURVE('',#1910,#1909,#206,.T.);
#1527=EDGE_CURVE('',#1907,#1910,#2150,.T.);
#1528=EDGE_CURVE('',#1865,#1911,#2151,.T.);
#1529=EDGE_CURVE('',#1912,#1911,#207,.T.);
#1530=EDGE_CURVE('',#1912,#1887,#2152,.T.);
#1531=EDGE_CURVE('',#1864,#1913,#208,.T.);
#1532=EDGE_CURVE('',#1914,#1913,#2153,.T.);
#1533=EDGE_CURVE('',#1915,#1914,#209,.T.);
#1534=EDGE_CURVE('',#1864,#1915,#2154,.T.);
#1535=EDGE_CURVE('',#1873,#1916,#2155,.T.);
#1536=EDGE_CURVE('',#1917,#1916,#210,.T.);
#1537=EDGE_CURVE('',#1917,#1890,#2156,.T.);
#1538=EDGE_CURVE('',#1872,#1918,#211,.T.);
#1539=EDGE_CURVE('',#1919,#1918,#2157,.T.);
#1540=EDGE_CURVE('',#1920,#1919,#212,.T.);
#1541=EDGE_CURVE('',#1872,#1920,#2158,.T.);
#1542=EDGE_CURVE('',#1857,#1921,#2159,.T.);
#1543=EDGE_CURVE('',#1922,#1921,#213,.T.);
#1544=EDGE_CURVE('',#1922,#1879,#2160,.T.);
#1545=EDGE_CURVE('',#1903,#1923,#2161,.T.);
#1546=EDGE_CURVE('',#1923,#1921,#2162,.T.);
#1547=EDGE_CURVE('',#1904,#1907,#91,.T.);
#1548=EDGE_CURVE('',#1910,#1924,#2163,.T.);
#1549=EDGE_CURVE('',#1924,#1905,#2164,.T.);
#1550=EDGE_CURVE('',#1915,#1925,#2165,.T.);
#1551=EDGE_CURVE('',#1925,#1911,#2166,.T.);
#1552=EDGE_CURVE('',#1920,#1926,#2167,.T.);
#1553=EDGE_CURVE('',#1926,#1916,#2168,.T.);
#1554=EDGE_CURVE('',#1927,#1851,#2169,.T.);
#1555=EDGE_CURVE('',#1853,#1928,#2170,.T.);
#1556=EDGE_CURVE('',#1927,#1928,#214,.T.);
#1557=EDGE_CURVE('',#1901,#1850,#2171,.T.);
#1558=EDGE_CURVE('',#1929,#1927,#2172,.T.);
#1559=EDGE_CURVE('',#1929,#1902,#2173,.T.);
#1560=EDGE_CURVE('',#1930,#1859,#2174,.T.);
#1561=EDGE_CURVE('',#1861,#1931,#2175,.T.);
#1562=EDGE_CURVE('',#1930,#1931,#215,.T.);
#1563=EDGE_CURVE('',#1908,#1858,#2176,.T.);
#1564=EDGE_CURVE('',#1932,#1930,#2177,.T.);
#1565=EDGE_CURVE('',#1932,#1909,#2178,.T.);
#1566=EDGE_CURVE('',#1933,#1867,#2179,.T.);
#1567=EDGE_CURVE('',#1869,#1934,#2180,.T.);
#1568=EDGE_CURVE('',#1933,#1934,#216,.T.);
#1569=EDGE_CURVE('',#1913,#1866,#2181,.T.);
#1570=EDGE_CURVE('',#1935,#1933,#2182,.T.);
#1571=EDGE_CURVE('',#1935,#1914,#2183,.T.);
#1572=EDGE_CURVE('',#1936,#1875,#2184,.T.);
#1573=EDGE_CURVE('',#1877,#1937,#2185,.T.);
#1574=EDGE_CURVE('',#1936,#1937,#217,.T.);
#1575=EDGE_CURVE('',#1918,#1874,#2186,.T.);
#1576=EDGE_CURVE('',#1938,#1936,#2187,.T.);
#1577=EDGE_CURVE('',#1938,#1919,#2188,.T.);
#1578=EDGE_CURVE('',#1939,#1939,#218,.T.);
#1579=EDGE_CURVE('',#1940,#1940,#219,.T.);
#1580=EDGE_CURVE('',#1941,#1941,#220,.T.);
#1581=EDGE_CURVE('',#1942,#1942,#221,.T.);
#1582=EDGE_CURVE('',#1943,#1943,#222,.T.);
#1583=EDGE_CURVE('',#1944,#1944,#223,.T.);
#1584=EDGE_CURVE('',#1945,#1945,#224,.T.);
#1585=EDGE_CURVE('',#1946,#1946,#225,.T.);
#1586=EDGE_CURVE('',#1947,#1947,#226,.T.);
#1587=EDGE_CURVE('',#1948,#1948,#227,.T.);
#1588=EDGE_CURVE('',#1949,#1949,#228,.T.);
#1589=EDGE_CURVE('',#1950,#1950,#229,.T.);
#1590=EDGE_CURVE('',#1951,#1951,#230,.T.);
#1591=EDGE_CURVE('',#1952,#1952,#231,.T.);
#1592=EDGE_CURVE('',#1953,#1953,#232,.T.);
#1593=EDGE_CURVE('',#1954,#1954,#233,.T.);
#1594=EDGE_CURVE('',#1955,#1955,#234,.T.);
#1595=EDGE_CURVE('',#1956,#1956,#235,.T.);
#1596=EDGE_CURVE('',#1957,#1957,#236,.T.);
#1597=EDGE_CURVE('',#1958,#1958,#237,.T.);
#1598=EDGE_CURVE('',#1959,#1959,#238,.T.);
#1599=EDGE_CURVE('',#1960,#1960,#239,.T.);
#1600=EDGE_CURVE('',#1961,#1961,#240,.T.);
#1601=EDGE_CURVE('',#1962,#1962,#241,.T.);
#1602=EDGE_CURVE('',#1963,#1963,#242,.T.);
#1603=EDGE_CURVE('',#1964,#1964,#243,.T.);
#1604=EDGE_CURVE('',#1965,#1965,#244,.T.);
#1605=EDGE_CURVE('',#1966,#1966,#245,.T.);
#1606=EDGE_CURVE('',#1967,#1967,#246,.T.);
#1607=EDGE_CURVE('',#1968,#1968,#247,.T.);
#1608=EDGE_CURVE('',#1969,#1969,#248,.T.);
#1609=EDGE_CURVE('',#1970,#1970,#249,.T.);
#1610=EDGE_CURVE('',#1971,#1971,#250,.T.);
#1611=EDGE_CURVE('',#1972,#1972,#251,.T.);
#1612=EDGE_CURVE('',#1973,#1973,#252,.T.);
#1613=EDGE_CURVE('',#1974,#1974,#253,.T.);
#1614=EDGE_CURVE('',#1975,#1975,#254,.T.);
#1615=EDGE_CURVE('',#1976,#1976,#255,.T.);
#1616=EDGE_CURVE('',#1977,#1977,#256,.T.);
#1617=EDGE_CURVE('',#1978,#1978,#257,.T.);
#1618=EDGE_CURVE('',#1979,#1979,#258,.T.);
#1619=EDGE_CURVE('',#1980,#1980,#259,.T.);
#1620=EDGE_CURVE('',#1981,#1981,#260,.T.);
#1621=EDGE_CURVE('',#1982,#1982,#261,.T.);
#1622=EDGE_CURVE('',#1983,#1983,#262,.T.);
#1623=EDGE_CURVE('',#1984,#1984,#263,.T.);
#1624=EDGE_CURVE('',#1985,#1985,#264,.T.);
#1625=EDGE_CURVE('',#1986,#1986,#265,.T.);
#1626=EDGE_CURVE('',#1987,#1987,#266,.T.);
#1627=EDGE_CURVE('',#1902,#1893,#267,.T.);
#1628=EDGE_CURVE('',#1929,#1924,#268,.T.);
#1629=EDGE_CURVE('',#1881,#1910,#269,.T.);
#1630=EDGE_CURVE('',#1893,#1885,#2189,.T.);
#1631=EDGE_CURVE('',#1894,#1852,#2190,.T.);
#1632=EDGE_CURVE('',#1928,#1906,#2191,.T.);
#1633=EDGE_CURVE('',#1909,#1899,#270,.T.);
#1634=EDGE_CURVE('',#1932,#1925,#271,.T.);
#1635=EDGE_CURVE('',#1886,#1915,#272,.T.);
#1636=EDGE_CURVE('',#1899,#1888,#2192,.T.);
#1637=EDGE_CURVE('',#1900,#1860,#2193,.T.);
#1638=EDGE_CURVE('',#1931,#1912,#2194,.T.);
#1639=EDGE_CURVE('',#1914,#1897,#273,.T.);
#1640=EDGE_CURVE('',#1935,#1926,#274,.T.);
#1641=EDGE_CURVE('',#1889,#1920,#275,.T.);
#1642=EDGE_CURVE('',#1897,#1891,#2195,.T.);
#1643=EDGE_CURVE('',#1898,#1868,#2196,.T.);
#1644=EDGE_CURVE('',#1934,#1917,#2197,.T.);
#1645=EDGE_CURVE('',#1919,#1895,#276,.T.);
#1646=EDGE_CURVE('',#1938,#1923,#277,.T.);
#1647=EDGE_CURVE('',#1878,#1903,#278,.T.);
#1648=EDGE_CURVE('',#1895,#1880,#2198,.T.);
#1649=EDGE_CURVE('',#1896,#1876,#2199,.T.);
#1650=EDGE_CURVE('',#1937,#1922,#2200,.T.);
#1651=EDGE_CURVE('',#1839,#1848,#279,.T.);
#1652=EDGE_CURVE('',#1838,#1849,#280,.T.);
#1653=EDGE_CURVE('',#1831,#1840,#281,.T.);
#1654=EDGE_CURVE('',#1830,#1841,#282,.T.);
#1655=EDGE_CURVE('',#1823,#1832,#283,.T.);
#1656=EDGE_CURVE('',#1822,#1833,#284,.T.);
#1657=EDGE_CURVE('',#1815,#1824,#285,.T.);
#1658=EDGE_CURVE('',#1814,#1825,#286,.T.);
#1659=EDGE_CURVE('',#1807,#1816,#287,.T.);
#1660=EDGE_CURVE('',#1806,#1817,#288,.T.);
#1661=EDGE_CURVE('',#1799,#1808,#289,.T.);
#1662=EDGE_CURVE('',#1798,#1809,#290,.T.);
#1663=EDGE_CURVE('',#1791,#1800,#291,.T.);
#1664=EDGE_CURVE('',#1790,#1801,#292,.T.);
#1665=EDGE_CURVE('',#1783,#1792,#293,.T.);
#1666=EDGE_CURVE('',#1782,#1793,#294,.T.);
#1667=EDGE_CURVE('',#1775,#1784,#295,.T.);
#1668=EDGE_CURVE('',#1774,#1785,#296,.T.);
#1669=EDGE_CURVE('',#1767,#1776,#297,.T.);
#1670=EDGE_CURVE('',#1766,#1777,#298,.T.);
#1671=EDGE_CURVE('',#1759,#1768,#299,.T.);
#1672=EDGE_CURVE('',#1758,#1769,#300,.T.);
#1673=EDGE_CURVE('',#1846,#1761,#301,.T.);
#1674=EDGE_CURVE('',#1847,#1760,#302,.T.);
#1675=EDGE_CURVE('',#1988,#1988,#303,.T.);
#1676=EDGE_CURVE('',#1989,#1989,#304,.T.);
#1677=EDGE_CURVE('',#1907,#1882,#305,.T.);
#1678=EDGE_CURVE('',#1725,#1750,#2201,.T.);
#1679=EDGE_CURVE('',#1718,#1751,#2202,.T.);
#1680=VERTEX_POINT('',#5020);
#1681=VERTEX_POINT('',#5021);
#1682=VERTEX_POINT('',#5023);
#1683=VERTEX_POINT('',#5025);
#1684=VERTEX_POINT('',#5029);
#1685=VERTEX_POINT('',#5031);
#1686=VERTEX_POINT('',#5033);
#1687=VERTEX_POINT('',#5035);
#1688=VERTEX_POINT('',#5037);
#1689=VERTEX_POINT('',#5039);
#1690=VERTEX_POINT('',#5043);
#1691=VERTEX_POINT('',#5045);
#1692=VERTEX_POINT('',#5048);
#1693=VERTEX_POINT('',#5050);
#1694=VERTEX_POINT('',#5053);
#1695=VERTEX_POINT('',#5055);
#1696=VERTEX_POINT('',#5058);
#1697=VERTEX_POINT('',#5060);
#1698=VERTEX_POINT('',#5063);
#1699=VERTEX_POINT('',#5065);
#1700=VERTEX_POINT('',#5067);
#1701=VERTEX_POINT('',#5071);
#1702=VERTEX_POINT('',#5073);
#1703=VERTEX_POINT('',#5077);
#1704=VERTEX_POINT('',#5080);
#1705=VERTEX_POINT('',#5082);
#1706=VERTEX_POINT('',#5092);
#1707=VERTEX_POINT('',#5095);
#1708=VERTEX_POINT('',#5098);
#1709=VERTEX_POINT('',#5102);
#1710=VERTEX_POINT('',#5107);
#1711=VERTEX_POINT('',#5109);
#1712=VERTEX_POINT('',#5111);
#1713=VERTEX_POINT('',#5113);
#1714=VERTEX_POINT('',#5115);
#1715=VERTEX_POINT('',#5116);
#1716=VERTEX_POINT('',#5118);
#1717=VERTEX_POINT('',#5120);
#1718=VERTEX_POINT('',#5122);
#1719=VERTEX_POINT('',#5124);
#1720=VERTEX_POINT('',#5126);
#1721=VERTEX_POINT('',#5128);
#1722=VERTEX_POINT('',#5130);
#1723=VERTEX_POINT('',#5132);
#1724=VERTEX_POINT('',#5134);
#1725=VERTEX_POINT('',#5136);
#1726=VERTEX_POINT('',#5138);
#1727=VERTEX_POINT('',#5140);
#1728=VERTEX_POINT('',#5142);
#1729=VERTEX_POINT('',#5144);
#1730=VERTEX_POINT('',#5158);
#1731=VERTEX_POINT('',#5159);
#1732=VERTEX_POINT('',#5173);
#1733=VERTEX_POINT('',#5174);
#1734=VERTEX_POINT('',#5179);
#1735=VERTEX_POINT('',#5183);
#1736=VERTEX_POINT('',#5187);
#1737=VERTEX_POINT('',#5188);
#1738=VERTEX_POINT('',#5193);
#1739=VERTEX_POINT('',#5197);
#1740=VERTEX_POINT('',#5201);
#1741=VERTEX_POINT('',#5205);
#1742=VERTEX_POINT('',#5209);
#1743=VERTEX_POINT('',#5210);
#1744=VERTEX_POINT('',#5215);
#1745=VERTEX_POINT('',#5219);
#1746=VERTEX_POINT('',#5223);
#1747=VERTEX_POINT('',#5225);
#1748=VERTEX_POINT('',#5227);
#1749=VERTEX_POINT('',#5229);
#1750=VERTEX_POINT('',#5232);
#1751=VERTEX_POINT('',#5235);
#1752=VERTEX_POINT('',#5347);
#1753=VERTEX_POINT('',#5348);
#1754=VERTEX_POINT('',#5466);
#1755=VERTEX_POINT('',#5467);
#1756=VERTEX_POINT('',#5469);
#1757=VERTEX_POINT('',#5471);
#1758=VERTEX_POINT('',#5475);
#1759=VERTEX_POINT('',#5476);
#1760=VERTEX_POINT('',#5481);
#1761=VERTEX_POINT('',#5482);
#1762=VERTEX_POINT('',#5487);
#1763=VERTEX_POINT('',#5488);
#1764=VERTEX_POINT('',#5490);
#1765=VERTEX_POINT('',#5492);
#1766=VERTEX_POINT('',#5496);
#1767=VERTEX_POINT('',#5497);
#1768=VERTEX_POINT('',#5502);
#1769=VERTEX_POINT('',#5503);
#1770=VERTEX_POINT('',#5508);
#1771=VERTEX_POINT('',#5509);
#1772=VERTEX_POINT('',#5511);
#1773=VERTEX_POINT('',#5513);
#1774=VERTEX_POINT('',#5517);
#1775=VERTEX_POINT('',#5518);
#1776=VERTEX_POINT('',#5523);
#1777=VERTEX_POINT('',#5524);
#1778=VERTEX_POINT('',#5529);
#1779=VERTEX_POINT('',#5530);
#1780=VERTEX_POINT('',#5532);
#1781=VERTEX_POINT('',#5534);
#1782=VERTEX_POINT('',#5538);
#1783=VERTEX_POINT('',#5539);
#1784=VERTEX_POINT('',#5544);
#1785=VERTEX_POINT('',#5545);
#1786=VERTEX_POINT('',#5550);
#1787=VERTEX_POINT('',#5551);
#1788=VERTEX_POINT('',#5553);
#1789=VERTEX_POINT('',#5555);
#1790=VERTEX_POINT('',#5559);
#1791=VERTEX_POINT('',#5560);
#1792=VERTEX_POINT('',#5565);
#1793=VERTEX_POINT('',#5566);
#1794=VERTEX_POINT('',#5571);
#1795=VERTEX_POINT('',#5572);
#1796=VERTEX_POINT('',#5574);
#1797=VERTEX_POINT('',#5576);
#1798=VERTEX_POINT('',#5580);
#1799=VERTEX_POINT('',#5581);
#1800=VERTEX_POINT('',#5586);
#1801=VERTEX_POINT('',#5587);
#1802=VERTEX_POINT('',#5592);
#1803=VERTEX_POINT('',#5593);
#1804=VERTEX_POINT('',#5595);
#1805=VERTEX_POINT('',#5597);
#1806=VERTEX_POINT('',#5601);
#1807=VERTEX_POINT('',#5602);
#1808=VERTEX_POINT('',#5607);
#1809=VERTEX_POINT('',#5608);
#1810=VERTEX_POINT('',#5613);
#1811=VERTEX_POINT('',#5614);
#1812=VERTEX_POINT('',#5616);
#1813=VERTEX_POINT('',#5618);
#1814=VERTEX_POINT('',#5622);
#1815=VERTEX_POINT('',#5623);
#1816=VERTEX_POINT('',#5628);
#1817=VERTEX_POINT('',#5629);
#1818=VERTEX_POINT('',#5634);
#1819=VERTEX_POINT('',#5635);
#1820=VERTEX_POINT('',#5637);
#1821=VERTEX_POINT('',#5639);
#1822=VERTEX_POINT('',#5643);
#1823=VERTEX_POINT('',#5644);
#1824=VERTEX_POINT('',#5649);
#1825=VERTEX_POINT('',#5650);
#1826=VERTEX_POINT('',#5655);
#1827=VERTEX_POINT('',#5656);
#1828=VERTEX_POINT('',#5658);
#1829=VERTEX_POINT('',#5660);
#1830=VERTEX_POINT('',#5664);
#1831=VERTEX_POINT('',#5665);
#1832=VERTEX_POINT('',#5670);
#1833=VERTEX_POINT('',#5671);
#1834=VERTEX_POINT('',#5676);
#1835=VERTEX_POINT('',#5677);
#1836=VERTEX_POINT('',#5679);
#1837=VERTEX_POINT('',#5681);
#1838=VERTEX_POINT('',#5685);
#1839=VERTEX_POINT('',#5686);
#1840=VERTEX_POINT('',#5691);
#1841=VERTEX_POINT('',#5692);
#1842=VERTEX_POINT('',#5697);
#1843=VERTEX_POINT('',#5698);
#1844=VERTEX_POINT('',#5700);
#1845=VERTEX_POINT('',#5702);
#1846=VERTEX_POINT('',#5706);
#1847=VERTEX_POINT('',#5707);
#1848=VERTEX_POINT('',#5712);
#1849=VERTEX_POINT('',#5713);
#1850=VERTEX_POINT('',#5722);
#1851=VERTEX_POINT('',#5723);
#1852=VERTEX_POINT('',#5725);
#1853=VERTEX_POINT('',#5731);
#1854=VERTEX_POINT('',#5739);
#1855=VERTEX_POINT('',#5740);
#1856=VERTEX_POINT('',#5742);
#1857=VERTEX_POINT('',#5748);
#1858=VERTEX_POINT('',#5756);
#1859=VERTEX_POINT('',#5757);
#1860=VERTEX_POINT('',#5759);
#1861=VERTEX_POINT('',#5765);
#1862=VERTEX_POINT('',#5773);
#1863=VERTEX_POINT('',#5774);
#1864=VERTEX_POINT('',#5776);
#1865=VERTEX_POINT('',#5782);
#1866=VERTEX_POINT('',#5790);
#1867=VERTEX_POINT('',#5791);
#1868=VERTEX_POINT('',#5793);
#1869=VERTEX_POINT('',#5799);
#1870=VERTEX_POINT('',#5807);
#1871=VERTEX_POINT('',#5808);
#1872=VERTEX_POINT('',#5810);
#1873=VERTEX_POINT('',#5816);
#1874=VERTEX_POINT('',#5824);
#1875=VERTEX_POINT('',#5825);
#1876=VERTEX_POINT('',#5827);
#1877=VERTEX_POINT('',#5833);
#1878=VERTEX_POINT('',#5837);
#1879=VERTEX_POINT('',#5839);
#1880=VERTEX_POINT('',#5841);
#1881=VERTEX_POINT('',#5845);
#1882=VERTEX_POINT('',#5846);
#1883=VERTEX_POINT('',#5852);
#1884=VERTEX_POINT('',#5854);
#1885=VERTEX_POINT('',#5856);
#1886=VERTEX_POINT('',#5860);
#1887=VERTEX_POINT('',#5862);
#1888=VERTEX_POINT('',#5864);
#1889=VERTEX_POINT('',#5868);
#1890=VERTEX_POINT('',#5870);
#1891=VERTEX_POINT('',#5872);
#1892=VERTEX_POINT('',#5876);
#1893=VERTEX_POINT('',#5879);
#1894=VERTEX_POINT('',#5881);
#1895=VERTEX_POINT('',#5885);
#1896=VERTEX_POINT('',#5887);
#1897=VERTEX_POINT('',#5891);
#1898=VERTEX_POINT('',#5893);
#1899=VERTEX_POINT('',#5897);
#1900=VERTEX_POINT('',#5899);
#1901=VERTEX_POINT('',#5903);
#1902=VERTEX_POINT('',#5905);
#1903=VERTEX_POINT('',#5907);
#1904=VERTEX_POINT('',#5911);
#1905=VERTEX_POINT('',#5913);
#1906=VERTEX_POINT('',#5915);
#1907=VERTEX_POINT('',#5919);
#1908=VERTEX_POINT('',#5920);
#1909=VERTEX_POINT('',#5922);
#1910=VERTEX_POINT('',#5924);
#1911=VERTEX_POINT('',#5928);
#1912=VERTEX_POINT('',#5930);
#1913=VERTEX_POINT('',#5934);
#1914=VERTEX_POINT('',#5936);
#1915=VERTEX_POINT('',#5938);
#1916=VERTEX_POINT('',#5942);
#1917=VERTEX_POINT('',#5944);
#1918=VERTEX_POINT('',#5948);
#1919=VERTEX_POINT('',#5950);
#1920=VERTEX_POINT('',#5952);
#1921=VERTEX_POINT('',#5956);
#1922=VERTEX_POINT('',#5958);
#1923=VERTEX_POINT('',#5962);
#1924=VERTEX_POINT('',#5971);
#1925=VERTEX_POINT('',#5975);
#1926=VERTEX_POINT('',#5979);
#1927=VERTEX_POINT('',#5983);
#1928=VERTEX_POINT('',#5985);
#1929=VERTEX_POINT('',#5990);
#1930=VERTEX_POINT('',#5994);
#1931=VERTEX_POINT('',#5996);
#1932=VERTEX_POINT('',#6001);
#1933=VERTEX_POINT('',#6005);
#1934=VERTEX_POINT('',#6007);
#1935=VERTEX_POINT('',#6012);
#1936=VERTEX_POINT('',#6016);
#1937=VERTEX_POINT('',#6018);
#1938=VERTEX_POINT('',#6023);
#1939=VERTEX_POINT('',#6027);
#1940=VERTEX_POINT('',#6029);
#1941=VERTEX_POINT('',#6032);
#1942=VERTEX_POINT('',#6035);
#1943=VERTEX_POINT('',#6037);
#1944=VERTEX_POINT('',#6040);
#1945=VERTEX_POINT('',#6042);
#1946=VERTEX_POINT('',#6045);
#1947=VERTEX_POINT('',#6047);
#1948=VERTEX_POINT('',#6050);
#1949=VERTEX_POINT('',#6052);
#1950=VERTEX_POINT('',#6055);
#1951=VERTEX_POINT('',#6057);
#1952=VERTEX_POINT('',#6060);
#1953=VERTEX_POINT('',#6062);
#1954=VERTEX_POINT('',#6065);
#1955=VERTEX_POINT('',#6067);
#1956=VERTEX_POINT('',#6070);
#1957=VERTEX_POINT('',#6072);
#1958=VERTEX_POINT('',#6075);
#1959=VERTEX_POINT('',#6077);
#1960=VERTEX_POINT('',#6080);
#1961=VERTEX_POINT('',#6082);
#1962=VERTEX_POINT('',#6085);
#1963=VERTEX_POINT('',#6087);
#1964=VERTEX_POINT('',#6090);
#1965=VERTEX_POINT('',#6092);
#1966=VERTEX_POINT('',#6095);
#1967=VERTEX_POINT('',#6097);
#1968=VERTEX_POINT('',#6100);
#1969=VERTEX_POINT('',#6102);
#1970=VERTEX_POINT('',#6105);
#1971=VERTEX_POINT('',#6107);
#1972=VERTEX_POINT('',#6110);
#1973=VERTEX_POINT('',#6112);
#1974=VERTEX_POINT('',#6115);
#1975=VERTEX_POINT('',#6117);
#1976=VERTEX_POINT('',#6120);
#1977=VERTEX_POINT('',#6122);
#1978=VERTEX_POINT('',#6125);
#1979=VERTEX_POINT('',#6127);
#1980=VERTEX_POINT('',#6130);
#1981=VERTEX_POINT('',#6132);
#1982=VERTEX_POINT('',#6135);
#1983=VERTEX_POINT('',#6137);
#1984=VERTEX_POINT('',#6140);
#1985=VERTEX_POINT('',#6142);
#1986=VERTEX_POINT('',#6145);
#1987=VERTEX_POINT('',#6147);
#1988=VERTEX_POINT('',#6221);
#1989=VERTEX_POINT('',#6246);
#1990=LINE('',#5019,#2203);
#1991=LINE('',#5022,#2204);
#1992=LINE('',#5024,#2205);
#1993=LINE('',#5026,#2206);
#1994=LINE('',#5028,#2207);
#1995=LINE('',#5030,#2208);
#1996=LINE('',#5032,#2209);
#1997=LINE('',#5034,#2210);
#1998=LINE('',#5036,#2211);
#1999=LINE('',#5038,#2212);
#2000=LINE('',#5040,#2213);
#2001=LINE('',#5064,#2214);
#2002=LINE('',#5066,#2215);
#2003=LINE('',#5068,#2216);
#2004=LINE('',#5072,#2217);
#2005=LINE('',#5074,#2218);
#2006=LINE('',#5076,#2219);
#2007=LINE('',#5078,#2220);
#2008=LINE('',#5079,#2221);
#2009=LINE('',#5081,#2222);
#2010=LINE('',#5083,#2223);
#2011=LINE('',#5085,#2224);
#2012=LINE('',#5088,#2225);
#2013=LINE('',#5089,#2226);
#2014=LINE('',#5175,#2227);
#2015=LINE('',#5176,#2228);
#2016=LINE('',#5180,#2229);
#2017=LINE('',#5184,#2230);
#2018=LINE('',#5189,#2231);
#2019=LINE('',#5190,#2232);
#2020=LINE('',#5194,#2233);
#2021=LINE('',#5198,#2234);
#2022=LINE('',#5202,#2235);
#2023=LINE('',#5206,#2236);
#2024=LINE('',#5211,#2237);
#2025=LINE('',#5212,#2238);
#2026=LINE('',#5216,#2239);
#2027=LINE('',#5220,#2240);
#2028=LINE('',#5349,#2241);
#2029=LINE('',#5468,#2242);
#2030=LINE('',#5472,#2243);
#2031=LINE('',#5474,#2244);
#2032=LINE('',#5477,#2245);
#2033=LINE('',#5478,#2246);
#2034=LINE('',#5480,#2247);
#2035=LINE('',#5483,#2248);
#2036=LINE('',#5484,#2249);
#2037=LINE('',#5489,#2250);
#2038=LINE('',#5493,#2251);
#2039=LINE('',#5495,#2252);
#2040=LINE('',#5498,#2253);
#2041=LINE('',#5499,#2254);
#2042=LINE('',#5501,#2255);
#2043=LINE('',#5504,#2256);
#2044=LINE('',#5505,#2257);
#2045=LINE('',#5510,#2258);
#2046=LINE('',#5514,#2259);
#2047=LINE('',#5516,#2260);
#2048=LINE('',#5519,#2261);
#2049=LINE('',#5520,#2262);
#2050=LINE('',#5522,#2263);
#2051=LINE('',#5525,#2264);
#2052=LINE('',#5526,#2265);
#2053=LINE('',#5531,#2266);
#2054=LINE('',#5535,#2267);
#2055=LINE('',#5537,#2268);
#2056=LINE('',#5540,#2269);
#2057=LINE('',#5541,#2270);
#2058=LINE('',#5543,#2271);
#2059=LINE('',#5546,#2272);
#2060=LINE('',#5547,#2273);
#2061=LINE('',#5552,#2274);
#2062=LINE('',#5556,#2275);
#2063=LINE('',#5558,#2276);
#2064=LINE('',#5561,#2277);
#2065=LINE('',#5562,#2278);
#2066=LINE('',#5564,#2279);
#2067=LINE('',#5567,#2280);
#2068=LINE('',#5568,#2281);
#2069=LINE('',#5570,#2282);
#2070=LINE('',#5575,#2283);
#2071=LINE('',#5579,#2284);
#2072=LINE('',#5582,#2285);
#2073=LINE('',#5583,#2286);
#2074=LINE('',#5585,#2287);
#2075=LINE('',#5588,#2288);
#2076=LINE('',#5589,#2289);
#2077=LINE('',#5594,#2290);
#2078=LINE('',#5598,#2291);
#2079=LINE('',#5600,#2292);
#2080=LINE('',#5603,#2293);
#2081=LINE('',#5604,#2294);
#2082=LINE('',#5606,#2295);
#2083=LINE('',#5609,#2296);
#2084=LINE('',#5610,#2297);
#2085=LINE('',#5615,#2298);
#2086=LINE('',#5619,#2299);
#2087=LINE('',#5621,#2300);
#2088=LINE('',#5624,#2301);
#2089=LINE('',#5625,#2302);
#2090=LINE('',#5627,#2303);
#2091=LINE('',#5630,#2304);
#2092=LINE('',#5631,#2305);
#2093=LINE('',#5636,#2306);
#2094=LINE('',#5640,#2307);
#2095=LINE('',#5642,#2308);
#2096=LINE('',#5645,#2309);
#2097=LINE('',#5646,#2310);
#2098=LINE('',#5648,#2311);
#2099=LINE('',#5651,#2312);
#2100=LINE('',#5652,#2313);
#2101=LINE('',#5657,#2314);
#2102=LINE('',#5661,#2315);
#2103=LINE('',#5663,#2316);
#2104=LINE('',#5666,#2317);
#2105=LINE('',#5667,#2318);
#2106=LINE('',#5669,#2319);
#2107=LINE('',#5672,#2320);
#2108=LINE('',#5673,#2321);
#2109=LINE('',#5678,#2322);
#2110=LINE('',#5682,#2323);
#2111=LINE('',#5684,#2324);
#2112=LINE('',#5687,#2325);
#2113=LINE('',#5688,#2326);
#2114=LINE('',#5690,#2327);
#2115=LINE('',#5693,#2328);
#2116=LINE('',#5694,#2329);
#2117=LINE('',#5699,#2330);
#2118=LINE('',#5703,#2331);
#2119=LINE('',#5705,#2332);
#2120=LINE('',#5708,#2333);
#2121=LINE('',#5709,#2334);
#2122=LINE('',#5711,#2335);
#2123=LINE('',#5714,#2336);
#2124=LINE('',#5715,#2337);
#2125=LINE('',#5836,#2338);
#2126=LINE('',#5838,#2339);
#2127=LINE('',#5840,#2340);
#2128=LINE('',#5842,#2341);
#2129=LINE('',#5844,#2342);
#2130=LINE('',#5853,#2343);
#2131=LINE('',#5855,#2344);
#2132=LINE('',#5857,#2345);
#2133=LINE('',#5859,#2346);
#2134=LINE('',#5861,#2347);
#2135=LINE('',#5863,#2348);
#2136=LINE('',#5865,#2349);
#2137=LINE('',#5867,#2350);
#2138=LINE('',#5869,#2351);
#2139=LINE('',#5871,#2352);
#2140=LINE('',#5873,#2353);
#2141=LINE('',#5880,#2354);
#2142=LINE('',#5886,#2355);
#2143=LINE('',#5892,#2356);
#2144=LINE('',#5898,#2357);
#2145=LINE('',#5904,#2358);
#2146=LINE('',#5908,#2359);
#2147=LINE('',#5912,#2360);
#2148=LINE('',#5916,#2361);
#2149=LINE('',#5921,#2362);
#2150=LINE('',#5925,#2363);
#2151=LINE('',#5927,#2364);
#2152=LINE('',#5931,#2365);
#2153=LINE('',#5935,#2366);
#2154=LINE('',#5939,#2367);
#2155=LINE('',#5941,#2368);
#2156=LINE('',#5945,#2369);
#2157=LINE('',#5949,#2370);
#2158=LINE('',#5953,#2371);
#2159=LINE('',#5955,#2372);
#2160=LINE('',#5959,#2373);
#2161=LINE('',#5961,#2374);
#2162=LINE('',#5963,#2375);
#2163=LINE('',#5970,#2376);
#2164=LINE('',#5972,#2377);
#2165=LINE('',#5974,#2378);
#2166=LINE('',#5976,#2379);
#2167=LINE('',#5978,#2380);
#2168=LINE('',#5980,#2381);
#2169=LINE('',#5982,#2382);
#2170=LINE('',#5984,#2383);
#2171=LINE('',#5988,#2384);
#2172=LINE('',#5989,#2385);
#2173=LINE('',#5991,#2386);
#2174=LINE('',#5993,#2387);
#2175=LINE('',#5995,#2388);
#2176=LINE('',#5999,#2389);
#2177=LINE('',#6000,#2390);
#2178=LINE('',#6002,#2391);
#2179=LINE('',#6004,#2392);
#2180=LINE('',#6006,#2393);
#2181=LINE('',#6010,#2394);
#2182=LINE('',#6011,#2395);
#2183=LINE('',#6013,#2396);
#2184=LINE('',#6015,#2397);
#2185=LINE('',#6017,#2398);
#2186=LINE('',#6021,#2399);
#2187=LINE('',#6022,#2400);
#2188=LINE('',#6024,#2401);
#2189=LINE('',#6152,#2402);
#2190=LINE('',#6154,#2403);
#2191=LINE('',#6155,#2404);
#2192=LINE('',#6160,#2405);
#2193=LINE('',#6162,#2406);
#2194=LINE('',#6163,#2407);
#2195=LINE('',#6168,#2408);
#2196=LINE('',#6170,#2409);
#2197=LINE('',#6171,#2410);
#2198=LINE('',#6176,#2411);
#2199=LINE('',#6178,#2412);
#2200=LINE('',#6179,#2413);
#2201=LINE('',#6257,#2414);
#2202=LINE('',#6260,#2415);
#2203=VECTOR('',#4018,1.);
#2204=VECTOR('',#4019,1.);
#2205=VECTOR('',#4020,1.);
#2206=VECTOR('',#4021,1.);
#2207=VECTOR('',#4024,1.);
#2208=VECTOR('',#4025,1.);
#2209=VECTOR('',#4026,1.);
#2210=VECTOR('',#4027,1.);
#2211=VECTOR('',#4028,1.);
#2212=VECTOR('',#4029,1.);
#2213=VECTOR('',#4030,1.);
#2214=VECTOR('',#4059,1.);
#2215=VECTOR('',#4060,1.);
#2216=VECTOR('',#4061,1.);
#2217=VECTOR('',#4066,1.);
#2218=VECTOR('',#4067,1.);
#2219=VECTOR('',#4070,1.);
#2220=VECTOR('',#4071,1.);
#2221=VECTOR('',#4072,1.);
#2222=VECTOR('',#4073,1.);
#2223=VECTOR('',#4074,1.);
#2224=VECTOR('',#4077,1.);
#2225=VECTOR('',#4082,1.);
#2226=VECTOR('',#4083,1.);
#2227=VECTOR('',#4152,1.);
#2228=VECTOR('',#4153,1.);
#2229=VECTOR('',#4158,1.);
#2230=VECTOR('',#4163,1.);
#2231=VECTOR('',#4168,1.);
#2232=VECTOR('',#4169,1.);
#2233=VECTOR('',#4174,1.);
#2234=VECTOR('',#4179,1.);
#2235=VECTOR('',#4184,1.);
#2236=VECTOR('',#4189,1.);
#2237=VECTOR('',#4194,1.);
#2238=VECTOR('',#4195,1.);
#2239=VECTOR('',#4200,1.);
#2240=VECTOR('',#4205,1.);
#2241=VECTOR('',#4226,1.);
#2242=VECTOR('',#4231,1.);
#2243=VECTOR('',#4234,1.);
#2244=VECTOR('',#4237,1.);
#2245=VECTOR('',#4238,1.);
#2246=VECTOR('',#4239,1.);
#2247=VECTOR('',#4242,1.);
#2248=VECTOR('',#4243,1.);
#2249=VECTOR('',#4244,1.);
#2250=VECTOR('',#4249,1.);
#2251=VECTOR('',#4252,1.);
#2252=VECTOR('',#4255,1.);
#2253=VECTOR('',#4256,1.);
#2254=VECTOR('',#4257,1.);
#2255=VECTOR('',#4260,1.);
#2256=VECTOR('',#4261,1.);
#2257=VECTOR('',#4262,1.);
#2258=VECTOR('',#4267,1.);
#2259=VECTOR('',#4270,1.);
#2260=VECTOR('',#4273,1.);
#2261=VECTOR('',#4274,1.);
#2262=VECTOR('',#4275,1.);
#2263=VECTOR('',#4278,1.);
#2264=VECTOR('',#4279,1.);
#2265=VECTOR('',#4280,1.);
#2266=VECTOR('',#4285,1.);
#2267=VECTOR('',#4288,1.);
#2268=VECTOR('',#4291,1.);
#2269=VECTOR('',#4292,1.);
#2270=VECTOR('',#4293,1.);
#2271=VECTOR('',#4296,1.);
#2272=VECTOR('',#4297,1.);
#2273=VECTOR('',#4298,1.);
#2274=VECTOR('',#4303,1.);
#2275=VECTOR('',#4306,1.);
#2276=VECTOR('',#4309,1.);
#2277=VECTOR('',#4310,1.);
#2278=VECTOR('',#4311,1.);
#2279=VECTOR('',#4314,1.);
#2280=VECTOR('',#4315,1.);
#2281=VECTOR('',#4316,1.);
#2282=VECTOR('',#4319,1.);
#2283=VECTOR('',#4322,1.);
#2284=VECTOR('',#4327,1.);
#2285=VECTOR('',#4328,1.);
#2286=VECTOR('',#4329,1.);
#2287=VECTOR('',#4332,1.);
#2288=VECTOR('',#4333,1.);
#2289=VECTOR('',#4334,1.);
#2290=VECTOR('',#4339,1.);
#2291=VECTOR('',#4342,1.);
#2292=VECTOR('',#4345,1.);
#2293=VECTOR('',#4346,1.);
#2294=VECTOR('',#4347,1.);
#2295=VECTOR('',#4350,1.);
#2296=VECTOR('',#4351,1.);
#2297=VECTOR('',#4352,1.);
#2298=VECTOR('',#4357,1.);
#2299=VECTOR('',#4360,1.);
#2300=VECTOR('',#4363,1.);
#2301=VECTOR('',#4364,1.);
#2302=VECTOR('',#4365,1.);
#2303=VECTOR('',#4368,1.);
#2304=VECTOR('',#4369,1.);
#2305=VECTOR('',#4370,1.);
#2306=VECTOR('',#4375,1.);
#2307=VECTOR('',#4378,1.);
#2308=VECTOR('',#4381,1.);
#2309=VECTOR('',#4382,1.);
#2310=VECTOR('',#4383,1.);
#2311=VECTOR('',#4386,1.);
#2312=VECTOR('',#4387,1.);
#2313=VECTOR('',#4388,1.);
#2314=VECTOR('',#4393,1.);
#2315=VECTOR('',#4396,1.);
#2316=VECTOR('',#4399,1.);
#2317=VECTOR('',#4400,1.);
#2318=VECTOR('',#4401,1.);
#2319=VECTOR('',#4404,1.);
#2320=VECTOR('',#4405,1.);
#2321=VECTOR('',#4406,1.);
#2322=VECTOR('',#4411,1.);
#2323=VECTOR('',#4414,1.);
#2324=VECTOR('',#4417,1.);
#2325=VECTOR('',#4418,1.);
#2326=VECTOR('',#4419,1.);
#2327=VECTOR('',#4422,1.);
#2328=VECTOR('',#4423,1.);
#2329=VECTOR('',#4424,1.);
#2330=VECTOR('',#4429,1.);
#2331=VECTOR('',#4432,1.);
#2332=VECTOR('',#4435,1.);
#2333=VECTOR('',#4436,1.);
#2334=VECTOR('',#4437,1.);
#2335=VECTOR('',#4440,1.);
#2336=VECTOR('',#4441,1.);
#2337=VECTOR('',#4442,1.);
#2338=VECTOR('',#4487,1.);
#2339=VECTOR('',#4488,1.);
#2340=VECTOR('',#4489,1.);
#2341=VECTOR('',#4490,1.);
#2342=VECTOR('',#4493,1.);
#2343=VECTOR('',#4494,1.);
#2344=VECTOR('',#4495,1.);
#2345=VECTOR('',#4496,1.);
#2346=VECTOR('',#4499,1.);
#2347=VECTOR('',#4500,1.);
#2348=VECTOR('',#4501,1.);
#2349=VECTOR('',#4502,1.);
#2350=VECTOR('',#4505,1.);
#2351=VECTOR('',#4506,1.);
#2352=VECTOR('',#4507,1.);
#2353=VECTOR('',#4508,1.);
#2354=VECTOR('',#4517,1.);
#2355=VECTOR('',#4524,1.);
#2356=VECTOR('',#4531,1.);
#2357=VECTOR('',#4538,1.);
#2358=VECTOR('',#4545,1.);
#2359=VECTOR('',#4548,1.);
#2360=VECTOR('',#4553,1.);
#2361=VECTOR('',#4556,1.);
#2362=VECTOR('',#4561,1.);
#2363=VECTOR('',#4564,1.);
#2364=VECTOR('',#4567,1.);
#2365=VECTOR('',#4570,1.);
#2366=VECTOR('',#4575,1.);
#2367=VECTOR('',#4578,1.);
#2368=VECTOR('',#4581,1.);
#2369=VECTOR('',#4584,1.);
#2370=VECTOR('',#4589,1.);
#2371=VECTOR('',#4592,1.);
#2372=VECTOR('',#4595,1.);
#2373=VECTOR('',#4598,1.);
#2374=VECTOR('',#4601,1.);
#2375=VECTOR('',#4602,1.);
#2376=VECTOR('',#4605,1.);
#2377=VECTOR('',#4606,1.);
#2378=VECTOR('',#4609,1.);
#2379=VECTOR('',#4610,1.);
#2380=VECTOR('',#4613,1.);
#2381=VECTOR('',#4614,1.);
#2382=VECTOR('',#4617,1.);
#2383=VECTOR('',#4618,1.);
#2384=VECTOR('',#4623,1.);
#2385=VECTOR('',#4624,1.);
#2386=VECTOR('',#4625,1.);
#2387=VECTOR('',#4628,1.);
#2388=VECTOR('',#4629,1.);
#2389=VECTOR('',#4634,1.);
#2390=VECTOR('',#4635,1.);
#2391=VECTOR('',#4636,1.);
#2392=VECTOR('',#4639,1.);
#2393=VECTOR('',#4640,1.);
#2394=VECTOR('',#4645,1.);
#2395=VECTOR('',#4646,1.);
#2396=VECTOR('',#4647,1.);
#2397=VECTOR('',#4650,1.);
#2398=VECTOR('',#4651,1.);
#2399=VECTOR('',#4656,1.);
#2400=VECTOR('',#4657,1.);
#2401=VECTOR('',#4658,1.);
#2402=VECTOR('',#4815,1.);
#2403=VECTOR('',#4818,1.);
#2404=VECTOR('',#4819,1.);
#2405=VECTOR('',#4828,1.);
#2406=VECTOR('',#4831,1.);
#2407=VECTOR('',#4832,1.);
#2408=VECTOR('',#4841,1.);
#2409=VECTOR('',#4844,1.);
#2410=VECTOR('',#4845,1.);
#2411=VECTOR('',#4854,1.);
#2412=VECTOR('',#4857,1.);
#2413=VECTOR('',#4858,1.);
#2414=VECTOR('',#5009,1.);
#2415=VECTOR('',#5014,1.);
#2416=EDGE_LOOP('',(#360,#361,#362,#363));
#2417=EDGE_LOOP('',(#364,#365,#366,#367,#368,#369,#370,#371));
#2418=EDGE_LOOP('',(#372));
#2419=EDGE_LOOP('',(#373));
#2420=EDGE_LOOP('',(#374));
#2421=EDGE_LOOP('',(#375));
#2422=EDGE_LOOP('',(#376));
#2423=EDGE_LOOP('',(#377));
#2424=EDGE_LOOP('',(#378));
#2425=EDGE_LOOP('',(#379));
#2426=EDGE_LOOP('',(#380));
#2427=EDGE_LOOP('',(#381,#382,#383,#384));
#2428=EDGE_LOOP('',(#385));
#2429=EDGE_LOOP('',(#386,#387,#388,#389));
#2430=EDGE_LOOP('',(#390,#391,#392,#393,#394,#395,#396,#397));
#2431=EDGE_LOOP('',(#398,#399,#400,#401));
#2432=EDGE_LOOP('',(#402,#403,#404,#405));
#2433=EDGE_LOOP('',(#406));
#2434=EDGE_LOOP('',(#407));
#2435=EDGE_LOOP('',(#408));
#2436=EDGE_LOOP('',(#409));
#2437=EDGE_LOOP('',(#410,#411,#412,#413));
#2438=EDGE_LOOP('',(#414));
#2439=EDGE_LOOP('',(#415));
#2440=EDGE_LOOP('',(#416));
#2441=EDGE_LOOP('',(#417));
#2442=EDGE_LOOP('',(#418));
#2443=EDGE_LOOP('',(#419,#420,#421,#422));
#2444=EDGE_LOOP('',(#423));
#2445=EDGE_LOOP('',(#424,#425,#426,#427));
#2446=EDGE_LOOP('',(#428));
#2447=EDGE_LOOP('',(#429));
#2448=EDGE_LOOP('',(#430));
#2449=EDGE_LOOP('',(#431));
#2450=EDGE_LOOP('',(#432));
#2451=EDGE_LOOP('',(#433));
#2452=EDGE_LOOP('',(#434));
#2453=EDGE_LOOP('',(#435));
#2454=EDGE_LOOP('',(#436));
#2455=EDGE_LOOP('',(#437));
#2456=EDGE_LOOP('',(#438));
#2457=EDGE_LOOP('',(#439));
#2458=EDGE_LOOP('',(#440,#441,#442,#443,#444,#445,#446,#447,#448,#449,#450,
#451,#452,#453,#454,#455));
#2459=EDGE_LOOP('',(#456,#457));
#2460=EDGE_LOOP('',(#458,#459,#460,#461));
#2461=EDGE_LOOP('',(#462,#463,#464,#465));
#2462=EDGE_LOOP('',(#466,#467,#468,#469));
#2463=EDGE_LOOP('',(#470,#471,#472,#473));
#2464=EDGE_LOOP('',(#474,#475,#476,#477));
#2465=EDGE_LOOP('',(#478,#479,#480,#481));
#2466=EDGE_LOOP('',(#482,#483,#484,#485));
#2467=EDGE_LOOP('',(#486,#487,#488,#489));
#2468=EDGE_LOOP('',(#490,#491,#492,#493));
#2469=EDGE_LOOP('',(#494,#495,#496,#497));
#2470=EDGE_LOOP('',(#498,#499,#500,#501));
#2471=EDGE_LOOP('',(#502));
#2472=EDGE_LOOP('',(#503));
#2473=EDGE_LOOP('',(#504));
#2474=EDGE_LOOP('',(#505));
#2475=EDGE_LOOP('',(#506,#507,#508,#509,#510,#511,#512,#513,#514,#515,#516,
#517,#518,#519,#520,#521));
#2476=EDGE_LOOP('',(#522,#523,#524,#525));
#2477=EDGE_LOOP('',(#526,#527,#528,#529));
#2478=EDGE_LOOP('',(#530,#531,#532,#533));
#2479=EDGE_LOOP('',(#534,#535,#536,#537));
#2480=EDGE_LOOP('',(#538,#539,#540,#541));
#2481=EDGE_LOOP('',(#542,#543,#544,#545));
#2482=EDGE_LOOP('',(#546,#547,#548,#549));
#2483=EDGE_LOOP('',(#550,#551,#552,#553));
#2484=EDGE_LOOP('',(#554,#555,#556,#557));
#2485=EDGE_LOOP('',(#558,#559,#560,#561));
#2486=EDGE_LOOP('',(#562,#563,#564,#565));
#2487=EDGE_LOOP('',(#566,#567,#568,#569));
#2488=EDGE_LOOP('',(#570,#571,#572,#573));
#2489=EDGE_LOOP('',(#574,#575,#576,#577));
#2490=EDGE_LOOP('',(#578,#579,#580,#581));
#2491=EDGE_LOOP('',(#582,#583,#584,#585));
#2492=EDGE_LOOP('',(#586,#587,#588,#589));
#2493=EDGE_LOOP('',(#590,#591,#592,#593));
#2494=EDGE_LOOP('',(#594,#595,#596,#597));
#2495=EDGE_LOOP('',(#598,#599,#600,#601));
#2496=EDGE_LOOP('',(#602,#603,#604,#605));
#2497=EDGE_LOOP('',(#606,#607,#608,#609));
#2498=EDGE_LOOP('',(#610,#611,#612,#613));
#2499=EDGE_LOOP('',(#614,#615,#616,#617));
#2500=EDGE_LOOP('',(#618,#619,#620,#621));
#2501=EDGE_LOOP('',(#622,#623,#624,#625));
#2502=EDGE_LOOP('',(#626,#627,#628,#629));
#2503=EDGE_LOOP('',(#630,#631,#632,#633));
#2504=EDGE_LOOP('',(#634,#635,#636,#637));
#2505=EDGE_LOOP('',(#638,#639,#640,#641));
#2506=EDGE_LOOP('',(#642,#643,#644,#645));
#2507=EDGE_LOOP('',(#646,#647,#648,#649));
#2508=EDGE_LOOP('',(#650,#651,#652,#653));
#2509=EDGE_LOOP('',(#654,#655,#656,#657));
#2510=EDGE_LOOP('',(#658,#659,#660,#661));
#2511=EDGE_LOOP('',(#662,#663,#664,#665));
#2512=EDGE_LOOP('',(#666,#667,#668,#669));
#2513=EDGE_LOOP('',(#670,#671,#672,#673));
#2514=EDGE_LOOP('',(#674,#675,#676,#677));
#2515=EDGE_LOOP('',(#678,#679,#680,#681));
#2516=EDGE_LOOP('',(#682,#683,#684,#685));
#2517=EDGE_LOOP('',(#686,#687,#688,#689));
#2518=EDGE_LOOP('',(#690,#691,#692,#693));
#2519=EDGE_LOOP('',(#694,#695,#696,#697));
#2520=EDGE_LOOP('',(#698,#699,#700,#701));
#2521=EDGE_LOOP('',(#702,#703,#704,#705,#706));
#2522=EDGE_LOOP('',(#707,#708,#709,#710,#711));
#2523=EDGE_LOOP('',(#712,#713,#714,#715,#716));
#2524=EDGE_LOOP('',(#717,#718,#719,#720,#721));
#2525=EDGE_LOOP('',(#722));
#2526=EDGE_LOOP('',(#723,#724));
#2527=EDGE_LOOP('',(#725,#726,#727,#728));
#2528=EDGE_LOOP('',(#729,#730,#731,#732));
#2529=EDGE_LOOP('',(#733,#734,#735,#736));
#2530=EDGE_LOOP('',(#737,#738,#739,#740));
#2531=EDGE_LOOP('',(#741,#742,#743,#744));
#2532=EDGE_LOOP('',(#745,#746,#747,#748,#749));
#2533=EDGE_LOOP('',(#750,#751,#752,#753));
#2534=EDGE_LOOP('',(#754,#755,#756,#757,#758));
#2535=EDGE_LOOP('',(#759,#760,#761,#762));
#2536=EDGE_LOOP('',(#763,#764,#765,#766,#767));
#2537=EDGE_LOOP('',(#768,#769,#770,#771));
#2538=EDGE_LOOP('',(#772,#773,#774,#775,#776));
#2539=EDGE_LOOP('',(#777,#778,#779,#780,#781));
#2540=EDGE_LOOP('',(#782,#783,#784,#785,#786));
#2541=EDGE_LOOP('',(#787,#788,#789,#790,#791));
#2542=EDGE_LOOP('',(#792,#793,#794,#795,#796));
#2543=EDGE_LOOP('',(#797,#798,#799,#800));
#2544=EDGE_LOOP('',(#801,#802,#803,#804,#805,#806));
#2545=EDGE_LOOP('',(#807,#808,#809,#810));
#2546=EDGE_LOOP('',(#811,#812,#813,#814,#815,#816));
#2547=EDGE_LOOP('',(#817,#818,#819,#820));
#2548=EDGE_LOOP('',(#821,#822,#823,#824,#825,#826));
#2549=EDGE_LOOP('',(#827,#828,#829,#830));
#2550=EDGE_LOOP('',(#831,#832,#833,#834,#835,#836));
#2551=EDGE_LOOP('',(#837));
#2552=EDGE_LOOP('',(#838));
#2553=EDGE_LOOP('',(#839));
#2554=EDGE_LOOP('',(#840));
#2555=EDGE_LOOP('',(#841));
#2556=EDGE_LOOP('',(#842));
#2557=EDGE_LOOP('',(#843));
#2558=EDGE_LOOP('',(#844));
#2559=EDGE_LOOP('',(#845));
#2560=EDGE_LOOP('',(#846));
#2561=EDGE_LOOP('',(#847));
#2562=EDGE_LOOP('',(#848));
#2563=EDGE_LOOP('',(#849));
#2564=EDGE_LOOP('',(#850));
#2565=EDGE_LOOP('',(#851));
#2566=EDGE_LOOP('',(#852));
#2567=EDGE_LOOP('',(#853));
#2568=EDGE_LOOP('',(#854));
#2569=EDGE_LOOP('',(#855));
#2570=EDGE_LOOP('',(#856));
#2571=EDGE_LOOP('',(#857));
#2572=EDGE_LOOP('',(#858));
#2573=EDGE_LOOP('',(#859));
#2574=EDGE_LOOP('',(#860));
#2575=EDGE_LOOP('',(#861));
#2576=EDGE_LOOP('',(#862));
#2577=EDGE_LOOP('',(#863));
#2578=EDGE_LOOP('',(#864));
#2579=EDGE_LOOP('',(#865));
#2580=EDGE_LOOP('',(#866));
#2581=EDGE_LOOP('',(#867));
#2582=EDGE_LOOP('',(#868));
#2583=EDGE_LOOP('',(#869));
#2584=EDGE_LOOP('',(#870));
#2585=EDGE_LOOP('',(#871));
#2586=EDGE_LOOP('',(#872));
#2587=EDGE_LOOP('',(#873));
#2588=EDGE_LOOP('',(#874));
#2589=EDGE_LOOP('',(#875));
#2590=EDGE_LOOP('',(#876));
#2591=EDGE_LOOP('',(#877));
#2592=EDGE_LOOP('',(#878));
#2593=EDGE_LOOP('',(#879));
#2594=EDGE_LOOP('',(#880));
#2595=EDGE_LOOP('',(#881));
#2596=EDGE_LOOP('',(#882));
#2597=EDGE_LOOP('',(#883));
#2598=EDGE_LOOP('',(#884));
#2599=EDGE_LOOP('',(#885));
#2600=EDGE_LOOP('',(#886,#887,#888,#889,#890,#891,#892));
#2601=EDGE_LOOP('',(#893,#894,#895,#896,#897,#898,#899,#900));
#2602=EDGE_LOOP('',(#901,#902,#903,#904,#905,#906,#907));
#2603=EDGE_LOOP('',(#908,#909,#910,#911,#912,#913,#914,#915));
#2604=EDGE_LOOP('',(#916,#917,#918,#919,#920,#921,#922));
#2605=EDGE_LOOP('',(#923,#924,#925,#926,#927,#928,#929,#930));
#2606=EDGE_LOOP('',(#931,#932,#933,#934,#935,#936,#937));
#2607=EDGE_LOOP('',(#938,#939,#940,#941,#942,#943,#944,#945));
#2608=EDGE_LOOP('',(#946,#947,#948,#949));
#2609=EDGE_LOOP('',(#950,#951,#952,#953));
#2610=EDGE_LOOP('',(#954,#955,#956,#957));
#2611=EDGE_LOOP('',(#958,#959,#960,#961));
#2612=EDGE_LOOP('',(#962,#963,#964,#965));
#2613=EDGE_LOOP('',(#966,#967,#968,#969));
#2614=EDGE_LOOP('',(#970,#971,#972,#973));
#2615=EDGE_LOOP('',(#974,#975,#976,#977));
#2616=EDGE_LOOP('',(#978,#979,#980,#981));
#2617=EDGE_LOOP('',(#982,#983,#984,#985));
#2618=EDGE_LOOP('',(#986,#987,#988,#989));
#2619=EDGE_LOOP('',(#990,#991,#992,#993));
#2620=EDGE_LOOP('',(#994,#995,#996,#997,#998,#999,#1000,#1001,#1002,#1003,
#1004,#1005,#1006,#1007,#1008,#1009,#1010,#1011,#1012,#1013,#1014,#1015,
#1016,#1017,#1018,#1019,#1020,#1021,#1022,#1023,#1024,#1025,#1026,#1027,
#1028,#1029,#1030,#1031,#1032,#1033,#1034,#1035,#1036,#1037,#1038,#1039,
#1040,#1041));
#2621=EDGE_LOOP('',(#1042));
#2622=EDGE_LOOP('',(#1043,#1044,#1045,#1046,#1047,#1048));
#2623=EDGE_LOOP('',(#1049,#1050,#1051,#1052,#1053,#1054));
#2624=EDGE_LOOP('',(#1055,#1056,#1057,#1058,#1059,#1060));
#2625=EDGE_LOOP('',(#1061,#1062,#1063,#1064,#1065,#1066));
#2626=EDGE_LOOP('',(#1067,#1068,#1069,#1070,#1071,#1072,#1073,#1074,#1075,
#1076,#1077,#1078,#1079,#1080,#1081,#1082));
#2627=EDGE_LOOP('',(#1083,#1084,#1085,#1086,#1087,#1088,#1089,#1090,#1091,
#1092,#1093,#1094,#1095,#1096,#1097,#1098,#1099,#1100,#1101,#1102,#1103,
#1104,#1105,#1106,#1107,#1108,#1109,#1110,#1111,#1112,#1113,#1114,#1115,
#1116,#1117,#1118,#1119,#1120,#1121,#1122,#1123,#1124,#1125,#1126,#1127,
#1128,#1129,#1130));
#2628=EDGE_LOOP('',(#1131));
#2629=EDGE_LOOP('',(#1132));
#2630=EDGE_LOOP('',(#1133));
#2631=EDGE_LOOP('',(#1134));
#2632=EDGE_LOOP('',(#1135));
#2633=EDGE_LOOP('',(#1136));
#2634=EDGE_LOOP('',(#1137));
#2635=EDGE_LOOP('',(#1138));
#2636=EDGE_LOOP('',(#1139));
#2637=EDGE_LOOP('',(#1140));
#2638=EDGE_LOOP('',(#1141));
#2639=EDGE_LOOP('',(#1142));
#2640=EDGE_LOOP('',(#1143));
#2641=EDGE_LOOP('',(#1144));
#2642=EDGE_LOOP('',(#1145));
#2643=EDGE_LOOP('',(#1146));
#2644=EDGE_LOOP('',(#1147));
#2645=EDGE_LOOP('',(#1148));
#2646=EDGE_LOOP('',(#1149));
#2647=EDGE_LOOP('',(#1150));
#2648=EDGE_LOOP('',(#1151));
#2649=EDGE_LOOP('',(#1152));
#2650=EDGE_LOOP('',(#1153));
#2651=EDGE_LOOP('',(#1154));
#2652=EDGE_LOOP('',(#1155));
#2653=EDGE_LOOP('',(#1156));
#2654=EDGE_LOOP('',(#1157));
#2655=EDGE_LOOP('',(#1158));
#2656=EDGE_LOOP('',(#1159));
#2657=EDGE_LOOP('',(#1160));
#2658=EDGE_LOOP('',(#1161));
#2659=EDGE_LOOP('',(#1162));
#2660=EDGE_LOOP('',(#1163));
#2661=EDGE_LOOP('',(#1164));
#2662=EDGE_LOOP('',(#1165));
#2663=EDGE_LOOP('',(#1166));
#2664=EDGE_LOOP('',(#1167));
#2665=EDGE_LOOP('',(#1168));
#2666=EDGE_LOOP('',(#1169));
#2667=EDGE_LOOP('',(#1170));
#2668=EDGE_LOOP('',(#1171));
#2669=EDGE_LOOP('',(#1172));
#2670=EDGE_LOOP('',(#1173));
#2671=EDGE_LOOP('',(#1174));
#2672=EDGE_LOOP('',(#1175));
#2673=EDGE_LOOP('',(#1176));
#2674=EDGE_LOOP('',(#1177));
#2675=EDGE_LOOP('',(#1178));
#2676=EDGE_LOOP('',(#1179));
#2677=EDGE_LOOP('',(#1180));
#2678=EDGE_LOOP('',(#1181));
#2679=EDGE_LOOP('',(#1182));
#2680=EDGE_LOOP('',(#1183,#1184,#1185,#1186,#1187,#1188,#1189,#1190,#1191,
#1192,#1193,#1194,#1195,#1196,#1197,#1198,#1199,#1200,#1201,#1202,#1203,
#1204,#1205,#1206));
#2681=EDGE_LOOP('',(#1207));
#2682=EDGE_LOOP('',(#1208,#1209,#1210,#1211));
#2683=EDGE_LOOP('',(#1212));
#2684=EDGE_LOOP('',(#1213));
#2685=EDGE_LOOP('',(#1214));
#2686=EDGE_LOOP('',(#1215));
#2687=EDGE_LOOP('',(#1216));
#2688=EDGE_LOOP('',(#1217));
#2689=EDGE_LOOP('',(#1218));
#2690=EDGE_LOOP('',(#1219));
#2691=EDGE_LOOP('',(#1220,#1221,#1222,#1223));
#2692=EDGE_LOOP('',(#1224,#1225,#1226,#1227));
#2693=EDGE_LOOP('',(#1228,#1229,#1230,#1231));
#2694=EDGE_LOOP('',(#1232,#1233,#1234,#1235));
#2695=EDGE_LOOP('',(#1236,#1237,#1238,#1239));
#2696=FACE_BOUND('',#2416,.T.);
#2697=FACE_BOUND('',#2417,.T.);
#2698=FACE_BOUND('',#2418,.T.);
#2699=FACE_BOUND('',#2419,.T.);
#2700=FACE_BOUND('',#2420,.T.);
#2701=FACE_BOUND('',#2421,.T.);
#2702=FACE_BOUND('',#2422,.T.);
#2703=FACE_BOUND('',#2423,.T.);
#2704=FACE_BOUND('',#2424,.T.);
#2705=FACE_BOUND('',#2425,.T.);
#2706=FACE_BOUND('',#2426,.T.);
#2707=FACE_BOUND('',#2427,.T.);
#2708=FACE_BOUND('',#2428,.T.);
#2709=FACE_BOUND('',#2429,.T.);
#2710=FACE_BOUND('',#2430,.T.);
#2711=FACE_BOUND('',#2431,.T.);
#2712=FACE_BOUND('',#2432,.T.);
#2713=FACE_BOUND('',#2433,.T.);
#2714=FACE_BOUND('',#2434,.T.);
#2715=FACE_BOUND('',#2435,.T.);
#2716=FACE_BOUND('',#2436,.T.);
#2717=FACE_BOUND('',#2437,.T.);
#2718=FACE_BOUND('',#2438,.T.);
#2719=FACE_BOUND('',#2439,.T.);
#2720=FACE_BOUND('',#2440,.T.);
#2721=FACE_BOUND('',#2441,.T.);
#2722=FACE_BOUND('',#2442,.T.);
#2723=FACE_BOUND('',#2443,.T.);
#2724=FACE_BOUND('',#2444,.T.);
#2725=FACE_BOUND('',#2445,.T.);
#2726=FACE_BOUND('',#2446,.T.);
#2727=FACE_BOUND('',#2447,.T.);
#2728=FACE_BOUND('',#2448,.T.);
#2729=FACE_BOUND('',#2449,.T.);
#2730=FACE_BOUND('',#2450,.T.);
#2731=FACE_BOUND('',#2451,.T.);
#2732=FACE_BOUND('',#2452,.T.);
#2733=FACE_BOUND('',#2453,.T.);
#2734=FACE_BOUND('',#2454,.T.);
#2735=FACE_BOUND('',#2455,.T.);
#2736=FACE_BOUND('',#2456,.T.);
#2737=FACE_BOUND('',#2457,.T.);
#2738=FACE_BOUND('',#2458,.T.);
#2739=FACE_BOUND('',#2459,.T.);
#2740=FACE_BOUND('',#2460,.T.);
#2741=FACE_BOUND('',#2461,.T.);
#2742=FACE_BOUND('',#2462,.T.);
#2743=FACE_BOUND('',#2463,.T.);
#2744=FACE_BOUND('',#2464,.T.);
#2745=FACE_BOUND('',#2465,.T.);
#2746=FACE_BOUND('',#2466,.T.);
#2747=FACE_BOUND('',#2467,.T.);
#2748=FACE_BOUND('',#2468,.T.);
#2749=FACE_BOUND('',#2469,.T.);
#2750=FACE_BOUND('',#2470,.T.);
#2751=FACE_BOUND('',#2471,.T.);
#2752=FACE_BOUND('',#2472,.T.);
#2753=FACE_BOUND('',#2473,.T.);
#2754=FACE_BOUND('',#2474,.T.);
#2755=FACE_BOUND('',#2475,.T.);
#2756=FACE_BOUND('',#2476,.T.);
#2757=FACE_BOUND('',#2477,.T.);
#2758=FACE_BOUND('',#2478,.T.);
#2759=FACE_BOUND('',#2479,.T.);
#2760=FACE_BOUND('',#2480,.T.);
#2761=FACE_BOUND('',#2481,.T.);
#2762=FACE_BOUND('',#2482,.T.);
#2763=FACE_BOUND('',#2483,.T.);
#2764=FACE_BOUND('',#2484,.T.);
#2765=FACE_BOUND('',#2485,.T.);
#2766=FACE_BOUND('',#2486,.T.);
#2767=FACE_BOUND('',#2487,.T.);
#2768=FACE_BOUND('',#2488,.T.);
#2769=FACE_BOUND('',#2489,.T.);
#2770=FACE_BOUND('',#2490,.T.);
#2771=FACE_BOUND('',#2491,.T.);
#2772=FACE_BOUND('',#2492,.T.);
#2773=FACE_BOUND('',#2493,.T.);
#2774=FACE_BOUND('',#2494,.T.);
#2775=FACE_BOUND('',#2495,.T.);
#2776=FACE_BOUND('',#2496,.T.);
#2777=FACE_BOUND('',#2497,.T.);
#2778=FACE_BOUND('',#2498,.T.);
#2779=FACE_BOUND('',#2499,.T.);
#2780=FACE_BOUND('',#2500,.T.);
#2781=FACE_BOUND('',#2501,.T.);
#2782=FACE_BOUND('',#2502,.T.);
#2783=FACE_BOUND('',#2503,.T.);
#2784=FACE_BOUND('',#2504,.T.);
#2785=FACE_BOUND('',#2505,.T.);
#2786=FACE_BOUND('',#2506,.T.);
#2787=FACE_BOUND('',#2507,.T.);
#2788=FACE_BOUND('',#2508,.T.);
#2789=FACE_BOUND('',#2509,.T.);
#2790=FACE_BOUND('',#2510,.T.);
#2791=FACE_BOUND('',#2511,.T.);
#2792=FACE_BOUND('',#2512,.T.);
#2793=FACE_BOUND('',#2513,.T.);
#2794=FACE_BOUND('',#2514,.T.);
#2795=FACE_BOUND('',#2515,.T.);
#2796=FACE_BOUND('',#2516,.T.);
#2797=FACE_BOUND('',#2517,.T.);
#2798=FACE_BOUND('',#2518,.T.);
#2799=FACE_BOUND('',#2519,.T.);
#2800=FACE_BOUND('',#2520,.T.);
#2801=FACE_BOUND('',#2521,.T.);
#2802=FACE_BOUND('',#2522,.T.);
#2803=FACE_BOUND('',#2523,.T.);
#2804=FACE_BOUND('',#2524,.T.);
#2805=FACE_BOUND('',#2525,.T.);
#2806=FACE_BOUND('',#2526,.T.);
#2807=FACE_BOUND('',#2527,.T.);
#2808=FACE_BOUND('',#2528,.T.);
#2809=FACE_BOUND('',#2529,.T.);
#2810=FACE_BOUND('',#2530,.T.);
#2811=FACE_BOUND('',#2531,.T.);
#2812=FACE_BOUND('',#2532,.T.);
#2813=FACE_BOUND('',#2533,.T.);
#2814=FACE_BOUND('',#2534,.T.);
#2815=FACE_BOUND('',#2535,.T.);
#2816=FACE_BOUND('',#2536,.T.);
#2817=FACE_BOUND('',#2537,.T.);
#2818=FACE_BOUND('',#2538,.T.);
#2819=FACE_BOUND('',#2539,.T.);
#2820=FACE_BOUND('',#2540,.T.);
#2821=FACE_BOUND('',#2541,.T.);
#2822=FACE_BOUND('',#2542,.T.);
#2823=FACE_BOUND('',#2543,.T.);
#2824=FACE_BOUND('',#2544,.T.);
#2825=FACE_BOUND('',#2545,.T.);
#2826=FACE_BOUND('',#2546,.T.);
#2827=FACE_BOUND('',#2547,.T.);
#2828=FACE_BOUND('',#2548,.T.);
#2829=FACE_BOUND('',#2549,.T.);
#2830=FACE_BOUND('',#2550,.T.);
#2831=FACE_BOUND('',#2551,.T.);
#2832=FACE_BOUND('',#2552,.T.);
#2833=FACE_BOUND('',#2553,.T.);
#2834=FACE_BOUND('',#2554,.T.);
#2835=FACE_BOUND('',#2555,.T.);
#2836=FACE_BOUND('',#2556,.T.);
#2837=FACE_BOUND('',#2557,.T.);
#2838=FACE_BOUND('',#2558,.T.);
#2839=FACE_BOUND('',#2559,.T.);
#2840=FACE_BOUND('',#2560,.T.);
#2841=FACE_BOUND('',#2561,.T.);
#2842=FACE_BOUND('',#2562,.T.);
#2843=FACE_BOUND('',#2563,.T.);
#2844=FACE_BOUND('',#2564,.T.);
#2845=FACE_BOUND('',#2565,.T.);
#2846=FACE_BOUND('',#2566,.T.);
#2847=FACE_BOUND('',#2567,.T.);
#2848=FACE_BOUND('',#2568,.T.);
#2849=FACE_BOUND('',#2569,.T.);
#2850=FACE_BOUND('',#2570,.T.);
#2851=FACE_BOUND('',#2571,.T.);
#2852=FACE_BOUND('',#2572,.T.);
#2853=FACE_BOUND('',#2573,.T.);
#2854=FACE_BOUND('',#2574,.T.);
#2855=FACE_BOUND('',#2575,.T.);
#2856=FACE_BOUND('',#2576,.T.);
#2857=FACE_BOUND('',#2577,.T.);
#2858=FACE_BOUND('',#2578,.T.);
#2859=FACE_BOUND('',#2579,.T.);
#2860=FACE_BOUND('',#2580,.T.);
#2861=FACE_BOUND('',#2581,.T.);
#2862=FACE_BOUND('',#2582,.T.);
#2863=FACE_BOUND('',#2583,.T.);
#2864=FACE_BOUND('',#2584,.T.);
#2865=FACE_BOUND('',#2585,.T.);
#2866=FACE_BOUND('',#2586,.T.);
#2867=FACE_BOUND('',#2587,.T.);
#2868=FACE_BOUND('',#2588,.T.);
#2869=FACE_BOUND('',#2589,.T.);
#2870=FACE_BOUND('',#2590,.T.);
#2871=FACE_BOUND('',#2591,.T.);
#2872=FACE_BOUND('',#2592,.T.);
#2873=FACE_BOUND('',#2593,.T.);
#2874=FACE_BOUND('',#2594,.T.);
#2875=FACE_BOUND('',#2595,.T.);
#2876=FACE_BOUND('',#2596,.T.);
#2877=FACE_BOUND('',#2597,.T.);
#2878=FACE_BOUND('',#2598,.T.);
#2879=FACE_BOUND('',#2599,.T.);
#2880=FACE_BOUND('',#2600,.T.);
#2881=FACE_BOUND('',#2601,.T.);
#2882=FACE_BOUND('',#2602,.T.);
#2883=FACE_BOUND('',#2603,.T.);
#2884=FACE_BOUND('',#2604,.T.);
#2885=FACE_BOUND('',#2605,.T.);
#2886=FACE_BOUND('',#2606,.T.);
#2887=FACE_BOUND('',#2607,.T.);
#2888=FACE_BOUND('',#2608,.T.);
#2889=FACE_BOUND('',#2609,.T.);
#2890=FACE_BOUND('',#2610,.T.);
#2891=FACE_BOUND('',#2611,.T.);
#2892=FACE_BOUND('',#2612,.T.);
#2893=FACE_BOUND('',#2613,.T.);
#2894=FACE_BOUND('',#2614,.T.);
#2895=FACE_BOUND('',#2615,.T.);
#2896=FACE_BOUND('',#2616,.T.);
#2897=FACE_BOUND('',#2617,.T.);
#2898=FACE_BOUND('',#2618,.T.);
#2899=FACE_BOUND('',#2619,.T.);
#2900=FACE_BOUND('',#2620,.T.);
#2901=FACE_BOUND('',#2621,.T.);
#2902=FACE_BOUND('',#2622,.T.);
#2903=FACE_BOUND('',#2623,.T.);
#2904=FACE_BOUND('',#2624,.T.);
#2905=FACE_BOUND('',#2625,.T.);
#2906=FACE_BOUND('',#2626,.T.);
#2907=FACE_BOUND('',#2627,.T.);
#2908=FACE_BOUND('',#2628,.T.);
#2909=FACE_BOUND('',#2629,.T.);
#2910=FACE_BOUND('',#2630,.T.);
#2911=FACE_BOUND('',#2631,.T.);
#2912=FACE_BOUND('',#2632,.T.);
#2913=FACE_BOUND('',#2633,.T.);
#2914=FACE_BOUND('',#2634,.T.);
#2915=FACE_BOUND('',#2635,.T.);
#2916=FACE_BOUND('',#2636,.T.);
#2917=FACE_BOUND('',#2637,.T.);
#2918=FACE_BOUND('',#2638,.T.);
#2919=FACE_BOUND('',#2639,.T.);
#2920=FACE_BOUND('',#2640,.T.);
#2921=FACE_BOUND('',#2641,.T.);
#2922=FACE_BOUND('',#2642,.T.);
#2923=FACE_BOUND('',#2643,.T.);
#2924=FACE_BOUND('',#2644,.T.);
#2925=FACE_BOUND('',#2645,.T.);
#2926=FACE_BOUND('',#2646,.T.);
#2927=FACE_BOUND('',#2647,.T.);
#2928=FACE_BOUND('',#2648,.T.);
#2929=FACE_BOUND('',#2649,.T.);
#2930=FACE_BOUND('',#2650,.T.);
#2931=FACE_BOUND('',#2651,.T.);
#2932=FACE_BOUND('',#2652,.T.);
#2933=FACE_BOUND('',#2653,.T.);
#2934=FACE_BOUND('',#2654,.T.);
#2935=FACE_BOUND('',#2655,.T.);
#2936=FACE_BOUND('',#2656,.T.);
#2937=FACE_BOUND('',#2657,.T.);
#2938=FACE_BOUND('',#2658,.T.);
#2939=FACE_BOUND('',#2659,.T.);
#2940=FACE_BOUND('',#2660,.T.);
#2941=FACE_BOUND('',#2661,.T.);
#2942=FACE_BOUND('',#2662,.T.);
#2943=FACE_BOUND('',#2663,.T.);
#2944=FACE_BOUND('',#2664,.T.);
#2945=FACE_BOUND('',#2665,.T.);
#2946=FACE_BOUND('',#2666,.T.);
#2947=FACE_BOUND('',#2667,.T.);
#2948=FACE_BOUND('',#2668,.T.);
#2949=FACE_BOUND('',#2669,.T.);
#2950=FACE_BOUND('',#2670,.T.);
#2951=FACE_BOUND('',#2671,.T.);
#2952=FACE_BOUND('',#2672,.T.);
#2953=FACE_BOUND('',#2673,.T.);
#2954=FACE_BOUND('',#2674,.T.);
#2955=FACE_BOUND('',#2675,.T.);
#2956=FACE_BOUND('',#2676,.T.);
#2957=FACE_BOUND('',#2677,.T.);
#2958=FACE_BOUND('',#2678,.T.);
#2959=FACE_BOUND('',#2679,.T.);
#2960=FACE_BOUND('',#2680,.T.);
#2961=FACE_BOUND('',#2681,.T.);
#2962=FACE_BOUND('',#2682,.T.);
#2963=FACE_BOUND('',#2683,.T.);
#2964=FACE_BOUND('',#2684,.T.);
#2965=FACE_BOUND('',#2685,.T.);
#2966=FACE_BOUND('',#2686,.T.);
#2967=FACE_BOUND('',#2687,.T.);
#2968=FACE_BOUND('',#2688,.T.);
#2969=FACE_BOUND('',#2689,.T.);
#2970=FACE_BOUND('',#2690,.T.);
#2971=FACE_BOUND('',#2691,.T.);
#2972=FACE_BOUND('',#2692,.T.);
#2973=FACE_BOUND('',#2693,.T.);
#2974=FACE_BOUND('',#2694,.T.);
#2975=FACE_BOUND('',#2695,.T.);
#2976=PLANE('',#3620);
#2977=PLANE('',#3621);
#2978=PLANE('',#3634);
#2979=PLANE('',#3636);
#2980=PLANE('',#3638);
#2981=PLANE('',#3639);
#2982=PLANE('',#3640);
#2983=PLANE('',#3641);
#2984=PLANE('',#3642);
#2985=PLANE('',#3644);
#2986=PLANE('',#3653);
#2987=PLANE('',#3696);
#2988=PLANE('',#3706);
#2989=PLANE('',#3709);
#2990=PLANE('',#3710);
#2991=PLANE('',#3711);
#2992=PLANE('',#3714);
#2993=PLANE('',#3715);
#2994=PLANE('',#3716);
#2995=PLANE('',#3719);
#2996=PLANE('',#3720);
#2997=PLANE('',#3721);
#2998=PLANE('',#3724);
#2999=PLANE('',#3725);
#3000=PLANE('',#3726);
#3001=PLANE('',#3729);
#3002=PLANE('',#3730);
#3003=PLANE('',#3731);
#3004=PLANE('',#3734);
#3005=PLANE('',#3735);
#3006=PLANE('',#3736);
#3007=PLANE('',#3739);
#3008=PLANE('',#3740);
#3009=PLANE('',#3741);
#3010=PLANE('',#3744);
#3011=PLANE('',#3745);
#3012=PLANE('',#3746);
#3013=PLANE('',#3749);
#3014=PLANE('',#3750);
#3015=PLANE('',#3751);
#3016=PLANE('',#3754);
#3017=PLANE('',#3755);
#3018=PLANE('',#3756);
#3019=PLANE('',#3759);
#3020=PLANE('',#3760);
#3021=PLANE('',#3761);
#3022=PLANE('',#3764);
#3023=PLANE('',#3765);
#3024=PLANE('',#3787);
#3025=PLANE('',#3788);
#3026=PLANE('',#3789);
#3027=PLANE('',#3790);
#3028=PLANE('',#3791);
#3029=PLANE('',#3793);
#3030=PLANE('',#3796);
#3031=PLANE('',#3799);
#3032=PLANE('',#3802);
#3033=PLANE('',#3805);
#3034=PLANE('',#3808);
#3035=PLANE('',#3811);
#3036=PLANE('',#3814);
#3037=PLANE('',#3816);
#3038=PLANE('',#3819);
#3039=PLANE('',#3821);
#3040=PLANE('',#3824);
#3041=PLANE('',#3826);
#3042=PLANE('',#3827);
#3043=PLANE('',#3828);
#3044=PLANE('',#3829);
#3045=PLANE('',#3830);
#3046=PLANE('',#3832);
#3047=PLANE('',#3833);
#3048=PLANE('',#3835);
#3049=PLANE('',#3836);
#3050=PLANE('',#3838);
#3051=PLANE('',#3839);
#3052=PLANE('',#3841);
#3053=PLANE('',#3842);
#3054=PLANE('',#3845);
#3055=PLANE('',#3847);
#3056=PLANE('',#3850);
#3057=PLANE('',#3853);
#3058=PLANE('',#3856);
#3059=PLANE('',#3859);
#3060=PLANE('',#3862);
#3061=PLANE('',#3865);
#3062=PLANE('',#3868);
#3063=PLANE('',#3871);
#3064=PLANE('',#3874);
#3065=PLANE('',#3877);
#3066=PLANE('',#3880);
#3067=PLANE('',#3883);
#3068=PLANE('',#3886);
#3069=PLANE('',#3889);
#3070=PLANE('',#3892);
#3071=PLANE('',#3895);
#3072=PLANE('',#3898);
#3073=PLANE('',#3901);
#3074=PLANE('',#3904);
#3075=PLANE('',#3907);
#3076=PLANE('',#3910);
#3077=PLANE('',#3913);
#3078=PLANE('',#3916);
#3079=PLANE('',#3920);
#3080=PLANE('',#3921);
#3081=PLANE('',#3925);
#3082=PLANE('',#3926);
#3083=PLANE('',#3930);
#3084=PLANE('',#3931);
#3085=PLANE('',#3935);
#3086=PLANE('',#3936);
#3087=PLANE('',#3939);
#3088=PLANE('',#3942);
#3089=PLANE('',#3945);
#3090=PLANE('',#3948);
#3091=PLANE('',#3951);
#3092=PLANE('',#3954);
#3093=PLANE('',#3957);
#3094=PLANE('',#3960);
#3095=PLANE('',#3963);
#3096=PLANE('',#3966);
#3097=PLANE('',#3969);
#3098=ADVANCED_FACE('',(#2696),#2976,.T.);
#3099=ADVANCED_FACE('',(#2697),#2977,.F.);
#3100=ADVANCED_FACE('',(#2698,#2699),#306,.F.);
#3101=ADVANCED_FACE('',(#2700,#2701),#307,.F.);
#3102=ADVANCED_FACE('',(#2702,#2703),#308,.F.);
#3103=ADVANCED_FACE('',(#2704,#2705),#309,.F.);
#3104=ADVANCED_FACE('',(#2706,#2707),#2978,.T.);
#3105=ADVANCED_FACE('',(#2708,#2709),#2979,.F.);
#3106=ADVANCED_FACE('',(#2710),#2980,.T.);
#3107=ADVANCED_FACE('',(#2711),#2981,.T.);
#3108=ADVANCED_FACE('',(#2712,#2713,#2714,#2715,#2716),#2982,.F.);
#3109=ADVANCED_FACE('',(#2717,#2718,#2719,#2720,#2721),#2983,.T.);
#3110=ADVANCED_FACE('',(#2722,#2723),#2984,.F.);
#3111=ADVANCED_FACE('',(#2724,#2725),#2985,.F.);
#3112=ADVANCED_FACE('',(#2726,#2727),#310,.F.);
#3113=ADVANCED_FACE('',(#2728,#2729),#97,.F.);
#3114=ADVANCED_FACE('',(#2730,#2731),#311,.F.);
#3115=ADVANCED_FACE('',(#2732,#2733),#98,.F.);
#3116=ADVANCED_FACE('',(#2734,#2735,#2736,#2737,#2738,#2739),#2986,.T.);
#3117=ADVANCED_FACE('',(#2740),#312,.F.);
#3118=ADVANCED_FACE('',(#2741),#313,.T.);
#3119=ADVANCED_FACE('',(#2742),#314,.F.);
#3120=ADVANCED_FACE('',(#2743),#315,.T.);
#3121=ADVANCED_FACE('',(#2744),#316,.F.);
#3122=ADVANCED_FACE('',(#2745),#317,.T.);
#3123=ADVANCED_FACE('',(#2746),#318,.F.);
#3124=ADVANCED_FACE('',(#2747),#319,.T.);
#3125=ADVANCED_FACE('',(#2748),#320,.F.);
#3126=ADVANCED_FACE('',(#2749),#321,.T.);
#3127=ADVANCED_FACE('',(#2750),#322,.F.);
#3128=ADVANCED_FACE('',(#2751,#2752,#2753,#2754,#2755),#2987,.F.);
#3129=ADVANCED_FACE('',(#2756),#18,.T.);
#3130=ADVANCED_FACE('',(#2757),#19,.T.);
#3131=ADVANCED_FACE('',(#2758),#2988,.T.);
#3132=ADVANCED_FACE('',(#2759),#2989,.F.);
#3133=ADVANCED_FACE('',(#2760),#2990,.F.);
#3134=ADVANCED_FACE('',(#2761),#2991,.T.);
#3135=ADVANCED_FACE('',(#2762),#2992,.F.);
#3136=ADVANCED_FACE('',(#2763),#2993,.F.);
#3137=ADVANCED_FACE('',(#2764),#2994,.T.);
#3138=ADVANCED_FACE('',(#2765),#2995,.F.);
#3139=ADVANCED_FACE('',(#2766),#2996,.F.);
#3140=ADVANCED_FACE('',(#2767),#2997,.T.);
#3141=ADVANCED_FACE('',(#2768),#2998,.F.);
#3142=ADVANCED_FACE('',(#2769),#2999,.F.);
#3143=ADVANCED_FACE('',(#2770),#3000,.T.);
#3144=ADVANCED_FACE('',(#2771),#3001,.F.);
#3145=ADVANCED_FACE('',(#2772),#3002,.F.);
#3146=ADVANCED_FACE('',(#2773),#3003,.T.);
#3147=ADVANCED_FACE('',(#2774),#3004,.F.);
#3148=ADVANCED_FACE('',(#2775),#3005,.F.);
#3149=ADVANCED_FACE('',(#2776),#3006,.T.);
#3150=ADVANCED_FACE('',(#2777),#3007,.F.);
#3151=ADVANCED_FACE('',(#2778),#3008,.F.);
#3152=ADVANCED_FACE('',(#2779),#3009,.T.);
#3153=ADVANCED_FACE('',(#2780),#3010,.F.);
#3154=ADVANCED_FACE('',(#2781),#3011,.F.);
#3155=ADVANCED_FACE('',(#2782),#3012,.T.);
#3156=ADVANCED_FACE('',(#2783),#3013,.F.);
#3157=ADVANCED_FACE('',(#2784),#3014,.F.);
#3158=ADVANCED_FACE('',(#2785),#3015,.T.);
#3159=ADVANCED_FACE('',(#2786),#3016,.F.);
#3160=ADVANCED_FACE('',(#2787),#3017,.F.);
#3161=ADVANCED_FACE('',(#2788),#3018,.T.);
#3162=ADVANCED_FACE('',(#2789),#3019,.F.);
#3163=ADVANCED_FACE('',(#2790),#3020,.F.);
#3164=ADVANCED_FACE('',(#2791),#3021,.T.);
#3165=ADVANCED_FACE('',(#2792),#3022,.F.);
#3166=ADVANCED_FACE('',(#2793),#3023,.F.);
#3167=ADVANCED_FACE('',(#2794),#10,.T.);
#3168=ADVANCED_FACE('',(#2795),#11,.T.);
#3169=ADVANCED_FACE('',(#2796),#12,.T.);
#3170=ADVANCED_FACE('',(#2797),#13,.T.);
#3171=ADVANCED_FACE('',(#2798),#14,.T.);
#3172=ADVANCED_FACE('',(#2799),#15,.T.);
#3173=ADVANCED_FACE('',(#2800),#16,.T.);
#3174=ADVANCED_FACE('',(#2801),#3024,.F.);
#3175=ADVANCED_FACE('',(#2802),#3025,.F.);
#3176=ADVANCED_FACE('',(#2803),#3026,.F.);
#3177=ADVANCED_FACE('',(#2804),#3027,.F.);
#3178=ADVANCED_FACE('',(#2805,#2806),#3028,.F.);
#3179=ADVANCED_FACE('',(#2807),#3029,.T.);
#3180=ADVANCED_FACE('',(#2808),#3030,.T.);
#3181=ADVANCED_FACE('',(#2809),#3031,.T.);
#3182=ADVANCED_FACE('',(#2810),#3032,.T.);
#3183=ADVANCED_FACE('',(#2811),#3033,.T.);
#3184=ADVANCED_FACE('',(#2812),#3034,.T.);
#3185=ADVANCED_FACE('',(#2813),#3035,.T.);
#3186=ADVANCED_FACE('',(#2814),#3036,.T.);
#3187=ADVANCED_FACE('',(#2815),#3037,.T.);
#3188=ADVANCED_FACE('',(#2816),#3038,.T.);
#3189=ADVANCED_FACE('',(#2817),#3039,.T.);
#3190=ADVANCED_FACE('',(#2818),#3040,.T.);
#3191=ADVANCED_FACE('',(#2819),#3041,.F.);
#3192=ADVANCED_FACE('',(#2820),#3042,.F.);
#3193=ADVANCED_FACE('',(#2821),#3043,.F.);
#3194=ADVANCED_FACE('',(#2822),#3044,.F.);
#3195=ADVANCED_FACE('',(#2823),#3045,.T.);
#3196=ADVANCED_FACE('',(#2824),#3046,.T.);
#3197=ADVANCED_FACE('',(#2825),#3047,.T.);
#3198=ADVANCED_FACE('',(#2826),#3048,.T.);
#3199=ADVANCED_FACE('',(#2827),#3049,.T.);
#3200=ADVANCED_FACE('',(#2828),#3050,.T.);
#3201=ADVANCED_FACE('',(#2829),#3051,.T.);
#3202=ADVANCED_FACE('',(#2830),#3052,.T.);
#3203=ADVANCED_FACE('',(#2831,#2832),#3053,.T.);
#3204=ADVANCED_FACE('',(#2833),#3054,.T.);
#3205=ADVANCED_FACE('',(#2834,#2835),#3055,.T.);
#3206=ADVANCED_FACE('',(#2836,#2837),#3056,.F.);
#3207=ADVANCED_FACE('',(#2838,#2839),#3057,.T.);
#3208=ADVANCED_FACE('',(#2840,#2841),#3058,.F.);
#3209=ADVANCED_FACE('',(#2842,#2843),#3059,.T.);
#3210=ADVANCED_FACE('',(#2844,#2845),#3060,.F.);
#3211=ADVANCED_FACE('',(#2846,#2847),#3061,.T.);
#3212=ADVANCED_FACE('',(#2848,#2849),#3062,.F.);
#3213=ADVANCED_FACE('',(#2850,#2851),#3063,.T.);
#3214=ADVANCED_FACE('',(#2852,#2853),#3064,.F.);
#3215=ADVANCED_FACE('',(#2854,#2855),#3065,.T.);
#3216=ADVANCED_FACE('',(#2856,#2857),#3066,.F.);
#3217=ADVANCED_FACE('',(#2858,#2859),#3067,.T.);
#3218=ADVANCED_FACE('',(#2860,#2861),#3068,.F.);
#3219=ADVANCED_FACE('',(#2862,#2863),#3069,.T.);
#3220=ADVANCED_FACE('',(#2864,#2865),#3070,.F.);
#3221=ADVANCED_FACE('',(#2866,#2867),#3071,.T.);
#3222=ADVANCED_FACE('',(#2868,#2869),#3072,.F.);
#3223=ADVANCED_FACE('',(#2870,#2871),#3073,.T.);
#3224=ADVANCED_FACE('',(#2872,#2873),#3074,.F.);
#3225=ADVANCED_FACE('',(#2874,#2875),#3075,.T.);
#3226=ADVANCED_FACE('',(#2876,#2877),#3076,.F.);
#3227=ADVANCED_FACE('',(#2878,#2879),#3077,.F.);
#3228=ADVANCED_FACE('',(#2880),#3078,.F.);
#3229=ADVANCED_FACE('',(#2881),#3079,.T.);
#3230=ADVANCED_FACE('',(#2882),#3080,.F.);
#3231=ADVANCED_FACE('',(#2883),#3081,.T.);
#3232=ADVANCED_FACE('',(#2884),#3082,.F.);
#3233=ADVANCED_FACE('',(#2885),#3083,.T.);
#3234=ADVANCED_FACE('',(#2886),#3084,.F.);
#3235=ADVANCED_FACE('',(#2887),#3085,.T.);
#3236=ADVANCED_FACE('',(#2888),#3086,.T.);
#3237=ADVANCED_FACE('',(#2889),#3087,.T.);
#3238=ADVANCED_FACE('',(#2890),#3088,.T.);
#3239=ADVANCED_FACE('',(#2891),#3089,.T.);
#3240=ADVANCED_FACE('',(#2892),#3090,.T.);
#3241=ADVANCED_FACE('',(#2893),#3091,.T.);
#3242=ADVANCED_FACE('',(#2894),#3092,.T.);
#3243=ADVANCED_FACE('',(#2895),#3093,.T.);
#3244=ADVANCED_FACE('',(#2896),#3094,.T.);
#3245=ADVANCED_FACE('',(#2897),#3095,.T.);
#3246=ADVANCED_FACE('',(#2898),#3096,.T.);
#3247=ADVANCED_FACE('',(#2899),#3097,.T.);
#3248=ADVANCED_FACE('',(#2900,#2901,#2902,#2903,#2904,#2905),#323,.T.);
#3249=ADVANCED_FACE('',(#2906,#2907),#324,.F.);
#3250=ADVANCED_FACE('',(#2908,#2909),#325,.T.);
#3251=ADVANCED_FACE('',(#2910,#2911),#326,.T.);
#3252=ADVANCED_FACE('',(#2912,#2913),#327,.T.);
#3253=ADVANCED_FACE('',(#2914,#2915),#328,.T.);
#3254=ADVANCED_FACE('',(#2916,#2917),#329,.T.);
#3255=ADVANCED_FACE('',(#2918,#2919),#330,.T.);
#3256=ADVANCED_FACE('',(#2920,#2921),#331,.T.);
#3257=ADVANCED_FACE('',(#2922,#2923),#332,.T.);
#3258=ADVANCED_FACE('',(#2924,#2925),#333,.T.);
#3259=ADVANCED_FACE('',(#2926,#2927),#334,.T.);
#3260=ADVANCED_FACE('',(#2928,#2929),#335,.T.);
#3261=ADVANCED_FACE('',(#2930,#2931),#336,.T.);
#3262=ADVANCED_FACE('',(#2932,#2933),#337,.T.);
#3263=ADVANCED_FACE('',(#2934,#2935),#338,.T.);
#3264=ADVANCED_FACE('',(#2936,#2937),#339,.T.);
#3265=ADVANCED_FACE('',(#2938,#2939),#340,.T.);
#3266=ADVANCED_FACE('',(#2940,#2941),#341,.T.);
#3267=ADVANCED_FACE('',(#2942,#2943),#342,.T.);
#3268=ADVANCED_FACE('',(#2944,#2945),#343,.T.);
#3269=ADVANCED_FACE('',(#2946,#2947),#344,.T.);
#3270=ADVANCED_FACE('',(#2948,#2949),#345,.T.);
#3271=ADVANCED_FACE('',(#2950,#2951),#346,.T.);
#3272=ADVANCED_FACE('',(#2952,#2953),#347,.T.);
#3273=ADVANCED_FACE('',(#2954,#2955),#348,.T.);
#3274=ADVANCED_FACE('',(#2956,#2957),#99,.T.);
#3275=ADVANCED_FACE('',(#2958,#2959),#349,.T.);
#3276=ADVANCED_FACE('',(#2960,#2961),#350,.T.);
#3277=ADVANCED_FACE('',(#2962),#17,.T.);
#3278=ADVANCED_FACE('',(#2963,#2964),#351,.F.);
#3279=ADVANCED_FACE('',(#2965,#2966),#352,.F.);
#3280=ADVANCED_FACE('',(#2967,#2968),#353,.F.);
#3281=ADVANCED_FACE('',(#2969,#2970),#354,.F.);
#3282=ADVANCED_FACE('',(#2971),#355,.T.);
#3283=ADVANCED_FACE('',(#2972),#356,.T.);
#3284=ADVANCED_FACE('',(#2973),#357,.F.);
#3285=ADVANCED_FACE('',(#2974),#358,.F.);
#3286=ADVANCED_FACE('',(#2975),#359,.T.);
#3287=CLOSED_SHELL('',(#3098,#3099,#3100,#3101,#3102,#3103,#3104,#3105,
#3106,#3107,#3108,#3109,#3110,#3111,#3112,#3113,#3114,#3115));
#3288=CLOSED_SHELL('',(#3116,#3117,#3118,#3119,#3120,#3121,#3122,#3123,
#3124,#3125,#3126,#3127,#3128,#3129,#3130,#3131,#3132,#3133,#3134,#3135,
#3136,#3137,#3138,#3139,#3140,#3141,#3142,#3143,#3144,#3145,#3146,#3147,
#3148,#3149,#3150,#3151,#3152,#3153,#3154,#3155,#3156,#3157,#3158,#3159,
#3160,#3161,#3162,#3163,#3164,#3165,#3166,#3167,#3168,#3169,#3170,#3171,
#3172,#3173,#3174,#3175,#3176,#3177,#3178,#3179,#3180,#3181,#3182,#3183,
#3184,#3185,#3186,#3187,#3188,#3189,#3190,#3191,#3192,#3193,#3194,#3195,
#3196,#3197,#3198,#3199,#3200,#3201,#3202,#3203,#3204,#3205,#3206,#3207,
#3208,#3209,#3210,#3211,#3212,#3213,#3214,#3215,#3216,#3217,#3218,#3219,
#3220,#3221,#3222,#3223,#3224,#3225,#3226,#3227,#3228,#3229,#3230,#3231,
#3232,#3233,#3234,#3235,#3236,#3237,#3238,#3239,#3240,#3241,#3242,#3243,
#3244,#3245,#3246,#3247,#3248,#3249,#3250,#3251,#3252,#3253,#3254,#3255,
#3256,#3257,#3258,#3259,#3260,#3261,#3262,#3263,#3264,#3265,#3266,#3267,
#3268,#3269,#3270,#3271,#3272,#3273,#3274,#3275,#3276,#3277,#3278,#3279,
#3280,#3281,#3282,#3283,#3284,#3285,#3286));
#3289=STYLED_ITEM('',(#3291),#3613);
#3290=STYLED_ITEM('',(#3292),#3614);
#3291=PRESENTATION_STYLE_ASSIGNMENT((#3344));
#3292=PRESENTATION_STYLE_ASSIGNMENT((#3345));
#3293=PRESENTATION_STYLE_ASSIGNMENT((#3346));
#3294=PRESENTATION_STYLE_ASSIGNMENT((#3347));
#3295=PRESENTATION_STYLE_ASSIGNMENT((#3348));
#3296=PRESENTATION_STYLE_ASSIGNMENT((#3349));
#3297=PRESENTATION_STYLE_ASSIGNMENT((#3350));
#3298=PRESENTATION_STYLE_ASSIGNMENT((#3351));
#3299=PRESENTATION_STYLE_ASSIGNMENT((#3352));
#3300=PRESENTATION_STYLE_ASSIGNMENT((#3353));
#3301=PRESENTATION_STYLE_ASSIGNMENT((#3354));
#3302=PRESENTATION_STYLE_ASSIGNMENT((#3355));
#3303=PRESENTATION_STYLE_ASSIGNMENT((#3356));
#3304=PRESENTATION_STYLE_ASSIGNMENT((#3357));
#3305=PRESENTATION_STYLE_ASSIGNMENT((#3358));
#3306=PRESENTATION_STYLE_ASSIGNMENT((#3359));
#3307=PRESENTATION_STYLE_ASSIGNMENT((#3360));
#3308=PRESENTATION_STYLE_ASSIGNMENT((#3361));
#3309=PRESENTATION_STYLE_ASSIGNMENT((#3362));
#3310=PRESENTATION_STYLE_ASSIGNMENT((#3363));
#3311=PRESENTATION_STYLE_ASSIGNMENT((#3364));
#3312=PRESENTATION_STYLE_ASSIGNMENT((#3365));
#3313=PRESENTATION_STYLE_ASSIGNMENT((#3366));
#3314=PRESENTATION_STYLE_ASSIGNMENT((#3367));
#3315=PRESENTATION_STYLE_ASSIGNMENT((#3368));
#3316=PRESENTATION_STYLE_ASSIGNMENT((#3369));
#3317=PRESENTATION_STYLE_ASSIGNMENT((#3370));
#3318=PRESENTATION_STYLE_ASSIGNMENT((#3371));
#3319=PRESENTATION_STYLE_ASSIGNMENT((#3372));
#3320=PRESENTATION_STYLE_ASSIGNMENT((#3373));
#3321=PRESENTATION_STYLE_ASSIGNMENT((#3374));
#3322=PRESENTATION_STYLE_ASSIGNMENT((#3375));
#3323=PRESENTATION_STYLE_ASSIGNMENT((#3376));
#3324=PRESENTATION_STYLE_ASSIGNMENT((#3377));
#3325=PRESENTATION_STYLE_ASSIGNMENT((#3378));
#3326=PRESENTATION_STYLE_ASSIGNMENT((#3379));
#3327=PRESENTATION_STYLE_ASSIGNMENT((#3380));
#3328=PRESENTATION_STYLE_ASSIGNMENT((#3381));
#3329=PRESENTATION_STYLE_ASSIGNMENT((#3382));
#3330=PRESENTATION_STYLE_ASSIGNMENT((#3383));
#3331=PRESENTATION_STYLE_ASSIGNMENT((#3384));
#3332=PRESENTATION_STYLE_ASSIGNMENT((#3385));
#3333=PRESENTATION_STYLE_ASSIGNMENT((#3386));
#3334=PRESENTATION_STYLE_ASSIGNMENT((#3387));
#3335=PRESENTATION_STYLE_ASSIGNMENT((#3388));
#3336=PRESENTATION_STYLE_ASSIGNMENT((#3389));
#3337=PRESENTATION_STYLE_ASSIGNMENT((#3390));
#3338=PRESENTATION_STYLE_ASSIGNMENT((#3391));
#3339=PRESENTATION_STYLE_ASSIGNMENT((#3392));
#3340=PRESENTATION_STYLE_ASSIGNMENT((#3393));
#3341=PRESENTATION_STYLE_ASSIGNMENT((#3394));
#3342=PRESENTATION_STYLE_ASSIGNMENT((#3395));
#3343=PRESENTATION_STYLE_ASSIGNMENT((#3396));
#3344=SURFACE_STYLE_USAGE(.BOTH.,#3397);
#3345=SURFACE_STYLE_USAGE(.BOTH.,#3398);
#3346=SURFACE_STYLE_USAGE(.BOTH.,#3399);
#3347=SURFACE_STYLE_USAGE(.BOTH.,#3400);
#3348=SURFACE_STYLE_USAGE(.BOTH.,#3401);
#3349=SURFACE_STYLE_USAGE(.BOTH.,#3402);
#3350=SURFACE_STYLE_USAGE(.BOTH.,#3403);
#3351=SURFACE_STYLE_USAGE(.BOTH.,#3404);
#3352=SURFACE_STYLE_USAGE(.BOTH.,#3405);
#3353=SURFACE_STYLE_USAGE(.BOTH.,#3406);
#3354=SURFACE_STYLE_USAGE(.BOTH.,#3407);
#3355=SURFACE_STYLE_USAGE(.BOTH.,#3408);
#3356=SURFACE_STYLE_USAGE(.BOTH.,#3409);
#3357=SURFACE_STYLE_USAGE(.BOTH.,#3410);
#3358=SURFACE_STYLE_USAGE(.BOTH.,#3411);
#3359=SURFACE_STYLE_USAGE(.BOTH.,#3412);
#3360=SURFACE_STYLE_USAGE(.BOTH.,#3413);
#3361=SURFACE_STYLE_USAGE(.BOTH.,#3414);
#3362=SURFACE_STYLE_USAGE(.BOTH.,#3415);
#3363=SURFACE_STYLE_USAGE(.BOTH.,#3416);
#3364=SURFACE_STYLE_USAGE(.BOTH.,#3417);
#3365=SURFACE_STYLE_USAGE(.BOTH.,#3418);
#3366=SURFACE_STYLE_USAGE(.BOTH.,#3419);
#3367=SURFACE_STYLE_USAGE(.BOTH.,#3420);
#3368=SURFACE_STYLE_USAGE(.BOTH.,#3421);
#3369=SURFACE_STYLE_USAGE(.BOTH.,#3422);
#3370=SURFACE_STYLE_USAGE(.BOTH.,#3423);
#3371=SURFACE_STYLE_USAGE(.BOTH.,#3424);
#3372=SURFACE_STYLE_USAGE(.BOTH.,#3425);
#3373=SURFACE_STYLE_USAGE(.BOTH.,#3426);
#3374=SURFACE_STYLE_USAGE(.BOTH.,#3427);
#3375=SURFACE_STYLE_USAGE(.BOTH.,#3428);
#3376=SURFACE_STYLE_USAGE(.BOTH.,#3429);
#3377=SURFACE_STYLE_USAGE(.BOTH.,#3430);
#3378=SURFACE_STYLE_USAGE(.BOTH.,#3431);
#3379=SURFACE_STYLE_USAGE(.BOTH.,#3432);
#3380=SURFACE_STYLE_USAGE(.BOTH.,#3433);
#3381=SURFACE_STYLE_USAGE(.BOTH.,#3434);
#3382=SURFACE_STYLE_USAGE(.BOTH.,#3435);
#3383=SURFACE_STYLE_USAGE(.BOTH.,#3436);
#3384=SURFACE_STYLE_USAGE(.BOTH.,#3437);
#3385=SURFACE_STYLE_USAGE(.BOTH.,#3438);
#3386=SURFACE_STYLE_USAGE(.BOTH.,#3439);
#3387=SURFACE_STYLE_USAGE(.BOTH.,#3440);
#3388=SURFACE_STYLE_USAGE(.BOTH.,#3441);
#3389=SURFACE_STYLE_USAGE(.BOTH.,#3442);
#3390=SURFACE_STYLE_USAGE(.BOTH.,#3443);
#3391=SURFACE_STYLE_USAGE(.BOTH.,#3444);
#3392=SURFACE_STYLE_USAGE(.BOTH.,#3445);
#3393=SURFACE_STYLE_USAGE(.BOTH.,#3446);
#3394=SURFACE_STYLE_USAGE(.BOTH.,#3447);
#3395=SURFACE_STYLE_USAGE(.BOTH.,#3448);
#3396=SURFACE_STYLE_USAGE(.BOTH.,#3449);
#3397=SURFACE_SIDE_STYLE('',(#3450));
#3398=SURFACE_SIDE_STYLE('',(#3451));
#3399=SURFACE_SIDE_STYLE('',(#3452));
#3400=SURFACE_SIDE_STYLE('',(#3453));
#3401=SURFACE_SIDE_STYLE('',(#3454));
#3402=SURFACE_SIDE_STYLE('',(#3455));
#3403=SURFACE_SIDE_STYLE('',(#3456));
#3404=SURFACE_SIDE_STYLE('',(#3457));
#3405=SURFACE_SIDE_STYLE('',(#3458));
#3406=SURFACE_SIDE_STYLE('',(#3459));
#3407=SURFACE_SIDE_STYLE('',(#3460));
#3408=SURFACE_SIDE_STYLE('',(#3461));
#3409=SURFACE_SIDE_STYLE('',(#3462));
#3410=SURFACE_SIDE_STYLE('',(#3463));
#3411=SURFACE_SIDE_STYLE('',(#3464));
#3412=SURFACE_SIDE_STYLE('',(#3465));
#3413=SURFACE_SIDE_STYLE('',(#3466));
#3414=SURFACE_SIDE_STYLE('',(#3467));
#3415=SURFACE_SIDE_STYLE('',(#3468));
#3416=SURFACE_SIDE_STYLE('',(#3469));
#3417=SURFACE_SIDE_STYLE('',(#3470));
#3418=SURFACE_SIDE_STYLE('',(#3471));
#3419=SURFACE_SIDE_STYLE('',(#3472));
#3420=SURFACE_SIDE_STYLE('',(#3473));
#3421=SURFACE_SIDE_STYLE('',(#3474));
#3422=SURFACE_SIDE_STYLE('',(#3475));
#3423=SURFACE_SIDE_STYLE('',(#3476));
#3424=SURFACE_SIDE_STYLE('',(#3477));
#3425=SURFACE_SIDE_STYLE('',(#3478));
#3426=SURFACE_SIDE_STYLE('',(#3479));
#3427=SURFACE_SIDE_STYLE('',(#3480));
#3428=SURFACE_SIDE_STYLE('',(#3481));
#3429=SURFACE_SIDE_STYLE('',(#3482));
#3430=SURFACE_SIDE_STYLE('',(#3483));
#3431=SURFACE_SIDE_STYLE('',(#3484));
#3432=SURFACE_SIDE_STYLE('',(#3485));
#3433=SURFACE_SIDE_STYLE('',(#3486));
#3434=SURFACE_SIDE_STYLE('',(#3487));
#3435=SURFACE_SIDE_STYLE('',(#3488));
#3436=SURFACE_SIDE_STYLE('',(#3489));
#3437=SURFACE_SIDE_STYLE('',(#3490));
#3438=SURFACE_SIDE_STYLE('',(#3491));
#3439=SURFACE_SIDE_STYLE('',(#3492));
#3440=SURFACE_SIDE_STYLE('',(#3493));
#3441=SURFACE_SIDE_STYLE('',(#3494));
#3442=SURFACE_SIDE_STYLE('',(#3495));
#3443=SURFACE_SIDE_STYLE('',(#3496));
#3444=SURFACE_SIDE_STYLE('',(#3497));
#3445=SURFACE_SIDE_STYLE('',(#3498));
#3446=SURFACE_SIDE_STYLE('',(#3499));
#3447=SURFACE_SIDE_STYLE('',(#3500));
#3448=SURFACE_SIDE_STYLE('',(#3501));
#3449=SURFACE_SIDE_STYLE('',(#3502));
#3450=SURFACE_STYLE_FILL_AREA(#3503);
#3451=SURFACE_STYLE_FILL_AREA(#3504);
#3452=SURFACE_STYLE_FILL_AREA(#3505);
#3453=SURFACE_STYLE_FILL_AREA(#3506);
#3454=SURFACE_STYLE_FILL_AREA(#3507);
#3455=SURFACE_STYLE_FILL_AREA(#3508);
#3456=SURFACE_STYLE_FILL_AREA(#3509);
#3457=SURFACE_STYLE_FILL_AREA(#3510);
#3458=SURFACE_STYLE_FILL_AREA(#3511);
#3459=SURFACE_STYLE_FILL_AREA(#3512);
#3460=SURFACE_STYLE_FILL_AREA(#3513);
#3461=SURFACE_STYLE_FILL_AREA(#3514);
#3462=SURFACE_STYLE_FILL_AREA(#3515);
#3463=SURFACE_STYLE_FILL_AREA(#3516);
#3464=SURFACE_STYLE_FILL_AREA(#3517);
#3465=SURFACE_STYLE_FILL_AREA(#3518);
#3466=SURFACE_STYLE_FILL_AREA(#3519);
#3467=SURFACE_STYLE_FILL_AREA(#3520);
#3468=SURFACE_STYLE_FILL_AREA(#3521);
#3469=SURFACE_STYLE_FILL_AREA(#3522);
#3470=SURFACE_STYLE_FILL_AREA(#3523);
#3471=SURFACE_STYLE_FILL_AREA(#3524);
#3472=SURFACE_STYLE_FILL_AREA(#3525);
#3473=SURFACE_STYLE_FILL_AREA(#3526);
#3474=SURFACE_STYLE_FILL_AREA(#3527);
#3475=SURFACE_STYLE_FILL_AREA(#3528);
#3476=SURFACE_STYLE_FILL_AREA(#3529);
#3477=SURFACE_STYLE_FILL_AREA(#3530);
#3478=SURFACE_STYLE_FILL_AREA(#3531);
#3479=SURFACE_STYLE_FILL_AREA(#3532);
#3480=SURFACE_STYLE_FILL_AREA(#3533);
#3481=SURFACE_STYLE_FILL_AREA(#3534);
#3482=SURFACE_STYLE_FILL_AREA(#3535);
#3483=SURFACE_STYLE_FILL_AREA(#3536);
#3484=SURFACE_STYLE_FILL_AREA(#3537);
#3485=SURFACE_STYLE_FILL_AREA(#3538);
#3486=SURFACE_STYLE_FILL_AREA(#3539);
#3487=SURFACE_STYLE_FILL_AREA(#3540);
#3488=SURFACE_STYLE_FILL_AREA(#3541);
#3489=SURFACE_STYLE_FILL_AREA(#3542);
#3490=SURFACE_STYLE_FILL_AREA(#3543);
#3491=SURFACE_STYLE_FILL_AREA(#3544);
#3492=SURFACE_STYLE_FILL_AREA(#3545);
#3493=SURFACE_STYLE_FILL_AREA(#3546);
#3494=SURFACE_STYLE_FILL_AREA(#3547);
#3495=SURFACE_STYLE_FILL_AREA(#3548);
#3496=SURFACE_STYLE_FILL_AREA(#3549);
#3497=SURFACE_STYLE_FILL_AREA(#3550);
#3498=SURFACE_STYLE_FILL_AREA(#3551);
#3499=SURFACE_STYLE_FILL_AREA(#3552);
#3500=SURFACE_STYLE_FILL_AREA(#3553);
#3501=SURFACE_STYLE_FILL_AREA(#3554);
#3502=SURFACE_STYLE_FILL_AREA(#3555);
#3503=FILL_AREA_STYLE('',(#3556));
#3504=FILL_AREA_STYLE('',(#3557));
#3505=FILL_AREA_STYLE('',(#3558));
#3506=FILL_AREA_STYLE('',(#3559));
#3507=FILL_AREA_STYLE('',(#3560));
#3508=FILL_AREA_STYLE('',(#3561));
#3509=FILL_AREA_STYLE('',(#3562));
#3510=FILL_AREA_STYLE('',(#3563));
#3511=FILL_AREA_STYLE('',(#3564));
#3512=FILL_AREA_STYLE('',(#3565));
#3513=FILL_AREA_STYLE('',(#3566));
#3514=FILL_AREA_STYLE('',(#3567));
#3515=FILL_AREA_STYLE('',(#3568));
#3516=FILL_AREA_STYLE('',(#3569));
#3517=FILL_AREA_STYLE('',(#3570));
#3518=FILL_AREA_STYLE('',(#3571));
#3519=FILL_AREA_STYLE('',(#3572));
#3520=FILL_AREA_STYLE('',(#3573));
#3521=FILL_AREA_STYLE('',(#3574));
#3522=FILL_AREA_STYLE('',(#3575));
#3523=FILL_AREA_STYLE('',(#3576));
#3524=FILL_AREA_STYLE('',(#3577));
#3525=FILL_AREA_STYLE('',(#3578));
#3526=FILL_AREA_STYLE('',(#3579));
#3527=FILL_AREA_STYLE('',(#3580));
#3528=FILL_AREA_STYLE('',(#3581));
#3529=FILL_AREA_STYLE('',(#3582));
#3530=FILL_AREA_STYLE('',(#3583));
#3531=FILL_AREA_STYLE('',(#3584));
#3532=FILL_AREA_STYLE('',(#3585));
#3533=FILL_AREA_STYLE('',(#3586));
#3534=FILL_AREA_STYLE('',(#3587));
#3535=FILL_AREA_STYLE('',(#3588));
#3536=FILL_AREA_STYLE('',(#3589));
#3537=FILL_AREA_STYLE('',(#3590));
#3538=FILL_AREA_STYLE('',(#3591));
#3539=FILL_AREA_STYLE('',(#3592));
#3540=FILL_AREA_STYLE('',(#3593));
#3541=FILL_AREA_STYLE('',(#3594));
#3542=FILL_AREA_STYLE('',(#3595));
#3543=FILL_AREA_STYLE('',(#3596));
#3544=FILL_AREA_STYLE('',(#3597));
#3545=FILL_AREA_STYLE('',(#3598));
#3546=FILL_AREA_STYLE('',(#3599));
#3547=FILL_AREA_STYLE('',(#3600));
#3548=FILL_AREA_STYLE('',(#3601));
#3549=FILL_AREA_STYLE('',(#3602));
#3550=FILL_AREA_STYLE('',(#3603));
#3551=FILL_AREA_STYLE('',(#3604));
#3552=FILL_AREA_STYLE('',(#3605));
#3553=FILL_AREA_STYLE('',(#3606));
#3554=FILL_AREA_STYLE('',(#3607));
#3555=FILL_AREA_STYLE('',(#3608));
#3556=FILL_AREA_STYLE_COLOUR('',#3609);
#3557=FILL_AREA_STYLE_COLOUR('',#92);
#3558=FILL_AREA_STYLE_COLOUR('',#3610);
#3559=FILL_AREA_STYLE_COLOUR('',#3610);
#3560=FILL_AREA_STYLE_COLOUR('',#3610);
#3561=FILL_AREA_STYLE_COLOUR('',#3610);
#3562=FILL_AREA_STYLE_COLOUR('',#3610);
#3563=FILL_AREA_STYLE_COLOUR('',#3610);
#3564=FILL_AREA_STYLE_COLOUR('',#3610);
#3565=FILL_AREA_STYLE_COLOUR('',#3610);
#3566=FILL_AREA_STYLE_COLOUR('',#3610);
#3567=FILL_AREA_STYLE_COLOUR('',#3610);
#3568=FILL_AREA_STYLE_COLOUR('',#3610);
#3569=FILL_AREA_STYLE_COLOUR('',#3610);
#3570=FILL_AREA_STYLE_COLOUR('',#3610);
#3571=FILL_AREA_STYLE_COLOUR('',#3611);
#3572=FILL_AREA_STYLE_COLOUR('',#3611);
#3573=FILL_AREA_STYLE_COLOUR('',#3611);
#3574=FILL_AREA_STYLE_COLOUR('',#3611);
#3575=FILL_AREA_STYLE_COLOUR('',#3611);
#3576=FILL_AREA_STYLE_COLOUR('',#3611);
#3577=FILL_AREA_STYLE_COLOUR('',#3611);
#3578=FILL_AREA_STYLE_COLOUR('',#3611);
#3579=FILL_AREA_STYLE_COLOUR('',#3611);
#3580=FILL_AREA_STYLE_COLOUR('',#3611);
#3581=FILL_AREA_STYLE_COLOUR('',#3611);
#3582=FILL_AREA_STYLE_COLOUR('',#3611);
#3583=FILL_AREA_STYLE_COLOUR('',#3612);
#3584=FILL_AREA_STYLE_COLOUR('',#3612);
#3585=FILL_AREA_STYLE_COLOUR('',#3612);
#3586=FILL_AREA_STYLE_COLOUR('',#3612);
#3587=FILL_AREA_STYLE_COLOUR('',#3612);
#3588=FILL_AREA_STYLE_COLOUR('',#3612);
#3589=FILL_AREA_STYLE_COLOUR('',#3612);
#3590=FILL_AREA_STYLE_COLOUR('',#3612);
#3591=FILL_AREA_STYLE_COLOUR('',#3612);
#3592=FILL_AREA_STYLE_COLOUR('',#3612);
#3593=FILL_AREA_STYLE_COLOUR('',#3612);
#3594=FILL_AREA_STYLE_COLOUR('',#3612);
#3595=FILL_AREA_STYLE_COLOUR('',#3612);
#3596=FILL_AREA_STYLE_COLOUR('',#3612);
#3597=FILL_AREA_STYLE_COLOUR('',#3612);
#3598=FILL_AREA_STYLE_COLOUR('',#3610);
#3599=FILL_AREA_STYLE_COLOUR('',#3610);
#3600=FILL_AREA_STYLE_COLOUR('',#3610);
#3601=FILL_AREA_STYLE_COLOUR('',#3610);
#3602=FILL_AREA_STYLE_COLOUR('',#3610);
#3603=FILL_AREA_STYLE_COLOUR('',#3612);
#3604=FILL_AREA_STYLE_COLOUR('',#3610);
#3605=FILL_AREA_STYLE_COLOUR('',#3610);
#3606=FILL_AREA_STYLE_COLOUR('',#3610);
#3607=FILL_AREA_STYLE_COLOUR('',#3610);
#3608=FILL_AREA_STYLE_COLOUR('',#3610);
#3609=COLOUR_RGB('',0.43921568627451,0.474509803921569,0.501960784313726);
#3610=COLOUR_RGB('',0.250980392156863,0.250980392156863,0.250980392156863);
#3611=COLOUR_RGB('',1.,0.31764705882353,0.31764705882353);
#3612=COLOUR_RGB('',0.752941176470588,0.752941176470588,0.752941176470588);
#3613=MANIFOLD_SOLID_BREP('Sliding_adapter',#3287);
#3614=MANIFOLD_SOLID_BREP('T Motor F90 2806 1500kV',#3288);
#3615=SHAPE_DEFINITION_REPRESENTATION(#6274,#3617);
#3616=SHAPE_DEFINITION_REPRESENTATION(#6275,#3618);
#3617=SHAPE_REPRESENTATION('Sliding_adapter',(#3619),#6264);
#3618=SHAPE_REPRESENTATION('T Motor F90 2806 1500kV',(#3652),#6265);
#3619=AXIS2_PLACEMENT_3D('',#5017,#4014,#4015);
#3620=AXIS2_PLACEMENT_3D('',#5018,#4016,#4017);
#3621=AXIS2_PLACEMENT_3D('',#5027,#4022,#4023);
#3622=AXIS2_PLACEMENT_3D('',#5041,#4031,#4032);
#3623=AXIS2_PLACEMENT_3D('',#5042,#4033,#4034);
#3624=AXIS2_PLACEMENT_3D('',#5044,#4035,#4036);
#3625=AXIS2_PLACEMENT_3D('',#5046,#4037,#4038);
#3626=AXIS2_PLACEMENT_3D('',#5047,#4039,#4040);
#3627=AXIS2_PLACEMENT_3D('',#5049,#4041,#4042);
#3628=AXIS2_PLACEMENT_3D('',#5051,#4043,#4044);
#3629=AXIS2_PLACEMENT_3D('',#5052,#4045,#4046);
#3630=AXIS2_PLACEMENT_3D('',#5054,#4047,#4048);
#3631=AXIS2_PLACEMENT_3D('',#5056,#4049,#4050);
#3632=AXIS2_PLACEMENT_3D('',#5057,#4051,#4052);
#3633=AXIS2_PLACEMENT_3D('',#5059,#4053,#4054);
#3634=AXIS2_PLACEMENT_3D('',#5061,#4055,#4056);
#3635=AXIS2_PLACEMENT_3D('',#5062,#4057,#4058);
#3636=AXIS2_PLACEMENT_3D('',#5069,#4062,#4063);
#3637=AXIS2_PLACEMENT_3D('',#5070,#4064,#4065);
#3638=AXIS2_PLACEMENT_3D('',#5075,#4068,#4069);
#3639=AXIS2_PLACEMENT_3D('',#5084,#4075,#4076);
#3640=AXIS2_PLACEMENT_3D('',#5086,#4078,#4079);
#3641=AXIS2_PLACEMENT_3D('',#5087,#4080,#4081);
#3642=AXIS2_PLACEMENT_3D('',#5090,#4084,#4085);
#3643=AXIS2_PLACEMENT_3D('',#5091,#4086,#4087);
#3644=AXIS2_PLACEMENT_3D('',#5093,#4088,#4089);
#3645=AXIS2_PLACEMENT_3D('',#5094,#4090,#4091);
#3646=AXIS2_PLACEMENT_3D('',#5096,#4092,#4093);
#3647=AXIS2_PLACEMENT_3D('',#5097,#4094,#4095);
#3648=AXIS2_PLACEMENT_3D('',#5099,#4096,#4097);
#3649=AXIS2_PLACEMENT_3D('',#5100,#4098,#4099);
#3650=AXIS2_PLACEMENT_3D('',#5101,#4100,#4101);
#3651=AXIS2_PLACEMENT_3D('',#5103,#4102,#4103);
#3652=AXIS2_PLACEMENT_3D('',#5104,#4104,#4105);
#3653=AXIS2_PLACEMENT_3D('',#5105,#4106,#4107);
#3654=AXIS2_PLACEMENT_3D('',#5106,#4108,#4109);
#3655=AXIS2_PLACEMENT_3D('',#5108,#4110,#4111);
#3656=AXIS2_PLACEMENT_3D('',#5110,#4112,#4113);
#3657=AXIS2_PLACEMENT_3D('',#5112,#4114,#4115);
#3658=AXIS2_PLACEMENT_3D('',#5114,#4116,#4117);
#3659=AXIS2_PLACEMENT_3D('',#5117,#4118,#4119);
#3660=AXIS2_PLACEMENT_3D('',#5119,#4120,#4121);
#3661=AXIS2_PLACEMENT_3D('',#5121,#4122,#4123);
#3662=AXIS2_PLACEMENT_3D('',#5123,#4124,#4125);
#3663=AXIS2_PLACEMENT_3D('',#5125,#4126,#4127);
#3664=AXIS2_PLACEMENT_3D('',#5127,#4128,#4129);
#3665=AXIS2_PLACEMENT_3D('',#5129,#4130,#4131);
#3666=AXIS2_PLACEMENT_3D('',#5131,#4132,#4133);
#3667=AXIS2_PLACEMENT_3D('',#5133,#4134,#4135);
#3668=AXIS2_PLACEMENT_3D('',#5135,#4136,#4137);
#3669=AXIS2_PLACEMENT_3D('',#5137,#4138,#4139);
#3670=AXIS2_PLACEMENT_3D('',#5139,#4140,#4141);
#3671=AXIS2_PLACEMENT_3D('',#5141,#4142,#4143);
#3672=AXIS2_PLACEMENT_3D('',#5143,#4144,#4145);
#3673=AXIS2_PLACEMENT_3D('',#5145,#4146,#4147);
#3674=AXIS2_PLACEMENT_3D('',#5171,#4148,#4149);
#3675=AXIS2_PLACEMENT_3D('',#5172,#4150,#4151);
#3676=AXIS2_PLACEMENT_3D('',#5177,#4154,#4155);
#3677=AXIS2_PLACEMENT_3D('',#5178,#4156,#4157);
#3678=AXIS2_PLACEMENT_3D('',#5181,#4159,#4160);
#3679=AXIS2_PLACEMENT_3D('',#5182,#4161,#4162);
#3680=AXIS2_PLACEMENT_3D('',#5185,#4164,#4165);
#3681=AXIS2_PLACEMENT_3D('',#5186,#4166,#4167);
#3682=AXIS2_PLACEMENT_3D('',#5191,#4170,#4171);
#3683=AXIS2_PLACEMENT_3D('',#5192,#4172,#4173);
#3684=AXIS2_PLACEMENT_3D('',#5195,#4175,#4176);
#3685=AXIS2_PLACEMENT_3D('',#5196,#4177,#4178);
#3686=AXIS2_PLACEMENT_3D('',#5199,#4180,#4181);
#3687=AXIS2_PLACEMENT_3D('',#5200,#4182,#4183);
#3688=AXIS2_PLACEMENT_3D('',#5203,#4185,#4186);
#3689=AXIS2_PLACEMENT_3D('',#5204,#4187,#4188);
#3690=AXIS2_PLACEMENT_3D('',#5207,#4190,#4191);
#3691=AXIS2_PLACEMENT_3D('',#5208,#4192,#4193);
#3692=AXIS2_PLACEMENT_3D('',#5213,#4196,#4197);
#3693=AXIS2_PLACEMENT_3D('',#5214,#4198,#4199);
#3694=AXIS2_PLACEMENT_3D('',#5217,#4201,#4202);
#3695=AXIS2_PLACEMENT_3D('',#5218,#4203,#4204);
#3696=AXIS2_PLACEMENT_3D('',#5221,#4206,#4207);
#3697=AXIS2_PLACEMENT_3D('',#5222,#4208,#4209);
#3698=AXIS2_PLACEMENT_3D('',#5224,#4210,#4211);
#3699=AXIS2_PLACEMENT_3D('',#5226,#4212,#4213);
#3700=AXIS2_PLACEMENT_3D('',#5228,#4214,#4215);
#3701=AXIS2_PLACEMENT_3D('',#5230,#4216,#4217);
#3702=AXIS2_PLACEMENT_3D('',#5231,#4218,#4219);
#3703=AXIS2_PLACEMENT_3D('',#5233,#4220,#4221);
#3704=AXIS2_PLACEMENT_3D('',#5234,#4222,#4223);
#3705=AXIS2_PLACEMENT_3D('',#5236,#4224,#4225);
#3706=AXIS2_PLACEMENT_3D('',#5464,#4227,#4228);
#3707=AXIS2_PLACEMENT_3D('',#5465,#4229,#4230);
#3708=AXIS2_PLACEMENT_3D('',#5470,#4232,#4233);
#3709=AXIS2_PLACEMENT_3D('',#5473,#4235,#4236);
#3710=AXIS2_PLACEMENT_3D('',#5479,#4240,#4241);
#3711=AXIS2_PLACEMENT_3D('',#5485,#4245,#4246);
#3712=AXIS2_PLACEMENT_3D('',#5486,#4247,#4248);
#3713=AXIS2_PLACEMENT_3D('',#5491,#4250,#4251);
#3714=AXIS2_PLACEMENT_3D('',#5494,#4253,#4254);
#3715=AXIS2_PLACEMENT_3D('',#5500,#4258,#4259);
#3716=AXIS2_PLACEMENT_3D('',#5506,#4263,#4264);
#3717=AXIS2_PLACEMENT_3D('',#5507,#4265,#4266);
#3718=AXIS2_PLACEMENT_3D('',#5512,#4268,#4269);
#3719=AXIS2_PLACEMENT_3D('',#5515,#4271,#4272);
#3720=AXIS2_PLACEMENT_3D('',#5521,#4276,#4277);
#3721=AXIS2_PLACEMENT_3D('',#5527,#4281,#4282);
#3722=AXIS2_PLACEMENT_3D('',#5528,#4283,#4284);
#3723=AXIS2_PLACEMENT_3D('',#5533,#4286,#4287);
#3724=AXIS2_PLACEMENT_3D('',#5536,#4289,#4290);
#3725=AXIS2_PLACEMENT_3D('',#5542,#4294,#4295);
#3726=AXIS2_PLACEMENT_3D('',#5548,#4299,#4300);
#3727=AXIS2_PLACEMENT_3D('',#5549,#4301,#4302);
#3728=AXIS2_PLACEMENT_3D('',#5554,#4304,#4305);
#3729=AXIS2_PLACEMENT_3D('',#5557,#4307,#4308);
#3730=AXIS2_PLACEMENT_3D('',#5563,#4312,#4313);
#3731=AXIS2_PLACEMENT_3D('',#5569,#4317,#4318);
#3732=AXIS2_PLACEMENT_3D('',#5573,#4320,#4321);
#3733=AXIS2_PLACEMENT_3D('',#5577,#4323,#4324);
#3734=AXIS2_PLACEMENT_3D('',#5578,#4325,#4326);
#3735=AXIS2_PLACEMENT_3D('',#5584,#4330,#4331);
#3736=AXIS2_PLACEMENT_3D('',#5590,#4335,#4336);
#3737=AXIS2_PLACEMENT_3D('',#5591,#4337,#4338);
#3738=AXIS2_PLACEMENT_3D('',#5596,#4340,#4341);
#3739=AXIS2_PLACEMENT_3D('',#5599,#4343,#4344);
#3740=AXIS2_PLACEMENT_3D('',#5605,#4348,#4349);
#3741=AXIS2_PLACEMENT_3D('',#5611,#4353,#4354);
#3742=AXIS2_PLACEMENT_3D('',#5612,#4355,#4356);
#3743=AXIS2_PLACEMENT_3D('',#5617,#4358,#4359);
#3744=AXIS2_PLACEMENT_3D('',#5620,#4361,#4362);
#3745=AXIS2_PLACEMENT_3D('',#5626,#4366,#4367);
#3746=AXIS2_PLACEMENT_3D('',#5632,#4371,#4372);
#3747=AXIS2_PLACEMENT_3D('',#5633,#4373,#4374);
#3748=AXIS2_PLACEMENT_3D('',#5638,#4376,#4377);
#3749=AXIS2_PLACEMENT_3D('',#5641,#4379,#4380);
#3750=AXIS2_PLACEMENT_3D('',#5647,#4384,#4385);
#3751=AXIS2_PLACEMENT_3D('',#5653,#4389,#4390);
#3752=AXIS2_PLACEMENT_3D('',#5654,#4391,#4392);
#3753=AXIS2_PLACEMENT_3D('',#5659,#4394,#4395);
#3754=AXIS2_PLACEMENT_3D('',#5662,#4397,#4398);
#3755=AXIS2_PLACEMENT_3D('',#5668,#4402,#4403);
#3756=AXIS2_PLACEMENT_3D('',#5674,#4407,#4408);
#3757=AXIS2_PLACEMENT_3D('',#5675,#4409,#4410);
#3758=AXIS2_PLACEMENT_3D('',#5680,#4412,#4413);
#3759=AXIS2_PLACEMENT_3D('',#5683,#4415,#4416);
#3760=AXIS2_PLACEMENT_3D('',#5689,#4420,#4421);
#3761=AXIS2_PLACEMENT_3D('',#5695,#4425,#4426);
#3762=AXIS2_PLACEMENT_3D('',#5696,#4427,#4428);
#3763=AXIS2_PLACEMENT_3D('',#5701,#4430,#4431);
#3764=AXIS2_PLACEMENT_3D('',#5704,#4433,#4434);
#3765=AXIS2_PLACEMENT_3D('',#5710,#4438,#4439);
#3766=AXIS2_PLACEMENT_3D('',#5716,#4443,#4444);
#3767=AXIS2_PLACEMENT_3D('',#5724,#4445,#4446);
#3768=AXIS2_PLACEMENT_3D('',#5732,#4447,#4448);
#3769=AXIS2_PLACEMENT_3D('',#5733,#4449,#4450);
#3770=AXIS2_PLACEMENT_3D('',#5741,#4451,#4452);
#3771=AXIS2_PLACEMENT_3D('',#5749,#4453,#4454);
#3772=AXIS2_PLACEMENT_3D('',#5750,#4455,#4456);
#3773=AXIS2_PLACEMENT_3D('',#5758,#4457,#4458);
#3774=AXIS2_PLACEMENT_3D('',#5766,#4459,#4460);
#3775=AXIS2_PLACEMENT_3D('',#5767,#4461,#4462);
#3776=AXIS2_PLACEMENT_3D('',#5775,#4463,#4464);
#3777=AXIS2_PLACEMENT_3D('',#5783,#4465,#4466);
#3778=AXIS2_PLACEMENT_3D('',#5784,#4467,#4468);
#3779=AXIS2_PLACEMENT_3D('',#5792,#4469,#4470);
#3780=AXIS2_PLACEMENT_3D('',#5800,#4471,#4472);
#3781=AXIS2_PLACEMENT_3D('',#5801,#4473,#4474);
#3782=AXIS2_PLACEMENT_3D('',#5809,#4475,#4476);
#3783=AXIS2_PLACEMENT_3D('',#5817,#4477,#4478);
#3784=AXIS2_PLACEMENT_3D('',#5818,#4479,#4480);
#3785=AXIS2_PLACEMENT_3D('',#5826,#4481,#4482);
#3786=AXIS2_PLACEMENT_3D('',#5834,#4483,#4484);
#3787=AXIS2_PLACEMENT_3D('',#5835,#4485,#4486);
#3788=AXIS2_PLACEMENT_3D('',#5843,#4491,#4492);
#3789=AXIS2_PLACEMENT_3D('',#5858,#4497,#4498);
#3790=AXIS2_PLACEMENT_3D('',#5866,#4503,#4504);
#3791=AXIS2_PLACEMENT_3D('',#5874,#4509,#4510);
#3792=AXIS2_PLACEMENT_3D('',#5875,#4511,#4512);
#3793=AXIS2_PLACEMENT_3D('',#5877,#4513,#4514);
#3794=AXIS2_PLACEMENT_3D('',#5878,#4515,#4516);
#3795=AXIS2_PLACEMENT_3D('',#5882,#4518,#4519);
#3796=AXIS2_PLACEMENT_3D('',#5883,#4520,#4521);
#3797=AXIS2_PLACEMENT_3D('',#5884,#4522,#4523);
#3798=AXIS2_PLACEMENT_3D('',#5888,#4525,#4526);
#3799=AXIS2_PLACEMENT_3D('',#5889,#4527,#4528);
#3800=AXIS2_PLACEMENT_3D('',#5890,#4529,#4530);
#3801=AXIS2_PLACEMENT_3D('',#5894,#4532,#4533);
#3802=AXIS2_PLACEMENT_3D('',#5895,#4534,#4535);
#3803=AXIS2_PLACEMENT_3D('',#5896,#4536,#4537);
#3804=AXIS2_PLACEMENT_3D('',#5900,#4539,#4540);
#3805=AXIS2_PLACEMENT_3D('',#5901,#4541,#4542);
#3806=AXIS2_PLACEMENT_3D('',#5902,#4543,#4544);
#3807=AXIS2_PLACEMENT_3D('',#5906,#4546,#4547);
#3808=AXIS2_PLACEMENT_3D('',#5909,#4549,#4550);
#3809=AXIS2_PLACEMENT_3D('',#5910,#4551,#4552);
#3810=AXIS2_PLACEMENT_3D('',#5914,#4554,#4555);
#3811=AXIS2_PLACEMENT_3D('',#5917,#4557,#4558);
#3812=AXIS2_PLACEMENT_3D('',#5918,#4559,#4560);
#3813=AXIS2_PLACEMENT_3D('',#5923,#4562,#4563);
#3814=AXIS2_PLACEMENT_3D('',#5926,#4565,#4566);
#3815=AXIS2_PLACEMENT_3D('',#5929,#4568,#4569);
#3816=AXIS2_PLACEMENT_3D('',#5932,#4571,#4572);
#3817=AXIS2_PLACEMENT_3D('',#5933,#4573,#4574);
#3818=AXIS2_PLACEMENT_3D('',#5937,#4576,#4577);
#3819=AXIS2_PLACEMENT_3D('',#5940,#4579,#4580);
#3820=AXIS2_PLACEMENT_3D('',#5943,#4582,#4583);
#3821=AXIS2_PLACEMENT_3D('',#5946,#4585,#4586);
#3822=AXIS2_PLACEMENT_3D('',#5947,#4587,#4588);
#3823=AXIS2_PLACEMENT_3D('',#5951,#4590,#4591);
#3824=AXIS2_PLACEMENT_3D('',#5954,#4593,#4594);
#3825=AXIS2_PLACEMENT_3D('',#5957,#4596,#4597);
#3826=AXIS2_PLACEMENT_3D('',#5960,#4599,#4600);
#3827=AXIS2_PLACEMENT_3D('',#5964,#4603,#4604);
#3828=AXIS2_PLACEMENT_3D('',#5973,#4607,#4608);
#3829=AXIS2_PLACEMENT_3D('',#5977,#4611,#4612);
#3830=AXIS2_PLACEMENT_3D('',#5981,#4615,#4616);
#3831=AXIS2_PLACEMENT_3D('',#5986,#4619,#4620);
#3832=AXIS2_PLACEMENT_3D('',#5987,#4621,#4622);
#3833=AXIS2_PLACEMENT_3D('',#5992,#4626,#4627);
#3834=AXIS2_PLACEMENT_3D('',#5997,#4630,#4631);
#3835=AXIS2_PLACEMENT_3D('',#5998,#4632,#4633);
#3836=AXIS2_PLACEMENT_3D('',#6003,#4637,#4638);
#3837=AXIS2_PLACEMENT_3D('',#6008,#4641,#4642);
#3838=AXIS2_PLACEMENT_3D('',#6009,#4643,#4644);
#3839=AXIS2_PLACEMENT_3D('',#6014,#4648,#4649);
#3840=AXIS2_PLACEMENT_3D('',#6019,#4652,#4653);
#3841=AXIS2_PLACEMENT_3D('',#6020,#4654,#4655);
#3842=AXIS2_PLACEMENT_3D('',#6025,#4659,#4660);
#3843=AXIS2_PLACEMENT_3D('',#6026,#4661,#4662);
#3844=AXIS2_PLACEMENT_3D('',#6028,#4663,#4664);
#3845=AXIS2_PLACEMENT_3D('',#6030,#4665,#4666);
#3846=AXIS2_PLACEMENT_3D('',#6031,#4667,#4668);
#3847=AXIS2_PLACEMENT_3D('',#6033,#4669,#4670);
#3848=AXIS2_PLACEMENT_3D('',#6034,#4671,#4672);
#3849=AXIS2_PLACEMENT_3D('',#6036,#4673,#4674);
#3850=AXIS2_PLACEMENT_3D('',#6038,#4675,#4676);
#3851=AXIS2_PLACEMENT_3D('',#6039,#4677,#4678);
#3852=AXIS2_PLACEMENT_3D('',#6041,#4679,#4680);
#3853=AXIS2_PLACEMENT_3D('',#6043,#4681,#4682);
#3854=AXIS2_PLACEMENT_3D('',#6044,#4683,#4684);
#3855=AXIS2_PLACEMENT_3D('',#6046,#4685,#4686);
#3856=AXIS2_PLACEMENT_3D('',#6048,#4687,#4688);
#3857=AXIS2_PLACEMENT_3D('',#6049,#4689,#4690);
#3858=AXIS2_PLACEMENT_3D('',#6051,#4691,#4692);
#3859=AXIS2_PLACEMENT_3D('',#6053,#4693,#4694);
#3860=AXIS2_PLACEMENT_3D('',#6054,#4695,#4696);
#3861=AXIS2_PLACEMENT_3D('',#6056,#4697,#4698);
#3862=AXIS2_PLACEMENT_3D('',#6058,#4699,#4700);
#3863=AXIS2_PLACEMENT_3D('',#6059,#4701,#4702);
#3864=AXIS2_PLACEMENT_3D('',#6061,#4703,#4704);
#3865=AXIS2_PLACEMENT_3D('',#6063,#4705,#4706);
#3866=AXIS2_PLACEMENT_3D('',#6064,#4707,#4708);
#3867=AXIS2_PLACEMENT_3D('',#6066,#4709,#4710);
#3868=AXIS2_PLACEMENT_3D('',#6068,#4711,#4712);
#3869=AXIS2_PLACEMENT_3D('',#6069,#4713,#4714);
#3870=AXIS2_PLACEMENT_3D('',#6071,#4715,#4716);
#3871=AXIS2_PLACEMENT_3D('',#6073,#4717,#4718);
#3872=AXIS2_PLACEMENT_3D('',#6074,#4719,#4720);
#3873=AXIS2_PLACEMENT_3D('',#6076,#4721,#4722);
#3874=AXIS2_PLACEMENT_3D('',#6078,#4723,#4724);
#3875=AXIS2_PLACEMENT_3D('',#6079,#4725,#4726);
#3876=AXIS2_PLACEMENT_3D('',#6081,#4727,#4728);
#3877=AXIS2_PLACEMENT_3D('',#6083,#4729,#4730);
#3878=AXIS2_PLACEMENT_3D('',#6084,#4731,#4732);
#3879=AXIS2_PLACEMENT_3D('',#6086,#4733,#4734);
#3880=AXIS2_PLACEMENT_3D('',#6088,#4735,#4736);
#3881=AXIS2_PLACEMENT_3D('',#6089,#4737,#4738);
#3882=AXIS2_PLACEMENT_3D('',#6091,#4739,#4740);
#3883=AXIS2_PLACEMENT_3D('',#6093,#4741,#4742);
#3884=AXIS2_PLACEMENT_3D('',#6094,#4743,#4744);
#3885=AXIS2_PLACEMENT_3D('',#6096,#4745,#4746);
#3886=AXIS2_PLACEMENT_3D('',#6098,#4747,#4748);
#3887=AXIS2_PLACEMENT_3D('',#6099,#4749,#4750);
#3888=AXIS2_PLACEMENT_3D('',#6101,#4751,#4752);
#3889=AXIS2_PLACEMENT_3D('',#6103,#4753,#4754);
#3890=AXIS2_PLACEMENT_3D('',#6104,#4755,#4756);
#3891=AXIS2_PLACEMENT_3D('',#6106,#4757,#4758);
#3892=AXIS2_PLACEMENT_3D('',#6108,#4759,#4760);
#3893=AXIS2_PLACEMENT_3D('',#6109,#4761,#4762);
#3894=AXIS2_PLACEMENT_3D('',#6111,#4763,#4764);
#3895=AXIS2_PLACEMENT_3D('',#6113,#4765,#4766);
#3896=AXIS2_PLACEMENT_3D('',#6114,#4767,#4768);
#3897=AXIS2_PLACEMENT_3D('',#6116,#4769,#4770);
#3898=AXIS2_PLACEMENT_3D('',#6118,#4771,#4772);
#3899=AXIS2_PLACEMENT_3D('',#6119,#4773,#4774);
#3900=AXIS2_PLACEMENT_3D('',#6121,#4775,#4776);
#3901=AXIS2_PLACEMENT_3D('',#6123,#4777,#4778);
#3902=AXIS2_PLACEMENT_3D('',#6124,#4779,#4780);
#3903=AXIS2_PLACEMENT_3D('',#6126,#4781,#4782);
#3904=AXIS2_PLACEMENT_3D('',#6128,#4783,#4784);
#3905=AXIS2_PLACEMENT_3D('',#6129,#4785,#4786);
#3906=AXIS2_PLACEMENT_3D('',#6131,#4787,#4788);
#3907=AXIS2_PLACEMENT_3D('',#6133,#4789,#4790);
#3908=AXIS2_PLACEMENT_3D('',#6134,#4791,#4792);
#3909=AXIS2_PLACEMENT_3D('',#6136,#4793,#4794);
#3910=AXIS2_PLACEMENT_3D('',#6138,#4795,#4796);
#3911=AXIS2_PLACEMENT_3D('',#6139,#4797,#4798);
#3912=AXIS2_PLACEMENT_3D('',#6141,#4799,#4800);
#3913=AXIS2_PLACEMENT_3D('',#6143,#4801,#4802);
#3914=AXIS2_PLACEMENT_3D('',#6144,#4803,#4804);
#3915=AXIS2_PLACEMENT_3D('',#6146,#4805,#4806);
#3916=AXIS2_PLACEMENT_3D('',#6148,#4807,#4808);
#3917=AXIS2_PLACEMENT_3D('',#6149,#4809,#4810);
#3918=AXIS2_PLACEMENT_3D('',#6150,#4811,#4812);
#3919=AXIS2_PLACEMENT_3D('',#6151,#4813,#4814);
#3920=AXIS2_PLACEMENT_3D('',#6153,#4816,#4817);
#3921=AXIS2_PLACEMENT_3D('',#6156,#4820,#4821);
#3922=AXIS2_PLACEMENT_3D('',#6157,#4822,#4823);
#3923=AXIS2_PLACEMENT_3D('',#6158,#4824,#4825);
#3924=AXIS2_PLACEMENT_3D('',#6159,#4826,#4827);
#3925=AXIS2_PLACEMENT_3D('',#6161,#4829,#4830);
#3926=AXIS2_PLACEMENT_3D('',#6164,#4833,#4834);
#3927=AXIS2_PLACEMENT_3D('',#6165,#4835,#4836);
#3928=AXIS2_PLACEMENT_3D('',#6166,#4837,#4838);
#3929=AXIS2_PLACEMENT_3D('',#6167,#4839,#4840);
#3930=AXIS2_PLACEMENT_3D('',#6169,#4842,#4843);
#3931=AXIS2_PLACEMENT_3D('',#6172,#4846,#4847);
#3932=AXIS2_PLACEMENT_3D('',#6173,#4848,#4849);
#3933=AXIS2_PLACEMENT_3D('',#6174,#4850,#4851);
#3934=AXIS2_PLACEMENT_3D('',#6175,#4852,#4853);
#3935=AXIS2_PLACEMENT_3D('',#6177,#4855,#4856);
#3936=AXIS2_PLACEMENT_3D('',#6180,#4859,#4860);
#3937=AXIS2_PLACEMENT_3D('',#6181,#4861,#4862);
#3938=AXIS2_PLACEMENT_3D('',#6182,#4863,#4864);
#3939=AXIS2_PLACEMENT_3D('',#6183,#4865,#4866);
#3940=AXIS2_PLACEMENT_3D('',#6184,#4867,#4868);
#3941=AXIS2_PLACEMENT_3D('',#6185,#4869,#4870);
#3942=AXIS2_PLACEMENT_3D('',#6186,#4871,#4872);
#3943=AXIS2_PLACEMENT_3D('',#6187,#4873,#4874);
#3944=AXIS2_PLACEMENT_3D('',#6188,#4875,#4876);
#3945=AXIS2_PLACEMENT_3D('',#6189,#4877,#4878);
#3946=AXIS2_PLACEMENT_3D('',#6190,#4879,#4880);
#3947=AXIS2_PLACEMENT_3D('',#6191,#4881,#4882);
#3948=AXIS2_PLACEMENT_3D('',#6192,#4883,#4884);
#3949=AXIS2_PLACEMENT_3D('',#6193,#4885,#4886);
#3950=AXIS2_PLACEMENT_3D('',#6194,#4887,#4888);
#3951=AXIS2_PLACEMENT_3D('',#6195,#4889,#4890);
#3952=AXIS2_PLACEMENT_3D('',#6196,#4891,#4892);
#3953=AXIS2_PLACEMENT_3D('',#6197,#4893,#4894);
#3954=AXIS2_PLACEMENT_3D('',#6198,#4895,#4896);
#3955=AXIS2_PLACEMENT_3D('',#6199,#4897,#4898);
#3956=AXIS2_PLACEMENT_3D('',#6200,#4899,#4900);
#3957=AXIS2_PLACEMENT_3D('',#6201,#4901,#4902);
#3958=AXIS2_PLACEMENT_3D('',#6202,#4903,#4904);
#3959=AXIS2_PLACEMENT_3D('',#6203,#4905,#4906);
#3960=AXIS2_PLACEMENT_3D('',#6204,#4907,#4908);
#3961=AXIS2_PLACEMENT_3D('',#6205,#4909,#4910);
#3962=AXIS2_PLACEMENT_3D('',#6206,#4911,#4912);
#3963=AXIS2_PLACEMENT_3D('',#6207,#4913,#4914);
#3964=AXIS2_PLACEMENT_3D('',#6208,#4915,#4916);
#3965=AXIS2_PLACEMENT_3D('',#6209,#4917,#4918);
#3966=AXIS2_PLACEMENT_3D('',#6210,#4919,#4920);
#3967=AXIS2_PLACEMENT_3D('',#6211,#4921,#4922);
#3968=AXIS2_PLACEMENT_3D('',#6212,#4923,#4924);
#3969=AXIS2_PLACEMENT_3D('',#6213,#4925,#4926);
#3970=AXIS2_PLACEMENT_3D('',#6214,#4927,#4928);
#3971=AXIS2_PLACEMENT_3D('',#6215,#4929,#4930);
#3972=AXIS2_PLACEMENT_3D('',#6216,#4931,#4932);
#3973=AXIS2_PLACEMENT_3D('',#6217,#4933,#4934);
#3974=AXIS2_PLACEMENT_3D('',#6218,#4935,#4936);
#3975=AXIS2_PLACEMENT_3D('',#6219,#4937,#4938);
#3976=AXIS2_PLACEMENT_3D('',#6220,#4939,#4940);
#3977=AXIS2_PLACEMENT_3D('',#6222,#4941,#4942);
#3978=AXIS2_PLACEMENT_3D('',#6223,#4943,#4944);
#3979=AXIS2_PLACEMENT_3D('',#6224,#4945,#4946);
#3980=AXIS2_PLACEMENT_3D('',#6225,#4947,#4948);
#3981=AXIS2_PLACEMENT_3D('',#6226,#4949,#4950);
#3982=AXIS2_PLACEMENT_3D('',#6227,#4951,#4952);
#3983=AXIS2_PLACEMENT_3D('',#6228,#4953,#4954);
#3984=AXIS2_PLACEMENT_3D('',#6229,#4955,#4956);
#3985=AXIS2_PLACEMENT_3D('',#6230,#4957,#4958);
#3986=AXIS2_PLACEMENT_3D('',#6231,#4959,#4960);
#3987=AXIS2_PLACEMENT_3D('',#6232,#4961,#4962);
#3988=AXIS2_PLACEMENT_3D('',#6233,#4963,#4964);
#3989=AXIS2_PLACEMENT_3D('',#6234,#4965,#4966);
#3990=AXIS2_PLACEMENT_3D('',#6235,#4967,#4968);
#3991=AXIS2_PLACEMENT_3D('',#6236,#4969,#4970);
#3992=AXIS2_PLACEMENT_3D('',#6237,#4971,#4972);
#3993=AXIS2_PLACEMENT_3D('',#6238,#4973,#4974);
#3994=AXIS2_PLACEMENT_3D('',#6239,#4975,#4976);
#3995=AXIS2_PLACEMENT_3D('',#6240,#4977,#4978);
#3996=AXIS2_PLACEMENT_3D('',#6241,#4979,#4980);
#3997=AXIS2_PLACEMENT_3D('',#6242,#4981,#4982);
#3998=AXIS2_PLACEMENT_3D('',#6243,#4983,#4984);
#3999=AXIS2_PLACEMENT_3D('',#6244,#4985,#4986);
#4000=AXIS2_PLACEMENT_3D('',#6245,#4987,#4988);
#4001=AXIS2_PLACEMENT_3D('',#6247,#4989,#4990);
#4002=AXIS2_PLACEMENT_3D('',#6248,#4991,#4992);
#4003=AXIS2_PLACEMENT_3D('',#6249,#4993,#4994);
#4004=AXIS2_PLACEMENT_3D('',#6250,#4995,#4996);
#4005=AXIS2_PLACEMENT_3D('',#6251,#4997,#4998);
#4006=AXIS2_PLACEMENT_3D('',#6252,#4999,#5000);
#4007=AXIS2_PLACEMENT_3D('',#6253,#5001,#5002);
#4008=AXIS2_PLACEMENT_3D('',#6254,#5003,#5004);
#4009=AXIS2_PLACEMENT_3D('',#6255,#5005,#5006);
#4010=AXIS2_PLACEMENT_3D('',#6256,#5007,#5008);
#4011=AXIS2_PLACEMENT_3D('',#6258,#5010,#5011);
#4012=AXIS2_PLACEMENT_3D('',#6259,#5012,#5013);
#4013=AXIS2_PLACEMENT_3D('',#6261,#5015,#5016);
#4014=DIRECTION('',(0.,0.,1.));
#4015=DIRECTION('',(1.,0.,0.));
#4016=DIRECTION('',(0.,-1.,0.));
#4017=DIRECTION('',(1.,0.,0.));
#4018=DIRECTION('',(-1.7347234759768E-16,0.,-1.));
#4019=DIRECTION('',(-1.,0.,1.7347234759768E-16));
#4020=DIRECTION('',(-1.7347234759768E-16,0.,-1.));
#4021=DIRECTION('',(1.,0.,0.));
#4022=DIRECTION('',(1.,0.,-1.7347234759768E-16));
#4023=DIRECTION('',(-1.73472347597681E-16,0.,-1.));
#4024=DIRECTION('',(1.50463276905253E-32,-1.,8.67361737988404E-17));
#4025=DIRECTION('',(1.7347234759768E-16,2.79794109028517E-16,1.));
#4026=DIRECTION('',(-9.02779661431517E-32,1.,-5.20417042793042E-16));
#4027=DIRECTION('',(-1.7347234759768E-16,0.,-1.));
#4028=DIRECTION('',(0.,1.,0.));
#4029=DIRECTION('',(-1.7347234759768E-16,0.,-1.));
#4030=DIRECTION('',(0.,1.,0.));
#4031=DIRECTION('',(0.,1.,0.));
#4032=DIRECTION('',(1.,0.,0.));
#4033=DIRECTION('',(0.,1.,0.));
#4034=DIRECTION('',(0.,0.,1.));
#4035=DIRECTION('',(4.85365409371783E-32,-1.,2.79794109028517E-16));
#4036=DIRECTION('',(0.,-2.79794109028517E-16,-1.));
#4037=DIRECTION('',(0.,1.,0.));
#4038=DIRECTION('',(1.,0.,0.));
#4039=DIRECTION('',(0.,1.,0.));
#4040=DIRECTION('',(0.,0.,1.));
#4041=DIRECTION('',(4.85365409371783E-32,-1.,2.79794109028517E-16));
#4042=DIRECTION('',(0.,-2.79794109028517E-16,-1.));
#4043=DIRECTION('',(0.,1.,0.));
#4044=DIRECTION('',(1.,0.,0.));
#4045=DIRECTION('',(0.,1.,0.));
#4046=DIRECTION('',(0.,0.,1.));
#4047=DIRECTION('',(4.85365409371783E-32,-1.,2.79794109028517E-16));
#4048=DIRECTION('',(0.,-2.79794109028517E-16,-1.));
#4049=DIRECTION('',(0.,1.,0.));
#4050=DIRECTION('',(1.,0.,0.));
#4051=DIRECTION('',(0.,1.,0.));
#4052=DIRECTION('',(0.,0.,1.));
#4053=DIRECTION('',(4.85365409371783E-32,-1.,2.79794109028517E-16));
#4054=DIRECTION('',(0.,-2.79794109028517E-16,-1.));
#4055=DIRECTION('',(0.,0.,1.));
#4056=DIRECTION('',(0.,-1.,0.));
#4057=DIRECTION('',(0.,0.,-1.));
#4058=DIRECTION('',(0.,1.,0.));
#4059=DIRECTION('',(1.,0.,0.));
#4060=DIRECTION('',(1.,0.,0.));
#4061=DIRECTION('',(0.,1.,0.));
#4062=DIRECTION('',(0.,0.,1.));
#4063=DIRECTION('',(0.,-1.,0.));
#4064=DIRECTION('',(0.,0.,1.));
#4065=DIRECTION('',(0.,-1.,0.));
#4066=DIRECTION('',(1.,0.,0.));
#4067=DIRECTION('',(0.,1.,0.));
#4068=DIRECTION('',(1.,0.,-1.7347234759768E-16));
#4069=DIRECTION('',(-1.73472347597681E-16,0.,-1.));
#4070=DIRECTION('',(-1.50463276905253E-32,1.,-8.67361737988404E-17));
#4071=DIRECTION('',(-1.7347234759768E-16,0.,-1.));
#4072=DIRECTION('',(-1.7347234759768E-16,0.,-1.));
#4073=DIRECTION('',(9.02779661431517E-32,-1.,5.20417042793042E-16));
#4074=DIRECTION('',(-1.73472347597681E-16,-2.79794109028517E-16,-1.));
#4075=DIRECTION('',(0.,-1.,0.));
#4076=DIRECTION('',(1.,0.,0.));
#4077=DIRECTION('',(-1.,0.,1.7347234759768E-16));
#4078=DIRECTION('',(0.,-1.,0.));
#4079=DIRECTION('',(1.,0.,0.));
#4080=DIRECTION('',(4.85365409371783E-32,-1.,2.79794109028517E-16));
#4081=DIRECTION('',(0.,-2.79794109028517E-16,-1.));
#4082=DIRECTION('',(-1.,0.,1.7347234759768E-16));
#4083=DIRECTION('',(-1.,0.,1.7347234759768E-16));
#4084=DIRECTION('',(-1.7347234759768E-16,-8.67361737988404E-17,-1.));
#4085=DIRECTION('',(-1.,0.,1.7347234759768E-16));
#4086=DIRECTION('',(-1.7347234759768E-16,-8.67361737988404E-17,-1.));
#4087=DIRECTION('',(-1.,0.,1.7347234759768E-16));
#4088=DIRECTION('',(1.7347234759768E-16,5.20417042793042E-16,1.));
#4089=DIRECTION('',(0.,-1.,5.20417042793042E-16));
#4090=DIRECTION('',(1.7347234759768E-16,5.20417042793042E-16,1.));
#4091=DIRECTION('',(0.,-1.,5.20417042793042E-16));
#4092=DIRECTION('',(0.,0.,-1.));
#4093=DIRECTION('',(0.,1.,0.));
#4094=DIRECTION('',(0.,0.,-1.));
#4095=DIRECTION('',(0.,1.,0.));
#4096=DIRECTION('',(0.,0.,1.));
#4097=DIRECTION('',(0.,-1.,0.));
#4098=DIRECTION('',(0.,0.,1.));
#4099=DIRECTION('',(0.,-1.,0.));
#4100=DIRECTION('',(0.,0.,1.));
#4101=DIRECTION('',(0.,-1.,0.));
#4102=DIRECTION('',(0.,0.,-1.));
#4103=DIRECTION('',(0.,1.,0.));
#4104=DIRECTION('',(0.,0.,1.));
#4105=DIRECTION('',(1.,0.,0.));
#4106=DIRECTION('',(0.,1.,0.));
#4107=DIRECTION('',(0.,0.,1.));
#4108=DIRECTION('',(0.,1.,0.));
#4109=DIRECTION('',(0.,0.,1.));
#4110=DIRECTION('',(0.,1.,0.));
#4111=DIRECTION('',(0.,0.,1.));
#4112=DIRECTION('',(0.,1.,0.));
#4113=DIRECTION('',(0.,0.,1.));
#4114=DIRECTION('',(0.,1.,0.));
#4115=DIRECTION('',(0.,0.,1.));
#4116=DIRECTION('',(0.,1.,0.));
#4117=DIRECTION('',(0.,0.,1.));
#4118=DIRECTION('',(0.,1.,0.));
#4119=DIRECTION('',(0.,0.,1.));
#4120=DIRECTION('',(0.,-1.,0.));
#4121=DIRECTION('',(0.,0.,1.));
#4122=DIRECTION('',(0.,1.,0.));
#4123=DIRECTION('',(0.,0.,1.));
#4124=DIRECTION('',(0.,-1.,0.));
#4125=DIRECTION('',(-1.73472347597681E-15,0.,1.));
#4126=DIRECTION('',(0.,1.,0.));
#4127=DIRECTION('',(0.,0.,1.));
#4128=DIRECTION('',(0.,-1.,0.));
#4129=DIRECTION('',(-1.73472347597681E-15,0.,1.));
#4130=DIRECTION('',(0.,1.,0.));
#4131=DIRECTION('',(0.,0.,1.));
#4132=DIRECTION('',(0.,-1.,0.));
#4133=DIRECTION('',(0.,0.,1.));
#4134=DIRECTION('',(0.,1.,0.));
#4135=DIRECTION('',(0.,0.,1.));
#4136=DIRECTION('',(0.,1.,0.));
#4137=DIRECTION('',(0.,0.,1.));
#4138=DIRECTION('',(0.,1.,0.));
#4139=DIRECTION('',(0.,0.,1.));
#4140=DIRECTION('',(0.,1.,0.));
#4141=DIRECTION('',(0.,0.,1.));
#4142=DIRECTION('',(0.,1.,0.));
#4143=DIRECTION('',(0.,0.,1.));
#4144=DIRECTION('',(0.,-1.,0.));
#4145=DIRECTION('',(0.,0.,1.));
#4146=DIRECTION('',(0.,1.,0.));
#4147=DIRECTION('',(0.,0.,1.));
#4148=DIRECTION('',(0.,-1.,0.));
#4149=DIRECTION('',(0.,0.,-1.));
#4150=DIRECTION('',(0.,1.,0.));
#4151=DIRECTION('',(0.,0.,1.));
#4152=DIRECTION('',(0.,-1.,0.));
#4153=DIRECTION('',(0.,-1.,0.));
#4154=DIRECTION('',(0.,-1.,0.));
#4155=DIRECTION('',(0.,0.,-1.));
#4156=DIRECTION('',(0.,1.,0.));
#4157=DIRECTION('',(0.,0.,1.));
#4158=DIRECTION('',(0.,-1.,0.));
#4159=DIRECTION('',(0.,-1.,0.));
#4160=DIRECTION('',(0.,0.,-1.));
#4161=DIRECTION('',(0.,-1.,0.));
#4162=DIRECTION('',(0.,0.,1.));
#4163=DIRECTION('',(0.,-1.,0.));
#4164=DIRECTION('',(0.,-1.,0.));
#4165=DIRECTION('',(0.,0.,-1.));
#4166=DIRECTION('',(0.,1.,0.));
#4167=DIRECTION('',(0.,0.,1.));
#4168=DIRECTION('',(0.,-1.,0.));
#4169=DIRECTION('',(0.,-1.,0.));
#4170=DIRECTION('',(0.,-1.,0.));
#4171=DIRECTION('',(0.,0.,-1.));
#4172=DIRECTION('',(0.,-1.,0.));
#4173=DIRECTION('',(-1.73472347597681E-15,0.,1.));
#4174=DIRECTION('',(0.,-1.,0.));
#4175=DIRECTION('',(0.,-1.,0.));
#4176=DIRECTION('',(0.,0.,-1.));
#4177=DIRECTION('',(0.,1.,0.));
#4178=DIRECTION('',(0.,0.,1.));
#4179=DIRECTION('',(0.,-1.,0.));
#4180=DIRECTION('',(0.,-1.,0.));
#4181=DIRECTION('',(0.,0.,-1.));
#4182=DIRECTION('',(0.,-1.,0.));
#4183=DIRECTION('',(0.,0.,1.));
#4184=DIRECTION('',(0.,-1.,0.));
#4185=DIRECTION('',(0.,-1.,0.));
#4186=DIRECTION('',(0.,0.,-1.));
#4187=DIRECTION('',(0.,1.,0.));
#4188=DIRECTION('',(0.,0.,1.));
#4189=DIRECTION('',(0.,-1.,0.));
#4190=DIRECTION('',(0.,-1.,0.));
#4191=DIRECTION('',(0.,0.,-1.));
#4192=DIRECTION('',(0.,1.,0.));
#4193=DIRECTION('',(0.,0.,1.));
#4194=DIRECTION('',(0.,-1.,0.));
#4195=DIRECTION('',(0.,-1.,0.));
#4196=DIRECTION('',(0.,-1.,0.));
#4197=DIRECTION('',(0.,0.,-1.));
#4198=DIRECTION('',(0.,1.,0.));
#4199=DIRECTION('',(0.,0.,1.));
#4200=DIRECTION('',(0.,-1.,0.));
#4201=DIRECTION('',(0.,-1.,0.));
#4202=DIRECTION('',(0.,0.,-1.));
#4203=DIRECTION('',(0.,-1.,0.));
#4204=DIRECTION('',(0.,0.,1.));
#4205=DIRECTION('',(0.,-1.,0.));
#4206=DIRECTION('',(0.,1.,0.));
#4207=DIRECTION('',(0.,0.,1.));
#4208=DIRECTION('',(0.,1.,0.));
#4209=DIRECTION('',(0.,0.,1.));
#4210=DIRECTION('',(0.,1.,0.));
#4211=DIRECTION('',(0.,0.,1.));
#4212=DIRECTION('',(0.,1.,0.));
#4213=DIRECTION('',(0.,0.,1.));
#4214=DIRECTION('',(0.,1.,0.));
#4215=DIRECTION('',(0.,0.,1.));
#4216=DIRECTION('',(0.,1.,0.));
#4217=DIRECTION('',(0.,0.,1.));
#4218=DIRECTION('',(0.,1.,0.));
#4219=DIRECTION('',(0.,0.,1.));
#4220=DIRECTION('',(0.,1.,0.));
#4221=DIRECTION('',(0.,0.,1.));
#4222=DIRECTION('',(0.,-1.,0.));
#4223=DIRECTION('',(-1.73472347597681E-15,0.,1.));
#4224=DIRECTION('',(0.,1.,0.));
#4225=DIRECTION('',(0.,0.,1.));
#4226=DIRECTION('',(-3.79642007815785E-16,-0.905458935958889,0.424433876230675));
#4227=DIRECTION('',(0.,1.,0.));
#4228=DIRECTION('',(-0.86602540378444,0.,0.5));
#4229=DIRECTION('',(0.,-1.,0.));
#4230=DIRECTION('',(0.499999999999989,0.,0.866025403784445));
#4231=DIRECTION('',(0.300705799504261,0.,0.953716950748231));
#4232=DIRECTION('',(0.,1.,0.));
#4233=DIRECTION('',(0.499999999999989,0.,0.866025403784445));
#4234=DIRECTION('',(-0.675590207615652,0.,-0.737277336810132));
#4235=DIRECTION('',(-0.737277336810132,0.,0.675590207615652));
#4236=DIRECTION('',(0.675590207615652,0.,0.737277336810132));
#4237=DIRECTION('',(-0.675590207615652,0.,-0.737277336810132));
#4238=DIRECTION('',(0.,-1.,0.));
#4239=DIRECTION('',(0.,-1.,0.));
#4240=DIRECTION('',(0.953716950748231,0.,-0.300705799504261));
#4241=DIRECTION('',(-0.300705799504261,0.,-0.953716950748231));
#4242=DIRECTION('',(0.300705799504261,0.,0.953716950748231));
#4243=DIRECTION('',(0.,-1.,0.));
#4244=DIRECTION('',(0.,-1.,0.));
#4245=DIRECTION('',(0.,1.,0.));
#4246=DIRECTION('',(-0.86602540378444,0.,0.5));
#4247=DIRECTION('',(0.,-1.,0.));
#4248=DIRECTION('',(0.866025403784433,0.,0.50000000000001));
#4249=DIRECTION('',(0.737277336810116,0.,0.675590207615669));
#4250=DIRECTION('',(0.,1.,0.));
#4251=DIRECTION('',(0.866025403784433,0.,0.50000000000001));
#4252=DIRECTION('',(-0.953716950748224,0.,-0.300705799504283));
#4253=DIRECTION('',(-0.300705799504283,0.,0.953716950748224));
#4254=DIRECTION('',(0.953716950748224,0.,0.300705799504283));
#4255=DIRECTION('',(-0.953716950748224,0.,-0.300705799504283));
#4256=DIRECTION('',(0.,-1.,0.));
#4257=DIRECTION('',(0.,-1.,0.));
#4258=DIRECTION('',(0.675590207615669,0.,-0.737277336810116));
#4259=DIRECTION('',(-0.737277336810116,0.,-0.675590207615669));
#4260=DIRECTION('',(0.737277336810116,0.,0.675590207615669));
#4261=DIRECTION('',(0.,-1.,0.));
#4262=DIRECTION('',(0.,-1.,0.));
#4263=DIRECTION('',(0.,1.,0.));
#4264=DIRECTION('',(-0.86602540378444,0.,0.5));
#4265=DIRECTION('',(0.,-1.,0.));
#4266=DIRECTION('',(1.,0.,1.04744440165294E-14));
#4267=DIRECTION('',(0.976296007119931,0.,0.216439613938114));
#4268=DIRECTION('',(0.,1.,0.));
#4269=DIRECTION('',(1.,0.,1.04744440165294E-14));
#4270=DIRECTION('',(-0.976296007119935,0.,0.216439613938094));
#4271=DIRECTION('',(0.216439613938094,0.,0.976296007119935));
#4272=DIRECTION('',(0.976296007119935,0.,-0.216439613938094));
#4273=DIRECTION('',(-0.976296007119935,0.,0.216439613938094));
#4274=DIRECTION('',(0.,-1.,0.));
#4275=DIRECTION('',(0.,-1.,0.));
#4276=DIRECTION('',(0.216439613938114,0.,-0.976296007119931));
#4277=DIRECTION('',(-0.976296007119931,0.,-0.216439613938114));
#4278=DIRECTION('',(0.976296007119931,0.,0.216439613938114));
#4279=DIRECTION('',(0.,-1.,0.));
#4280=DIRECTION('',(0.,-1.,0.));
#4281=DIRECTION('',(0.,1.,0.));
#4282=DIRECTION('',(-0.86602540378444,0.,0.5));
#4283=DIRECTION('',(0.,-1.,0.));
#4284=DIRECTION('',(0.866025403784443,0.,-0.499999999999992));
#4285=DIRECTION('',(0.95371695074823,0.,-0.300705799504264));
#4286=DIRECTION('',(0.,1.,0.));
#4287=DIRECTION('',(0.866025403784443,0.,-0.499999999999992));
#4288=DIRECTION('',(-0.73727733681013,0.,0.675590207615654));
#4289=DIRECTION('',(0.675590207615654,0.,0.73727733681013));
#4290=DIRECTION('',(0.73727733681013,0.,-0.675590207615654));
#4291=DIRECTION('',(-0.73727733681013,0.,0.675590207615654));
#4292=DIRECTION('',(0.,-1.,0.));
#4293=DIRECTION('',(0.,-1.,0.));
#4294=DIRECTION('',(-0.300705799504264,0.,-0.95371695074823));
#4295=DIRECTION('',(-0.95371695074823,0.,0.300705799504264));
#4296=DIRECTION('',(0.95371695074823,0.,-0.300705799504264));
#4297=DIRECTION('',(0.,-1.,0.));
#4298=DIRECTION('',(0.,-1.,0.));
#4299=DIRECTION('',(0.,1.,0.));
#4300=DIRECTION('',(-0.86602540378444,0.,0.5));
#4301=DIRECTION('',(0.,-1.,0.));
#4302=DIRECTION('',(0.500000000000007,0.,-0.866025403784435));
#4303=DIRECTION('',(0.675590207615667,0.,-0.737277336810118));
#4304=DIRECTION('',(0.,1.,0.));
#4305=DIRECTION('',(0.500000000000007,0.,-0.866025403784435));
#4306=DIRECTION('',(-0.30070579950428,0.,0.953716950748225));
#4307=DIRECTION('',(0.953716950748225,0.,0.30070579950428));
#4308=DIRECTION('',(0.30070579950428,0.,-0.953716950748225));
#4309=DIRECTION('',(-0.30070579950428,0.,0.953716950748225));
#4310=DIRECTION('',(0.,-1.,0.));
#4311=DIRECTION('',(0.,-1.,0.));
#4312=DIRECTION('',(-0.737277336810118,0.,-0.675590207615667));
#4313=DIRECTION('',(-0.675590207615667,0.,0.737277336810118));
#4314=DIRECTION('',(0.675590207615667,0.,-0.737277336810118));
#4315=DIRECTION('',(0.,-1.,0.));
#4316=DIRECTION('',(0.,-1.,0.));
#4317=DIRECTION('',(0.,1.,0.));
#4318=DIRECTION('',(-0.86602540378444,0.,0.5));
#4319=DIRECTION('',(0.216439613938104,0.,0.976296007119933));
#4320=DIRECTION('',(0.,-1.,0.));
#4321=DIRECTION('',(0.,0.,-1.));
#4322=DIRECTION('',(0.216439613938104,0.,-0.976296007119933));
#4323=DIRECTION('',(0.,1.,0.));
#4324=DIRECTION('',(0.,0.,-1.));
#4325=DIRECTION('',(0.976296007119933,0.,-0.216439613938104));
#4326=DIRECTION('',(-0.216439613938104,0.,-0.976296007119933));
#4327=DIRECTION('',(0.216439613938104,0.,0.976296007119933));
#4328=DIRECTION('',(0.,-1.,0.));
#4329=DIRECTION('',(0.,-1.,0.));
#4330=DIRECTION('',(-0.976296007119933,0.,-0.216439613938104));
#4331=DIRECTION('',(-0.216439613938104,0.,0.976296007119933));
#4332=DIRECTION('',(0.216439613938104,0.,-0.976296007119933));
#4333=DIRECTION('',(0.,-1.,0.));
#4334=DIRECTION('',(0.,-1.,0.));
#4335=DIRECTION('',(0.,1.,0.));
#4336=DIRECTION('',(-0.86602540378444,0.,0.5));
#4337=DIRECTION('',(0.,-1.,0.));
#4338=DIRECTION('',(-0.5,0.,-0.866025403784442));
#4339=DIRECTION('',(-0.300705799504267,0.,-0.953716950748229));
#4340=DIRECTION('',(0.,1.,0.));
#4341=DIRECTION('',(-0.5,0.,-0.866025403784442));
#4342=DIRECTION('',(0.675590207615657,0.,0.737277336810127));
#4343=DIRECTION('',(0.737277336810127,0.,-0.675590207615657));
#4344=DIRECTION('',(-0.675590207615657,0.,-0.737277336810127));
#4345=DIRECTION('',(0.675590207615657,0.,0.737277336810127));
#4346=DIRECTION('',(0.,-1.,0.));
#4347=DIRECTION('',(0.,-1.,0.));
#4348=DIRECTION('',(-0.953716950748229,0.,0.300705799504267));
#4349=DIRECTION('',(0.300705799504267,0.,0.953716950748229));
#4350=DIRECTION('',(-0.300705799504267,0.,-0.953716950748229));
#4351=DIRECTION('',(0.,-1.,0.));
#4352=DIRECTION('',(0.,-1.,0.));
#4353=DIRECTION('',(0.,1.,0.));
#4354=DIRECTION('',(-0.86602540378444,0.,0.5));
#4355=DIRECTION('',(0.,-1.,0.));
#4356=DIRECTION('',(-0.866025403784436,0.,-0.5));
#4357=DIRECTION('',(-0.737277336810121,0.,-0.675590207615664));
#4358=DIRECTION('',(0.,1.,0.));
#4359=DIRECTION('',(-0.866025403784436,0.,-0.5));
#4360=DIRECTION('',(0.953716950748226,0.,0.300705799504277));
#4361=DIRECTION('',(0.300705799504277,0.,-0.953716950748226));
#4362=DIRECTION('',(-0.953716950748226,0.,-0.300705799504277));
#4363=DIRECTION('',(0.953716950748226,0.,0.300705799504277));
#4364=DIRECTION('',(0.,-1.,0.));
#4365=DIRECTION('',(0.,-1.,0.));
#4366=DIRECTION('',(-0.675590207615664,0.,0.737277336810121));
#4367=DIRECTION('',(0.737277336810121,0.,0.675590207615664));
#4368=DIRECTION('',(-0.737277336810121,0.,-0.675590207615664));
#4369=DIRECTION('',(0.,-1.,0.));
#4370=DIRECTION('',(0.,-1.,0.));
#4371=DIRECTION('',(0.,1.,0.));
#4372=DIRECTION('',(-0.86602540378444,0.,0.5));
#4373=DIRECTION('',(0.,-1.,0.));
#4374=DIRECTION('',(-1.,0.,-3.49148133884314E-15));
#4375=DIRECTION('',(-0.976296007119933,0.,-0.216439613938107));
#4376=DIRECTION('',(0.,1.,0.));
#4377=DIRECTION('',(-1.,0.,-3.49148133884314E-15));
#4378=DIRECTION('',(0.976296007119934,0.,-0.2164396139381));
#4379=DIRECTION('',(-0.2164396139381,0.,-0.976296007119934));
#4380=DIRECTION('',(-0.976296007119934,0.,0.2164396139381));
#4381=DIRECTION('',(0.976296007119934,0.,-0.2164396139381));
#4382=DIRECTION('',(0.,-1.,0.));
#4383=DIRECTION('',(0.,-1.,0.));
#4384=DIRECTION('',(-0.216439613938107,0.,0.976296007119932));
#4385=DIRECTION('',(0.976296007119932,0.,0.216439613938107));
#4386=DIRECTION('',(-0.976296007119933,0.,-0.216439613938107));
#4387=DIRECTION('',(0.,-1.,0.));
#4388=DIRECTION('',(0.,-1.,0.));
#4389=DIRECTION('',(0.,1.,0.));
#4390=DIRECTION('',(-0.86602540378444,0.,0.5));
#4391=DIRECTION('',(0.,-1.,0.));
#4392=DIRECTION('',(-0.86602540378444,0.,0.5));
#4393=DIRECTION('',(-0.953716950748228,0.,0.300705799504271));
#4394=DIRECTION('',(0.,1.,0.));
#4395=DIRECTION('',(-0.86602540378444,0.,0.5));
#4396=DIRECTION('',(0.737277336810125,0.,-0.675590207615659));
#4397=DIRECTION('',(-0.675590207615659,0.,-0.737277336810125));
#4398=DIRECTION('',(-0.737277336810125,0.,0.675590207615659));
#4399=DIRECTION('',(0.737277336810125,0.,-0.675590207615659));
#4400=DIRECTION('',(0.,-1.,0.));
#4401=DIRECTION('',(0.,-1.,0.));
#4402=DIRECTION('',(0.300705799504271,0.,0.953716950748228));
#4403=DIRECTION('',(0.953716950748228,0.,-0.300705799504271));
#4404=DIRECTION('',(-0.953716950748228,0.,0.300705799504271));
#4405=DIRECTION('',(0.,-1.,0.));
#4406=DIRECTION('',(0.,-1.,0.));
#4407=DIRECTION('',(0.,1.,0.));
#4408=DIRECTION('',(-0.86602540378444,0.,0.5));
#4409=DIRECTION('',(0.,-1.,0.));
#4410=DIRECTION('',(-0.5,0.,0.866025403784438));
#4411=DIRECTION('',(-0.675590207615662,0.,0.737277336810123));
#4412=DIRECTION('',(0.,1.,0.));
#4413=DIRECTION('',(-0.5,0.,0.866025403784438));
#4414=DIRECTION('',(0.300705799504274,0.,-0.953716950748227));
#4415=DIRECTION('',(-0.953716950748227,0.,-0.300705799504274));
#4416=DIRECTION('',(-0.300705799504274,0.,0.953716950748227));
#4417=DIRECTION('',(0.300705799504274,0.,-0.953716950748227));
#4418=DIRECTION('',(0.,-1.,0.));
#4419=DIRECTION('',(0.,-1.,0.));
#4420=DIRECTION('',(0.737277336810123,0.,0.675590207615662));
#4421=DIRECTION('',(0.675590207615662,0.,-0.737277336810123));
#4422=DIRECTION('',(-0.675590207615662,0.,0.737277336810123));
#4423=DIRECTION('',(0.,-1.,0.));
#4424=DIRECTION('',(0.,-1.,0.));
#4425=DIRECTION('',(0.,1.,0.));
#4426=DIRECTION('',(-0.86602540378444,0.,0.5));
#4427=DIRECTION('',(0.,-1.,0.));
#4428=DIRECTION('',(0.,0.,1.));
#4429=DIRECTION('',(-0.216439613938104,0.,0.976296007119933));
#4430=DIRECTION('',(0.,1.,0.));
#4431=DIRECTION('',(0.,0.,1.));
#4432=DIRECTION('',(-0.216439613938104,0.,-0.976296007119933));
#4433=DIRECTION('',(-0.976296007119933,0.,0.216439613938104));
#4434=DIRECTION('',(0.216439613938104,0.,0.976296007119933));
#4435=DIRECTION('',(-0.216439613938104,0.,-0.976296007119933));
#4436=DIRECTION('',(0.,-1.,0.));
#4437=DIRECTION('',(0.,-1.,0.));
#4438=DIRECTION('',(0.976296007119933,0.,0.216439613938104));
#4439=DIRECTION('',(0.216439613938104,0.,-0.976296007119933));
#4440=DIRECTION('',(-0.216439613938104,0.,0.976296007119933));
#4441=DIRECTION('',(0.,-1.,0.));
#4442=DIRECTION('',(0.,-1.,0.));
#4443=DIRECTION('',(0.,1.,0.));
#4444=DIRECTION('',(0.,0.,1.));
#4445=DIRECTION('',(0.,-1.,0.));
#4446=DIRECTION('',(0.,0.,1.));
#4447=DIRECTION('',(0.,1.,0.));
#4448=DIRECTION('',(0.,0.,1.));
#4449=DIRECTION('',(0.,1.,0.));
#4450=DIRECTION('',(0.,0.,1.));
#4451=DIRECTION('',(0.,-1.,0.));
#4452=DIRECTION('',(0.,0.,1.));
#4453=DIRECTION('',(0.,1.,0.));
#4454=DIRECTION('',(0.,0.,1.));
#4455=DIRECTION('',(0.,1.,0.));
#4456=DIRECTION('',(0.,0.,1.));
#4457=DIRECTION('',(0.,-1.,0.));
#4458=DIRECTION('',(4.88498130835069E-14,0.,1.));
#4459=DIRECTION('',(0.,1.,0.));
#4460=DIRECTION('',(0.,0.,1.));
#4461=DIRECTION('',(0.,1.,0.));
#4462=DIRECTION('',(0.,0.,1.));
#4463=DIRECTION('',(0.,-1.,0.));
#4464=DIRECTION('',(-1.33226762955019E-14,0.,1.));
#4465=DIRECTION('',(0.,1.,0.));
#4466=DIRECTION('',(0.,0.,1.));
#4467=DIRECTION('',(0.,1.,0.));
#4468=DIRECTION('',(0.,0.,1.));
#4469=DIRECTION('',(0.,-1.,0.));
#4470=DIRECTION('',(3.46389583683049E-14,0.,1.));
#4471=DIRECTION('',(0.,1.,0.));
#4472=DIRECTION('',(0.,0.,1.));
#4473=DIRECTION('',(0.,1.,0.));
#4474=DIRECTION('',(0.,0.,1.));
#4475=DIRECTION('',(0.,-1.,0.));
#4476=DIRECTION('',(1.77635683940025E-14,0.,1.));
#4477=DIRECTION('',(0.,1.,0.));
#4478=DIRECTION('',(0.,0.,1.));
#4479=DIRECTION('',(0.,1.,0.));
#4480=DIRECTION('',(0.,0.,1.));
#4481=DIRECTION('',(0.,-1.,0.));
#4482=DIRECTION('',(-1.4210854715202E-14,0.,1.));
#4483=DIRECTION('',(0.,1.,0.));
#4484=DIRECTION('',(0.,0.,1.));
#4485=DIRECTION('',(0.503432686153888,0.,0.864034449840909));
#4486=DIRECTION('',(0.864034449840909,0.,-0.503432686153888));
#4487=DIRECTION('',(-0.864034449840909,0.,0.503432686153888));
#4488=DIRECTION('',(-0.864034449840909,0.,0.503432686153888));
#4489=DIRECTION('',(0.,-1.,0.));
#4490=DIRECTION('',(-0.864034449840909,0.,0.503432686153888));
#4491=DIRECTION('',(0.864034449840909,0.,-0.503432686153887));
#4492=DIRECTION('',(-0.503432686153887,0.,-0.864034449840909));
#4493=DIRECTION('',(0.503432686153887,0.,0.864034449840909));
#4494=DIRECTION('',(0.503432686153887,0.,0.864034449840909));
#4495=DIRECTION('',(0.,-1.,0.));
#4496=DIRECTION('',(0.503432686153887,0.,0.864034449840909));
#4497=DIRECTION('',(-0.503432686153887,0.,-0.864034449840909));
#4498=DIRECTION('',(-0.864034449840909,0.,0.503432686153887));
#4499=DIRECTION('',(0.864034449840909,0.,-0.503432686153887));
#4500=DIRECTION('',(0.864034449840909,0.,-0.503432686153887));
#4501=DIRECTION('',(0.,-1.,0.));
#4502=DIRECTION('',(0.864034449840909,0.,-0.503432686153887));
#4503=DIRECTION('',(-0.864034449840917,0.,0.503432686153872));
#4504=DIRECTION('',(0.503432686153872,0.,0.864034449840917));
#4505=DIRECTION('',(-0.503432686153872,0.,-0.864034449840917));
#4506=DIRECTION('',(-0.503432686153872,0.,-0.864034449840917));
#4507=DIRECTION('',(0.,-1.,0.));
#4508=DIRECTION('',(-0.503432686153872,0.,-0.864034449840917));
#4509=DIRECTION('',(0.,1.,0.));
#4510=DIRECTION('',(0.,0.,1.));
#4511=DIRECTION('',(0.,1.,0.));
#4512=DIRECTION('',(0.,0.,1.));
#4513=DIRECTION('',(0.,1.,0.));
#4514=DIRECTION('',(0.,0.,1.));
#4515=DIRECTION('',(0.,1.,0.));
#4516=DIRECTION('',(0.,0.,1.));
#4517=DIRECTION('',(1.,0.,5.44349041275315E-17));
#4518=DIRECTION('',(0.,1.,0.));
#4519=DIRECTION('',(0.,0.,1.));
#4520=DIRECTION('',(0.,1.,0.));
#4521=DIRECTION('',(0.,0.,1.));
#4522=DIRECTION('',(0.,1.,0.));
#4523=DIRECTION('',(0.,0.,1.));
#4524=DIRECTION('',(0.,0.,1.));
#4525=DIRECTION('',(0.,1.,0.));
#4526=DIRECTION('',(0.,0.,1.));
#4527=DIRECTION('',(0.,1.,0.));
#4528=DIRECTION('',(0.,0.,1.));
#4529=DIRECTION('',(0.,1.,0.));
#4530=DIRECTION('',(0.,0.,1.));
#4531=DIRECTION('',(-1.,0.,1.08869808255063E-16));
#4532=DIRECTION('',(0.,1.,0.));
#4533=DIRECTION('',(0.,0.,1.));
#4534=DIRECTION('',(0.,1.,0.));
#4535=DIRECTION('',(0.,0.,1.));
#4536=DIRECTION('',(0.,1.,0.));
#4537=DIRECTION('',(0.,0.,1.));
#4538=DIRECTION('',(-1.08869808255063E-16,0.,-1.));
#4539=DIRECTION('',(0.,1.,0.));
#4540=DIRECTION('',(0.,0.,1.));
#4541=DIRECTION('',(0.,1.,0.));
#4542=DIRECTION('',(0.,0.,1.));
#4543=DIRECTION('',(0.,1.,0.));
#4544=DIRECTION('',(0.,0.,1.));
#4545=DIRECTION('',(-0.992807442852731,0.,0.119722100784367));
#4546=DIRECTION('',(0.,1.,0.));
#4547=DIRECTION('',(0.,0.,1.));
#4548=DIRECTION('',(0.913681259236944,0.,-0.406431490560455));
#4549=DIRECTION('',(0.,1.,0.));
#4550=DIRECTION('',(0.,0.,1.));
#4551=DIRECTION('',(0.,1.,0.));
#4552=DIRECTION('',(0.,0.,1.));
#4553=DIRECTION('',(-0.406431490560454,0.,-0.913681259236944));
#4554=DIRECTION('',(0.,1.,0.));
#4555=DIRECTION('',(0.,0.,1.));
#4556=DIRECTION('',(-1.,0.,-7.47489152849714E-15));
#4557=DIRECTION('',(0.,1.,0.));
#4558=DIRECTION('',(0.,0.,1.));
#4559=DIRECTION('',(0.,1.,0.));
#4560=DIRECTION('',(0.,0.,1.));
#4561=DIRECTION('',(0.119722100784366,0.,0.992807442852731));
#4562=DIRECTION('',(0.,1.,0.));
#4563=DIRECTION('',(0.,0.,1.));
#4564=DIRECTION('',(-0.406431490560454,0.,-0.913681259236944));
#4565=DIRECTION('',(0.,1.,0.));
#4566=DIRECTION('',(0.,0.,1.));
#4567=DIRECTION('',(-0.913681259236945,0.,0.406431490560453));
#4568=DIRECTION('',(0.,1.,0.));
#4569=DIRECTION('',(0.,0.,1.));
#4570=DIRECTION('',(-3.88694359481851E-15,0.,1.));
#4571=DIRECTION('',(0.,1.,0.));
#4572=DIRECTION('',(0.,0.,1.));
#4573=DIRECTION('',(0.,1.,0.));
#4574=DIRECTION('',(0.,0.,1.));
#4575=DIRECTION('',(0.992807442852731,0.,-0.119722100784365));
#4576=DIRECTION('',(0.,1.,0.));
#4577=DIRECTION('',(0.,0.,1.));
#4578=DIRECTION('',(-0.913681259236945,0.,0.406431490560453));
#4579=DIRECTION('',(0.,1.,0.));
#4580=DIRECTION('',(0.,0.,1.));
#4581=DIRECTION('',(0.406431490560452,0.,0.913681259236945));
#4582=DIRECTION('',(0.,1.,0.));
#4583=DIRECTION('',(0.,0.,1.));
#4584=DIRECTION('',(1.,0.,5.97991322279825E-16));
#4585=DIRECTION('',(0.,1.,0.));
#4586=DIRECTION('',(0.,0.,1.));
#4587=DIRECTION('',(0.,1.,0.));
#4588=DIRECTION('',(0.,0.,1.));
#4589=DIRECTION('',(-0.119722100784363,0.,-0.992807442852731));
#4590=DIRECTION('',(0.,1.,0.));
#4591=DIRECTION('',(0.,0.,1.));
#4592=DIRECTION('',(0.406431490560452,0.,0.913681259236945));
#4593=DIRECTION('',(0.,1.,0.));
#4594=DIRECTION('',(0.,0.,1.));
#4595=DIRECTION('',(0.913681259236944,0.,-0.406431490560455));
#4596=DIRECTION('',(0.,1.,0.));
#4597=DIRECTION('',(0.,0.,1.));
#4598=DIRECTION('',(1.10628394621758E-14,0.,-1.));
#4599=DIRECTION('',(-0.406431490560455,0.,-0.913681259236944));
#4600=DIRECTION('',(-0.913681259236944,0.,0.406431490560455));
#4601=DIRECTION('',(0.913681259236944,0.,-0.406431490560455));
#4602=DIRECTION('',(0.,1.,0.));
#4603=DIRECTION('',(-0.913681259236944,0.,0.406431490560454));
#4604=DIRECTION('',(0.406431490560454,0.,0.913681259236944));
#4605=DIRECTION('',(-0.406431490560454,0.,-0.913681259236944));
#4606=DIRECTION('',(0.,1.,0.));
#4607=DIRECTION('',(0.406431490560453,0.,0.913681259236945));
#4608=DIRECTION('',(0.913681259236945,0.,-0.406431490560453));
#4609=DIRECTION('',(-0.913681259236945,0.,0.406431490560453));
#4610=DIRECTION('',(0.,1.,0.));
#4611=DIRECTION('',(0.913681259236945,0.,-0.406431490560452));
#4612=DIRECTION('',(-0.406431490560452,0.,-0.913681259236945));
#4613=DIRECTION('',(0.406431490560452,0.,0.913681259236945));
#4614=DIRECTION('',(0.,1.,0.));
#4615=DIRECTION('',(0.,1.,0.));
#4616=DIRECTION('',(0.,0.,1.));
#4617=DIRECTION('',(-0.992807442852731,0.,0.119722100784367));
#4618=DIRECTION('',(1.,0.,5.44349041275315E-17));
#4619=DIRECTION('',(0.,1.,0.));
#4620=DIRECTION('',(0.,0.,1.));
#4621=DIRECTION('',(-0.119722100784367,0.,-0.992807442852731));
#4622=DIRECTION('',(-0.992807442852731,0.,0.119722100784367));
#4623=DIRECTION('',(0.,1.,0.));
#4624=DIRECTION('',(0.,1.,0.));
#4625=DIRECTION('',(-0.992807442852731,0.,0.119722100784367));
#4626=DIRECTION('',(0.,1.,0.));
#4627=DIRECTION('',(0.,0.,1.));
#4628=DIRECTION('',(0.119722100784366,0.,0.992807442852731));
#4629=DIRECTION('',(-1.08869808255063E-16,0.,-1.));
#4630=DIRECTION('',(0.,1.,0.));
#4631=DIRECTION('',(0.,0.,1.));
#4632=DIRECTION('',(-0.992807442852731,0.,0.119722100784366));
#4633=DIRECTION('',(0.119722100784366,0.,0.992807442852731));
#4634=DIRECTION('',(0.,1.,0.));
#4635=DIRECTION('',(0.,1.,0.));
#4636=DIRECTION('',(0.119722100784366,0.,0.992807442852731));
#4637=DIRECTION('',(0.,1.,0.));
#4638=DIRECTION('',(0.,0.,1.));
#4639=DIRECTION('',(0.992807442852731,0.,-0.119722100784365));
#4640=DIRECTION('',(-1.,0.,1.08869808255063E-16));
#4641=DIRECTION('',(0.,1.,0.));
#4642=DIRECTION('',(0.,0.,1.));
#4643=DIRECTION('',(0.119722100784365,0.,0.992807442852731));
#4644=DIRECTION('',(0.992807442852731,0.,-0.119722100784365));
#4645=DIRECTION('',(0.,1.,0.));
#4646=DIRECTION('',(0.,1.,0.));
#4647=DIRECTION('',(0.992807442852731,0.,-0.119722100784365));
#4648=DIRECTION('',(0.,1.,0.));
#4649=DIRECTION('',(0.,0.,1.));
#4650=DIRECTION('',(-0.119722100784363,0.,-0.992807442852731));
#4651=DIRECTION('',(0.,0.,1.));
#4652=DIRECTION('',(0.,1.,0.));
#4653=DIRECTION('',(0.,0.,1.));
#4654=DIRECTION('',(0.992807442852731,0.,-0.119722100784363));
#4655=DIRECTION('',(-0.119722100784363,0.,-0.992807442852731));
#4656=DIRECTION('',(0.,1.,0.));
#4657=DIRECTION('',(0.,1.,0.));
#4658=DIRECTION('',(-0.119722100784363,0.,-0.992807442852731));
#4659=DIRECTION('',(0.,1.,0.));
#4660=DIRECTION('',(0.,0.,1.));
#4661=DIRECTION('',(0.,1.,0.));
#4662=DIRECTION('',(0.,0.,1.));
#4663=DIRECTION('',(0.,1.,0.));
#4664=DIRECTION('',(0.,0.,1.));
#4665=DIRECTION('',(0.,1.,0.));
#4666=DIRECTION('',(0.,0.,1.));
#4667=DIRECTION('',(0.,1.,0.));
#4668=DIRECTION('',(0.,0.,1.));
#4669=DIRECTION('',(0.,1.,0.));
#4670=DIRECTION('',(0.,0.,1.));
#4671=DIRECTION('',(0.,1.,0.));
#4672=DIRECTION('',(0.,0.,1.));
#4673=DIRECTION('',(0.,1.,0.));
#4674=DIRECTION('',(0.,0.,1.));
#4675=DIRECTION('',(0.,1.,0.));
#4676=DIRECTION('',(0.,0.,1.));
#4677=DIRECTION('',(0.,1.,0.));
#4678=DIRECTION('',(0.,0.,1.));
#4679=DIRECTION('',(0.,1.,0.));
#4680=DIRECTION('',(0.,0.,1.));
#4681=DIRECTION('',(0.,1.,0.));
#4682=DIRECTION('',(0.,0.,1.));
#4683=DIRECTION('',(0.,1.,0.));
#4684=DIRECTION('',(0.,0.,1.));
#4685=DIRECTION('',(0.,1.,0.));
#4686=DIRECTION('',(0.,0.,1.));
#4687=DIRECTION('',(0.,1.,0.));
#4688=DIRECTION('',(0.,0.,1.));
#4689=DIRECTION('',(0.,1.,0.));
#4690=DIRECTION('',(0.,0.,1.));
#4691=DIRECTION('',(0.,1.,0.));
#4692=DIRECTION('',(0.,0.,1.));
#4693=DIRECTION('',(0.,1.,0.));
#4694=DIRECTION('',(0.,0.,1.));
#4695=DIRECTION('',(0.,1.,0.));
#4696=DIRECTION('',(0.,0.,1.));
#4697=DIRECTION('',(0.,1.,0.));
#4698=DIRECTION('',(0.,0.,1.));
#4699=DIRECTION('',(0.,1.,0.));
#4700=DIRECTION('',(0.,0.,1.));
#4701=DIRECTION('',(0.,1.,0.));
#4702=DIRECTION('',(0.,0.,1.));
#4703=DIRECTION('',(0.,1.,0.));
#4704=DIRECTION('',(0.,0.,1.));
#4705=DIRECTION('',(0.,1.,0.));
#4706=DIRECTION('',(0.,0.,1.));
#4707=DIRECTION('',(0.,1.,0.));
#4708=DIRECTION('',(0.,0.,1.));
#4709=DIRECTION('',(0.,1.,0.));
#4710=DIRECTION('',(0.,0.,1.));
#4711=DIRECTION('',(0.,1.,0.));
#4712=DIRECTION('',(0.,0.,1.));
#4713=DIRECTION('',(0.,1.,0.));
#4714=DIRECTION('',(0.,0.,1.));
#4715=DIRECTION('',(0.,1.,0.));
#4716=DIRECTION('',(0.,0.,1.));
#4717=DIRECTION('',(0.,1.,0.));
#4718=DIRECTION('',(0.,0.,1.));
#4719=DIRECTION('',(0.,1.,0.));
#4720=DIRECTION('',(0.,0.,1.));
#4721=DIRECTION('',(0.,1.,0.));
#4722=DIRECTION('',(0.,0.,1.));
#4723=DIRECTION('',(0.,1.,0.));
#4724=DIRECTION('',(0.,0.,1.));
#4725=DIRECTION('',(0.,1.,0.));
#4726=DIRECTION('',(0.,0.,1.));
#4727=DIRECTION('',(0.,1.,0.));
#4728=DIRECTION('',(0.,0.,1.));
#4729=DIRECTION('',(0.,1.,0.));
#4730=DIRECTION('',(0.,0.,1.));
#4731=DIRECTION('',(0.,1.,0.));
#4732=DIRECTION('',(0.,0.,1.));
#4733=DIRECTION('',(0.,1.,0.));
#4734=DIRECTION('',(0.,0.,1.));
#4735=DIRECTION('',(0.,1.,0.));
#4736=DIRECTION('',(0.,0.,1.));
#4737=DIRECTION('',(0.,1.,0.));
#4738=DIRECTION('',(0.,0.,1.));
#4739=DIRECTION('',(0.,1.,0.));
#4740=DIRECTION('',(0.,0.,1.));
#4741=DIRECTION('',(0.,1.,0.));
#4742=DIRECTION('',(0.,0.,1.));
#4743=DIRECTION('',(0.,1.,0.));
#4744=DIRECTION('',(0.,0.,1.));
#4745=DIRECTION('',(0.,1.,0.));
#4746=DIRECTION('',(0.,0.,1.));
#4747=DIRECTION('',(0.,1.,0.));
#4748=DIRECTION('',(0.,0.,1.));
#4749=DIRECTION('',(0.,1.,0.));
#4750=DIRECTION('',(0.,0.,1.));
#4751=DIRECTION('',(0.,1.,0.));
#4752=DIRECTION('',(0.,0.,1.));
#4753=DIRECTION('',(0.,1.,0.));
#4754=DIRECTION('',(0.,0.,1.));
#4755=DIRECTION('',(0.,1.,0.));
#4756=DIRECTION('',(0.,0.,1.));
#4757=DIRECTION('',(0.,1.,0.));
#4758=DIRECTION('',(0.,0.,1.));
#4759=DIRECTION('',(0.,1.,0.));
#4760=DIRECTION('',(0.,0.,1.));
#4761=DIRECTION('',(0.,1.,0.));
#4762=DIRECTION('',(0.,0.,1.));
#4763=DIRECTION('',(0.,1.,0.));
#4764=DIRECTION('',(0.,0.,1.));
#4765=DIRECTION('',(0.,1.,0.));
#4766=DIRECTION('',(0.,0.,1.));
#4767=DIRECTION('',(0.,1.,0.));
#4768=DIRECTION('',(0.,0.,1.));
#4769=DIRECTION('',(0.,1.,0.));
#4770=DIRECTION('',(0.,0.,1.));
#4771=DIRECTION('',(0.,1.,0.));
#4772=DIRECTION('',(0.,0.,1.));
#4773=DIRECTION('',(0.,1.,0.));
#4774=DIRECTION('',(0.,0.,1.));
#4775=DIRECTION('',(0.,1.,0.));
#4776=DIRECTION('',(0.,0.,1.));
#4777=DIRECTION('',(0.,1.,0.));
#4778=DIRECTION('',(0.,0.,1.));
#4779=DIRECTION('',(0.,1.,0.));
#4780=DIRECTION('',(0.,0.,1.));
#4781=DIRECTION('',(0.,1.,0.));
#4782=DIRECTION('',(0.,0.,1.));
#4783=DIRECTION('',(0.,1.,0.));
#4784=DIRECTION('',(0.,0.,1.));
#4785=DIRECTION('',(0.,1.,0.));
#4786=DIRECTION('',(0.,0.,1.));
#4787=DIRECTION('',(0.,1.,0.));
#4788=DIRECTION('',(0.,0.,1.));
#4789=DIRECTION('',(0.,1.,0.));
#4790=DIRECTION('',(0.,0.,1.));
#4791=DIRECTION('',(0.,1.,0.));
#4792=DIRECTION('',(0.,0.,1.));
#4793=DIRECTION('',(0.,1.,0.));
#4794=DIRECTION('',(0.,0.,1.));
#4795=DIRECTION('',(0.,1.,0.));
#4796=DIRECTION('',(0.,0.,1.));
#4797=DIRECTION('',(0.,1.,0.));
#4798=DIRECTION('',(0.,0.,1.));
#4799=DIRECTION('',(0.,1.,0.));
#4800=DIRECTION('',(0.,0.,1.));
#4801=DIRECTION('',(0.,1.,0.));
#4802=DIRECTION('',(0.,0.,1.));
#4803=DIRECTION('',(0.,1.,0.));
#4804=DIRECTION('',(0.,0.,1.));
#4805=DIRECTION('',(0.,1.,0.));
#4806=DIRECTION('',(0.,0.,1.));
#4807=DIRECTION('',(0.,1.,0.));
#4808=DIRECTION('',(0.,0.,1.));
#4809=DIRECTION('',(0.,1.,0.));
#4810=DIRECTION('',(0.,0.,1.));
#4811=DIRECTION('',(0.,1.,0.));
#4812=DIRECTION('',(0.,0.,1.));
#4813=DIRECTION('',(0.,1.,0.));
#4814=DIRECTION('',(0.,0.,1.));
#4815=DIRECTION('',(1.,0.,5.44349041275315E-17));
#4816=DIRECTION('',(-5.44349041275315E-17,0.,1.));
#4817=DIRECTION('',(1.,0.,5.44349041275315E-17));
#4818=DIRECTION('',(0.,1.,0.));
#4819=DIRECTION('',(0.,-1.,0.));
#4820=DIRECTION('',(0.,1.,0.));
#4821=DIRECTION('',(0.,0.,1.));
#4822=DIRECTION('',(0.,1.,0.));
#4823=DIRECTION('',(0.,0.,1.));
#4824=DIRECTION('',(0.,1.,0.));
#4825=DIRECTION('',(0.,0.,1.));
#4826=DIRECTION('',(0.,1.,0.));
#4827=DIRECTION('',(0.,0.,1.));
#4828=DIRECTION('',(-1.08869808255063E-16,0.,-1.));
#4829=DIRECTION('',(1.,0.,0.));
#4830=DIRECTION('',(0.,0.,-1.));
#4831=DIRECTION('',(0.,1.,0.));
#4832=DIRECTION('',(0.,-1.,0.));
#4833=DIRECTION('',(0.,1.,0.));
#4834=DIRECTION('',(0.,0.,1.));
#4835=DIRECTION('',(0.,1.,0.));
#4836=DIRECTION('',(0.,0.,1.));
#4837=DIRECTION('',(0.,1.,0.));
#4838=DIRECTION('',(0.,0.,1.));
#4839=DIRECTION('',(0.,1.,0.));
#4840=DIRECTION('',(0.,0.,1.));
#4841=DIRECTION('',(-1.,0.,1.08869808255063E-16));
#4842=DIRECTION('',(0.,0.,-1.));
#4843=DIRECTION('',(-1.,0.,0.));
#4844=DIRECTION('',(0.,1.,0.));
#4845=DIRECTION('',(0.,-1.,0.));
#4846=DIRECTION('',(0.,1.,0.));
#4847=DIRECTION('',(0.,0.,1.));
#4848=DIRECTION('',(0.,1.,0.));
#4849=DIRECTION('',(0.,0.,1.));
#4850=DIRECTION('',(0.,1.,0.));
#4851=DIRECTION('',(0.,0.,1.));
#4852=DIRECTION('',(0.,1.,0.));
#4853=DIRECTION('',(0.,0.,1.));
#4854=DIRECTION('',(0.,0.,1.));
#4855=DIRECTION('',(-1.,0.,0.));
#4856=DIRECTION('',(0.,0.,1.));
#4857=DIRECTION('',(0.,1.,0.));
#4858=DIRECTION('',(0.,-1.,0.));
#4859=DIRECTION('',(0.,1.,0.));
#4860=DIRECTION('',(0.,0.,1.));
#4861=DIRECTION('',(0.,1.,0.));
#4862=DIRECTION('',(0.,0.,1.));
#4863=DIRECTION('',(0.,1.,0.));
#4864=DIRECTION('',(0.,0.,1.));
#4865=DIRECTION('',(0.,1.,0.));
#4866=DIRECTION('',(0.,0.,1.));
#4867=DIRECTION('',(0.,1.,0.));
#4868=DIRECTION('',(0.,0.,1.));
#4869=DIRECTION('',(0.,1.,0.));
#4870=DIRECTION('',(0.,0.,1.));
#4871=DIRECTION('',(0.,1.,0.));
#4872=DIRECTION('',(0.,0.,1.));
#4873=DIRECTION('',(0.,1.,0.));
#4874=DIRECTION('',(0.,0.,1.));
#4875=DIRECTION('',(0.,1.,0.));
#4876=DIRECTION('',(0.,0.,1.));
#4877=DIRECTION('',(0.,1.,0.));
#4878=DIRECTION('',(0.,0.,1.));
#4879=DIRECTION('',(0.,1.,0.));
#4880=DIRECTION('',(0.,0.,1.));
#4881=DIRECTION('',(0.,1.,0.));
#4882=DIRECTION('',(0.,0.,1.));
#4883=DIRECTION('',(0.,1.,0.));
#4884=DIRECTION('',(0.,0.,1.));
#4885=DIRECTION('',(0.,1.,0.));
#4886=DIRECTION('',(0.,0.,1.));
#4887=DIRECTION('',(0.,1.,0.));
#4888=DIRECTION('',(0.,0.,1.));
#4889=DIRECTION('',(0.,1.,0.));
#4890=DIRECTION('',(0.,0.,1.));
#4891=DIRECTION('',(0.,1.,0.));
#4892=DIRECTION('',(0.,0.,1.));
#4893=DIRECTION('',(0.,1.,0.));
#4894=DIRECTION('',(0.,0.,1.));
#4895=DIRECTION('',(0.,1.,0.));
#4896=DIRECTION('',(0.,0.,1.));
#4897=DIRECTION('',(0.,1.,0.));
#4898=DIRECTION('',(0.,0.,1.));
#4899=DIRECTION('',(0.,1.,0.));
#4900=DIRECTION('',(0.,0.,1.));
#4901=DIRECTION('',(0.,1.,0.));
#4902=DIRECTION('',(0.,0.,1.));
#4903=DIRECTION('',(0.,1.,0.));
#4904=DIRECTION('',(0.,0.,1.));
#4905=DIRECTION('',(0.,1.,0.));
#4906=DIRECTION('',(0.,0.,1.));
#4907=DIRECTION('',(0.,1.,0.));
#4908=DIRECTION('',(0.,0.,1.));
#4909=DIRECTION('',(0.,1.,0.));
#4910=DIRECTION('',(0.,0.,1.));
#4911=DIRECTION('',(0.,1.,0.));
#4912=DIRECTION('',(0.,0.,1.));
#4913=DIRECTION('',(0.,1.,0.));
#4914=DIRECTION('',(0.,0.,1.));
#4915=DIRECTION('',(0.,1.,0.));
#4916=DIRECTION('',(0.,0.,1.));
#4917=DIRECTION('',(0.,1.,0.));
#4918=DIRECTION('',(0.,0.,1.));
#4919=DIRECTION('',(0.,1.,0.));
#4920=DIRECTION('',(0.,0.,1.));
#4921=DIRECTION('',(0.,1.,0.));
#4922=DIRECTION('',(0.,0.,1.));
#4923=DIRECTION('',(0.,1.,0.));
#4924=DIRECTION('',(0.,0.,1.));
#4925=DIRECTION('',(0.,1.,0.));
#4926=DIRECTION('',(0.,0.,1.));
#4927=DIRECTION('',(0.,1.,0.));
#4928=DIRECTION('',(0.,0.,1.));
#4929=DIRECTION('',(0.,1.,0.));
#4930=DIRECTION('',(0.,0.,1.));
#4931=DIRECTION('',(0.,-1.,0.));
#4932=DIRECTION('',(0.,0.,-1.));
#4933=DIRECTION('',(0.,1.,0.));
#4934=DIRECTION('',(0.,0.,1.));
#4935=DIRECTION('',(0.,-1.,0.));
#4936=DIRECTION('',(0.,0.,-1.));
#4937=DIRECTION('',(0.,-1.,0.));
#4938=DIRECTION('',(0.,0.,-1.));
#4939=DIRECTION('',(0.,-1.,0.));
#4940=DIRECTION('',(0.,0.,-1.));
#4941=DIRECTION('',(0.,-1.,0.));
#4942=DIRECTION('',(0.,0.,-1.));
#4943=DIRECTION('',(0.,-1.,0.));
#4944=DIRECTION('',(0.,0.,-1.));
#4945=DIRECTION('',(0.,-1.,0.));
#4946=DIRECTION('',(0.,0.,-1.));
#4947=DIRECTION('',(0.,-1.,0.));
#4948=DIRECTION('',(0.,0.,-1.));
#4949=DIRECTION('',(0.,-1.,0.));
#4950=DIRECTION('',(0.,0.,-1.));
#4951=DIRECTION('',(0.,-1.,0.));
#4952=DIRECTION('',(0.,0.,-1.));
#4953=DIRECTION('',(0.,-1.,0.));
#4954=DIRECTION('',(0.,0.,-1.));
#4955=DIRECTION('',(0.,-1.,0.));
#4956=DIRECTION('',(0.,0.,-1.));
#4957=DIRECTION('',(0.,-1.,0.));
#4958=DIRECTION('',(0.,0.,-1.));
#4959=DIRECTION('',(0.,-1.,0.));
#4960=DIRECTION('',(0.,0.,-1.));
#4961=DIRECTION('',(0.,-1.,0.));
#4962=DIRECTION('',(0.,0.,-1.));
#4963=DIRECTION('',(0.,-1.,0.));
#4964=DIRECTION('',(0.,0.,-1.));
#4965=DIRECTION('',(0.,-1.,0.));
#4966=DIRECTION('',(0.,0.,-1.));
#4967=DIRECTION('',(0.,-1.,0.));
#4968=DIRECTION('',(0.,0.,-1.));
#4969=DIRECTION('',(0.,-1.,0.));
#4970=DIRECTION('',(0.,0.,-1.));
#4971=DIRECTION('',(0.,-1.,0.));
#4972=DIRECTION('',(0.,0.,-1.));
#4973=DIRECTION('',(0.,-1.,0.));
#4974=DIRECTION('',(0.,0.,-1.));
#4975=DIRECTION('',(0.,-1.,0.));
#4976=DIRECTION('',(0.,0.,-1.));
#4977=DIRECTION('',(0.,-1.,0.));
#4978=DIRECTION('',(0.,0.,-1.));
#4979=DIRECTION('',(0.,-1.,0.));
#4980=DIRECTION('',(0.,0.,-1.));
#4981=DIRECTION('',(0.,-1.,0.));
#4982=DIRECTION('',(0.,0.,-1.));
#4983=DIRECTION('',(0.,-1.,0.));
#4984=DIRECTION('',(0.,0.,-1.));
#4985=DIRECTION('',(0.,-1.,0.));
#4986=DIRECTION('',(0.,0.,-1.));
#4987=DIRECTION('',(0.,-1.,0.));
#4988=DIRECTION('',(0.,0.,-1.));
#4989=DIRECTION('',(0.,-1.,0.));
#4990=DIRECTION('',(0.,0.,-1.));
#4991=DIRECTION('',(0.,1.,0.));
#4992=DIRECTION('',(0.,0.,1.));
#4993=DIRECTION('',(0.,-1.,0.));
#4994=DIRECTION('',(-1.50990331349022E-14,0.,1.));
#4995=DIRECTION('',(0.,1.,0.));
#4996=DIRECTION('',(0.,0.,1.));
#4997=DIRECTION('',(0.,-1.,0.));
#4998=DIRECTION('',(0.,0.,-1.));
#4999=DIRECTION('',(0.,-1.,0.));
#5000=DIRECTION('',(0.,0.,-1.));
#5001=DIRECTION('',(0.,-1.,0.));
#5002=DIRECTION('',(0.,0.,-1.));
#5003=DIRECTION('',(0.,-1.,0.));
#5004=DIRECTION('',(0.,0.,-1.));
#5005=DIRECTION('',(0.,-1.,0.));
#5006=DIRECTION('',(0.,0.,-1.));
#5007=DIRECTION('',(0.,-1.,0.));
#5008=DIRECTION('',(0.,0.,-1.));
#5009=DIRECTION('',(0.,-1.,0.));
#5010=DIRECTION('',(0.,-1.,0.));
#5011=DIRECTION('',(0.,0.,-1.));
#5012=DIRECTION('',(0.,-1.,0.));
#5013=DIRECTION('',(0.,0.,-1.));
#5014=DIRECTION('',(0.,-1.,0.));
#5015=DIRECTION('',(0.,-1.,0.));
#5016=DIRECTION('',(0.,0.,-1.));
#5017=CARTESIAN_POINT('',(0.,0.,0.));
#5018=CARTESIAN_POINT('',(0.,-0.0512,0.));
#5019=CARTESIAN_POINT('',(0.02,-0.0512,0.));
#5020=CARTESIAN_POINT('',(0.02,-0.0512,-0.0155));
#5021=CARTESIAN_POINT('',(0.02,-0.0512,-0.02));
#5022=CARTESIAN_POINT('',(0.023,-0.0512,-0.0155));
#5023=CARTESIAN_POINT('',(-0.02,-0.0512,-0.0155));
#5024=CARTESIAN_POINT('',(-0.02,-0.0512,0.));
#5025=CARTESIAN_POINT('',(-0.02,-0.0512,-0.02));
#5026=CARTESIAN_POINT('',(-3.46944695195361E-18,-0.0512,-0.02));
#5027=CARTESIAN_POINT('',(-0.02,-0.0512,0.));
#5028=CARTESIAN_POINT('',(-0.02,-0.0312,-0.0155));
#5029=CARTESIAN_POINT('',(-0.02,-0.0112,-0.0155));
#5030=CARTESIAN_POINT('',(-0.02,-0.0112,1.64798730217796E-17));
#5031=CARTESIAN_POINT('',(-0.02,-0.0112,0.0155));
#5032=CARTESIAN_POINT('',(-0.02,-0.0312,0.0155));
#5033=CARTESIAN_POINT('',(-0.02,-0.0512,0.0155));
#5034=CARTESIAN_POINT('',(-0.02,-0.0512,0.));
#5035=CARTESIAN_POINT('',(-0.02,-0.0512,0.02));
#5036=CARTESIAN_POINT('',(-0.02,-0.0512,0.02));
#5037=CARTESIAN_POINT('',(-0.02,-0.0062,0.02));
#5038=CARTESIAN_POINT('',(-0.02,-0.0062,0.));
#5039=CARTESIAN_POINT('',(-0.02,-0.0062,-0.02));
#5040=CARTESIAN_POINT('',(-0.02,-0.0512,-0.02));
#5041=CARTESIAN_POINT('',(5.36522235800106E-16,-0.0512,0.0095));
#5042=CARTESIAN_POINT('',(5.36522235800106E-16,-0.0062,0.0095));
#5043=CARTESIAN_POINT('',(5.36522235800106E-16,-0.0062,0.0110000000000006));
#5044=CARTESIAN_POINT('',(5.36522235800106E-16,-0.0112,0.0095));
#5045=CARTESIAN_POINT('',(5.36522235800106E-16,-0.0112,0.00799999999999942));
#5046=CARTESIAN_POINT('',(0.00950000000000027,-0.0512,-2.68261117900053E-16));
#5047=CARTESIAN_POINT('',(0.00950000000000027,-0.0062,-2.68261117900053E-16));
#5048=CARTESIAN_POINT('',(0.00950000000000027,-0.0062,0.00149999999999994));
#5049=CARTESIAN_POINT('',(0.00950000000000027,-0.0112,-2.68261117900053E-16));
#5050=CARTESIAN_POINT('',(0.00950000000000027,-0.0112,-0.00150000000000048));
#5051=CARTESIAN_POINT('',(0.,-0.0512,-0.0095));
#5052=CARTESIAN_POINT('',(0.,-0.0062,-0.0095));
#5053=CARTESIAN_POINT('',(0.,-0.0062,-0.008));
#5054=CARTESIAN_POINT('',(0.,-0.0112,-0.0095));
#5055=CARTESIAN_POINT('',(0.,-0.0112,-0.011));
#5056=CARTESIAN_POINT('',(-0.00949999999999973,-0.0512,2.69424532359243E-16));
#5057=CARTESIAN_POINT('',(-0.00949999999999973,-0.0062,2.69424532359243E-16));
#5058=CARTESIAN_POINT('',(-0.00949999999999973,-0.0062,0.0015000000000007));
#5059=CARTESIAN_POINT('',(-0.00949999999999973,-0.0112,2.69424532359243E-16));
#5060=CARTESIAN_POINT('',(-0.00949999999999973,-0.0112,-0.00150000000000016));
#5061=CARTESIAN_POINT('',(3.46944695195361E-18,-0.0512,0.02));
#5062=CARTESIAN_POINT('',(0.,-0.0312,0.02));
#5063=CARTESIAN_POINT('',(0.,-0.0256,0.02));
#5064=CARTESIAN_POINT('',(3.46944695195361E-18,-0.0062,0.02));
#5065=CARTESIAN_POINT('',(0.02,-0.0062,0.02));
#5066=CARTESIAN_POINT('',(3.46944695195361E-18,-0.0512,0.02));
#5067=CARTESIAN_POINT('',(0.02,-0.0512,0.02));
#5068=CARTESIAN_POINT('',(0.02,-0.0512,0.02));
#5069=CARTESIAN_POINT('',(-3.46944695195361E-18,-0.0512,-0.02));
#5070=CARTESIAN_POINT('',(0.,-0.0312,-0.02));
#5071=CARTESIAN_POINT('',(0.,-0.0368,-0.02));
#5072=CARTESIAN_POINT('',(-3.46944695195361E-18,-0.0062,-0.02));
#5073=CARTESIAN_POINT('',(0.02,-0.0062,-0.02));
#5074=CARTESIAN_POINT('',(0.02,-0.0512,-0.02));
#5075=CARTESIAN_POINT('',(0.02,-0.0512,0.));
#5076=CARTESIAN_POINT('',(0.02,-0.0512,-0.0155));
#5077=CARTESIAN_POINT('',(0.02,-0.0112,-0.0155));
#5078=CARTESIAN_POINT('',(0.02,-0.0062,0.));
#5079=CARTESIAN_POINT('',(0.02,-0.0512,0.));
#5080=CARTESIAN_POINT('',(0.02,-0.0512,0.0155));
#5081=CARTESIAN_POINT('',(0.02,-0.0512,0.0155));
#5082=CARTESIAN_POINT('',(0.02,-0.0112,0.0155));
#5083=CARTESIAN_POINT('',(0.02,-0.0112,-1.11917643611407E-17));
#5084=CARTESIAN_POINT('',(0.,-0.0512,0.));
#5085=CARTESIAN_POINT('',(0.023,-0.0512,0.0155));
#5086=CARTESIAN_POINT('',(0.,-0.0062,0.));
#5087=CARTESIAN_POINT('',(0.023,-0.0112,9.0205620750794E-18));
#5088=CARTESIAN_POINT('',(0.023,-0.0112,0.0155));
#5089=CARTESIAN_POINT('',(0.023,-0.0112,-0.0155));
#5090=CARTESIAN_POINT('',(0.023,-0.0312,-0.0155));
#5091=CARTESIAN_POINT('',(0.,-0.0312,-0.0155));
#5092=CARTESIAN_POINT('',(-0.00265,-0.0312,-0.0155));
#5093=CARTESIAN_POINT('',(0.023,-0.0312,0.0155));
#5094=CARTESIAN_POINT('',(0.,-0.0312,0.0155));
#5095=CARTESIAN_POINT('',(0.,-0.0341,0.0155));
#5096=CARTESIAN_POINT('',(0.,-0.0312,0.02));
#5097=CARTESIAN_POINT('',(0.,-0.0312,0.0173));
#5098=CARTESIAN_POINT('',(0.,-0.0283,0.0173));
#5099=CARTESIAN_POINT('',(0.,-0.0312,0.02));
#5100=CARTESIAN_POINT('',(0.,-0.0312,-0.02));
#5101=CARTESIAN_POINT('',(0.,-0.0312,-0.01705));
#5102=CARTESIAN_POINT('',(0.,-0.03385,-0.01705));
#5103=CARTESIAN_POINT('',(0.,-0.0312,-0.02));
#5104=CARTESIAN_POINT('',(0.,0.,0.));
#5105=CARTESIAN_POINT('',(0.,-0.0032,0.));
#5106=CARTESIAN_POINT('',(0.,-0.0032,-0.0095));
#5107=CARTESIAN_POINT('',(0.,-0.0032,-0.008));
#5108=CARTESIAN_POINT('',(0.00950000000000027,-0.0032,-2.68261117900053E-16));
#5109=CARTESIAN_POINT('',(0.00950000000000027,-0.0032,0.00149999999999994));
#5110=CARTESIAN_POINT('',(5.36522235800106E-16,-0.0032,0.0095));
#5111=CARTESIAN_POINT('',(5.36522235800106E-16,-0.0032,0.0110000000000006));
#5112=CARTESIAN_POINT('',(-0.00949999999999973,-0.0032,2.69424532359243E-16));
#5113=CARTESIAN_POINT('',(-0.00949999999999973,-0.0032,0.0015000000000007));
#5114=CARTESIAN_POINT('',(-0.00422366371531402,-0.0032,-0.00794736842105195));
#5115=CARTESIAN_POINT('',(-0.00375436774694579,-0.0032,-0.00706432748537951));
#5116=CARTESIAN_POINT('',(-0.00328507177857776,-0.0032,-0.00829239766081822));
#5117=CARTESIAN_POINT('',(0.,-0.0032,0.));
#5118=CARTESIAN_POINT('',(-0.00706432748538033,-0.0032,-0.00375436774694424));
#5119=CARTESIAN_POINT('',(-0.00794736842105293,-0.0032,-0.00422366371531231));
#5120=CARTESIAN_POINT('',(-0.00829239766081911,-0.0032,-0.00328507177857602));
#5121=CARTESIAN_POINT('',(-0.00950000000000074,-0.0032,9.75871000999402E-16));
#5122=CARTESIAN_POINT('',(-0.00829239766081844,-0.0032,0.00328507177857773));
#5123=CARTESIAN_POINT('',(-0.00794736842105207,-0.0032,0.00422366371531394));
#5124=CARTESIAN_POINT('',(-0.00706432748537959,-0.0032,0.00375436774694571));
#5125=CARTESIAN_POINT('',(0.,-0.0032,0.));
#5126=CARTESIAN_POINT('',(-0.00375436774694486,-0.0032,0.00706432748538004));
#5127=CARTESIAN_POINT('',(-0.00422366371531298,-0.0032,0.00794736842105258));
#5128=CARTESIAN_POINT('',(-0.00328507177857672,-0.0032,0.00829239766081884));
#5129=CARTESIAN_POINT('',(3.87021426667678E-16,-0.0032,0.00950000000000086));
#5130=CARTESIAN_POINT('',(0.00328507177857736,-0.0032,0.00829239766081848));
#5131=CARTESIAN_POINT('',(0.00422366371531357,-0.0032,0.00794736842105211));
#5132=CARTESIAN_POINT('',(0.00375436774694543,-0.0032,0.00706432748537971));
#5133=CARTESIAN_POINT('',(0.,-0.0032,0.));
#5134=CARTESIAN_POINT('',(0.00706432748537999,-0.0032,0.0037543677469449));
#5135=CARTESIAN_POINT('',(0.00794736842105261,-0.0032,0.00422366371531307));
#5136=CARTESIAN_POINT('',(0.00829239766081875,-0.0032,0.00328507177857678));
#5137=CARTESIAN_POINT('',(0.00950000000000027,-0.0032,-2.68261117900053E-16));
#5138=CARTESIAN_POINT('',(0.00829239766081847,-0.0032,-0.0032850717785772));
#5139=CARTESIAN_POINT('',(0.00794736842105224,-0.0032,-0.00422366371531348));
#5140=CARTESIAN_POINT('',(0.00706432748537977,-0.0032,-0.00375436774694531));
#5141=CARTESIAN_POINT('',(0.,-0.0032,0.));
#5142=CARTESIAN_POINT('',(0.00375436774694449,-0.0032,-0.0070643274853802));
#5143=CARTESIAN_POINT('',(0.00422366371531259,-0.0032,-0.00794736842105279));
#5144=CARTESIAN_POINT('',(0.00328507177857628,-0.0032,-0.00829239766081887));
#5145=CARTESIAN_POINT('',(-8.61764350068537E-16,-0.0032,-0.00950000000000015));
#5146=CARTESIAN_POINT('',(0.,-0.0032,0.0075));
#5147=CARTESIAN_POINT('',(-0.000493339466885464,-0.0032,0.00748655622737682));
#5148=CARTESIAN_POINT('',(-0.00146743771566641,-0.0032,0.0074095942068324));
#5149=CARTESIAN_POINT('',(-0.00335635604984866,-0.0032,0.00682991090841371));
#5150=CARTESIAN_POINT('',(-0.00543655641620973,-0.0032,0.0054477817150494));
#5151=CARTESIAN_POINT('',(-0.00710908808895885,-0.0032,0.00294713440291832));
#5152=CARTESIAN_POINT('',(-0.00769549613378846,-0.0032,2.89627754671699E-6));
#5153=CARTESIAN_POINT('',(-0.00711046135390077,-0.0032,-0.00294196775814301));
#5154=CARTESIAN_POINT('',(-0.00544547744665816,-0.0032,-0.00543982932583829));
#5155=CARTESIAN_POINT('',(-0.00293685422695115,-0.0032,-0.0071110147872358));
#5156=CARTESIAN_POINT('',(-0.000992201671141418,-0.0032,-0.00750000772961035));
#5157=CARTESIAN_POINT('',(-4.41566559452489E-9,-0.0032,-0.00749826528145596));
#5158=CARTESIAN_POINT('',(-3.0747295985331E-19,-0.0032,0.0075));
#5159=CARTESIAN_POINT('',(-2.89245427252826E-9,-0.0032,-0.00749913263931036));
#5160=CARTESIAN_POINT('',(-4.41579047030172E-9,-0.0032,-0.00749826528145629));
#5161=CARTESIAN_POINT('',(0.000990352547872594,-0.0032,-0.00749652592254739));
#5162=CARTESIAN_POINT('',(0.00294250383829979,-0.0032,-0.00711049980249449));
#5163=CARTESIAN_POINT('',(0.0054418978370967,-0.0032,-0.00544095651823608));
#5164=CARTESIAN_POINT('',(0.00710779357206961,-0.0032,-0.00294794205452095));
#5165=CARTESIAN_POINT('',(0.00769522575039714,-0.0032,-6.75598213474353E-6));
#5166=CARTESIAN_POINT('',(0.00711282870718264,-0.0032,0.00293739620353565));
#5167=CARTESIAN_POINT('',(0.00544724876790814,-0.0032,0.00543543521162156));
#5168=CARTESIAN_POINT('',(0.00294579717432335,-0.0032,0.00711474328944917));
#5169=CARTESIAN_POINT('',(0.000990099538715008,-0.0032,0.00748597747427184));
#5170=CARTESIAN_POINT('',(0.,-0.0032,0.0075));
#5171=CARTESIAN_POINT('',(-0.00422366371531402,-0.0032,-0.00794736842105195));
#5172=CARTESIAN_POINT('',(-0.00422366371531402,-0.0062,-0.00794736842105195));
#5173=CARTESIAN_POINT('',(-0.00375436774694579,-0.0062,-0.00706432748537951));
#5174=CARTESIAN_POINT('',(-0.00328507177857776,-0.0062,-0.00829239766081822));
#5175=CARTESIAN_POINT('',(-0.00375436774694579,-0.0032,-0.00706432748537951));
#5176=CARTESIAN_POINT('',(-0.00328507177857776,-0.0032,-0.00829239766081822));
#5177=CARTESIAN_POINT('',(0.,-0.0032,0.));
#5178=CARTESIAN_POINT('',(0.,-0.0062,0.));
#5179=CARTESIAN_POINT('',(-0.00706432748538033,-0.0062,-0.00375436774694424));
#5180=CARTESIAN_POINT('',(-0.00706432748538033,-0.0032,-0.00375436774694424));
#5181=CARTESIAN_POINT('',(-0.00794736842105293,-0.0032,-0.00422366371531231));
#5182=CARTESIAN_POINT('',(-0.00794736842105293,-0.0062,-0.00422366371531231));
#5183=CARTESIAN_POINT('',(-0.00829239766081911,-0.0062,-0.00328507177857602));
#5184=CARTESIAN_POINT('',(-0.00829239766081911,-0.0032,-0.00328507177857602));
#5185=CARTESIAN_POINT('',(0.,-0.0032,0.));
#5186=CARTESIAN_POINT('',(0.,-0.0062,0.));
#5187=CARTESIAN_POINT('',(-0.00706432748537959,-0.0062,0.00375436774694571));
#5188=CARTESIAN_POINT('',(-0.00375436774694486,-0.0062,0.00706432748538004));
#5189=CARTESIAN_POINT('',(-0.00375436774694486,-0.0032,0.00706432748538004));
#5190=CARTESIAN_POINT('',(-0.00706432748537959,-0.0032,0.00375436774694571));
#5191=CARTESIAN_POINT('',(-0.00422366371531298,-0.0032,0.00794736842105258));
#5192=CARTESIAN_POINT('',(-0.00422366371531298,-0.0062,0.00794736842105258));
#5193=CARTESIAN_POINT('',(-0.00328507177857672,-0.0062,0.00829239766081884));
#5194=CARTESIAN_POINT('',(-0.00328507177857672,-0.0032,0.00829239766081884));
#5195=CARTESIAN_POINT('',(3.87021426667678E-16,-0.0032,0.00950000000000086));
#5196=CARTESIAN_POINT('',(3.87021426667678E-16,-0.0062,0.00950000000000086));
#5197=CARTESIAN_POINT('',(0.00328507177857736,-0.0062,0.00829239766081848));
#5198=CARTESIAN_POINT('',(0.00328507177857736,-0.0032,0.00829239766081848));
#5199=CARTESIAN_POINT('',(0.00422366371531357,-0.0032,0.00794736842105211));
#5200=CARTESIAN_POINT('',(0.00422366371531357,-0.0062,0.00794736842105211));
#5201=CARTESIAN_POINT('',(0.00375436774694543,-0.0062,0.00706432748537971));
#5202=CARTESIAN_POINT('',(0.00375436774694543,-0.0032,0.00706432748537971));
#5203=CARTESIAN_POINT('',(0.,-0.0032,0.));
#5204=CARTESIAN_POINT('',(0.,-0.0062,0.));
#5205=CARTESIAN_POINT('',(0.00706432748537999,-0.0062,0.0037543677469449));
#5206=CARTESIAN_POINT('',(0.00706432748537999,-0.0032,0.0037543677469449));
#5207=CARTESIAN_POINT('',(0.00794736842105224,-0.0032,-0.00422366371531348));
#5208=CARTESIAN_POINT('',(0.00794736842105224,-0.0062,-0.00422366371531348));
#5209=CARTESIAN_POINT('',(0.00706432748537977,-0.0062,-0.00375436774694531));
#5210=CARTESIAN_POINT('',(0.00829239766081847,-0.0062,-0.0032850717785772));
#5211=CARTESIAN_POINT('',(0.00706432748537977,-0.0032,-0.00375436774694531));
#5212=CARTESIAN_POINT('',(0.00829239766081847,-0.0032,-0.0032850717785772));
#5213=CARTESIAN_POINT('',(0.,-0.0032,0.));
#5214=CARTESIAN_POINT('',(0.,-0.0062,0.));
#5215=CARTESIAN_POINT('',(0.00375436774694449,-0.0062,-0.0070643274853802));
#5216=CARTESIAN_POINT('',(0.00375436774694449,-0.0032,-0.0070643274853802));
#5217=CARTESIAN_POINT('',(0.00422366371531259,-0.0032,-0.00794736842105279));
#5218=CARTESIAN_POINT('',(0.00422366371531259,-0.0062,-0.00794736842105279));
#5219=CARTESIAN_POINT('',(0.00328507177857628,-0.0062,-0.00829239766081887));
#5220=CARTESIAN_POINT('',(0.00328507177857628,-0.0032,-0.00829239766081887));
#5221=CARTESIAN_POINT('',(0.,-0.0062,0.));
#5222=CARTESIAN_POINT('',(0.,-0.0062,-0.0095));
#5223=CARTESIAN_POINT('',(0.,-0.0062,-0.008));
#5224=CARTESIAN_POINT('',(0.00950000000000027,-0.0062,-2.68261117900053E-16));
#5225=CARTESIAN_POINT('',(0.00950000000000027,-0.0062,0.00149999999999994));
#5226=CARTESIAN_POINT('',(5.36522235800106E-16,-0.0062,0.0095));
#5227=CARTESIAN_POINT('',(5.36522235800106E-16,-0.0062,0.0110000000000006));
#5228=CARTESIAN_POINT('',(-0.00949999999999973,-0.0062,2.69424532359243E-16));
#5229=CARTESIAN_POINT('',(-0.00949999999999973,-0.0062,0.0015000000000007));
#5230=CARTESIAN_POINT('',(-8.61764350068537E-16,-0.0062,-0.00950000000000015));
#5231=CARTESIAN_POINT('',(0.00950000000000027,-0.0062,-2.68261117900053E-16));
#5232=CARTESIAN_POINT('',(0.00829239766081875,-0.0062,0.00328507177857678));
#5233=CARTESIAN_POINT('',(0.00794736842105261,-0.0062,0.00422366371531307));
#5234=CARTESIAN_POINT('',(-0.00794736842105207,-0.0062,0.00422366371531394));
#5235=CARTESIAN_POINT('',(-0.00829239766081844,-0.0062,0.00328507177857773));
#5236=CARTESIAN_POINT('',(-0.00950000000000074,-0.0062,9.75871000999402E-16));
#5237=CARTESIAN_POINT('',(2.53709064935537E-10,0.,-0.00599999999999999));
#5238=CARTESIAN_POINT('',(2.7484040131543E-10,-0.00106666666666667,-0.00650000000000671));
#5239=CARTESIAN_POINT('',(2.95971845101842E-10,-0.00213333333333333,-0.00700000000001446));
#5240=CARTESIAN_POINT('',(-2.48487847175648E-9,-0.0032,-0.00749826527806504));
#5241=CARTESIAN_POINT('',(9.81749511171671E-5,0.,-0.00599999999580029));
#5242=CARTESIAN_POINT('',(0.000106351907381369,-0.00106666666666667,-0.00650000259596375));
#5243=CARTESIAN_POINT('',(0.000114528905165549,-0.00213333333333333,-0.00700000559589162));
#5244=CARTESIAN_POINT('',(0.000122702945240906,-0.0032,-0.00749804976835145));
#5245=CARTESIAN_POINT('',(0.000294518917954097,0.,-0.00599512465954333));
#5246=CARTESIAN_POINT('',(0.000319070887934881,-0.00106666666666667,-0.00649565510465883));
#5247=CARTESIAN_POINT('',(0.000343623064399061,-0.00213333333333334,-0.00699618672408046));
#5248=CARTESIAN_POINT('',(0.000368171665861365,-0.0032,-0.00749438046626136));
#5249=CARTESIAN_POINT('',(0.0006862546990124,0.,-0.00596605313345995));
#5250=CARTESIAN_POINT('',(0.000743455107837242,-0.00106666666666667,-0.00646420395336308));
#5251=CARTESIAN_POINT('',(0.000800656365163206,-0.00213333333333334,-0.00696235739905763));
#5252=CARTESIAN_POINT('',(0.00085785164788768,-0.0032,-0.00745767991203905));
#5253=CARTESIAN_POINT('',(0.00117239498171353,0.,-0.0058938254846792));
#5254=CARTESIAN_POINT('',(0.00127012124738714,-0.00106666666666667,-0.00638613817053275));
#5255=CARTESIAN_POINT('',(0.00136784971999739,-0.00213333333333334,-0.00687845511792937));
#5256=CARTESIAN_POINT('',(0.00146556714349755,-0.0032,-0.00736780001816277));
#5257=CARTESIAN_POINT('',(0.00174453491218548,0.,-0.00575081396977192));
#5258=CARTESIAN_POINT('',(0.00188989670949895,-0.00106666666666667,-0.00623086625936823));
#5259=CARTESIAN_POINT('',(0.0020352631397089,-0.00213333333333334,-0.00671092450169526));
#5260=CARTESIAN_POINT('',(0.00218060946144182,-0.0032,-0.00718853207718556));
#5261=CARTESIAN_POINT('',(0.00248497543412209,0.,-0.00548645795072254));
#5262=CARTESIAN_POINT('',(0.00269205860114911,-0.00106666666666667,-0.00594378654374005));
#5263=CARTESIAN_POINT('',(0.00289915057197014,-0.00213333333333334,-0.00640112300085823));
#5264=CARTESIAN_POINT('',(0.00310620686195875,-0.0032,-0.00685753210796977));
#5265=CARTESIAN_POINT('',(0.0033545494133688,0.,-0.00502058127093812));
#5266=CARTESIAN_POINT('',(0.00363422173739944,-0.00106666666666668,-0.0054383243320023));
#5267=CARTESIAN_POINT('',(0.00391390960031952,-0.00213333333333335,-0.00585607703736465));
#5268=CARTESIAN_POINT('',(0.00419353664235616,-0.0032,-0.00627618528107198));
#5269=CARTESIAN_POINT('',(0.00427039136053271,0.,-0.00427038861003077));
#5270=CARTESIAN_POINT('',(0.00462617858027311,-0.00106666666666668,-0.00462345530551396));
#5271=CARTESIAN_POINT('',(0.00498199110638388,-0.00213333333333335,-0.00497653291954196));
#5272=CARTESIAN_POINT('',(0.00533770636463468,-0.0032,-0.00533755464267535));
#5273=CARTESIAN_POINT('',(0.00502050232891074,0.,-0.00335460530834769));
#5274=CARTESIAN_POINT('',(0.0054389822043624,-0.00106666666666668,-0.0036293588609615));
#5275=CARTESIAN_POINT('',(0.00585749809004057,-0.00213333333333336,-0.00390412385680989));
#5276=CARTESIAN_POINT('',(0.00627587678242243,-0.0032,-0.00419351375429866));
#5277=CARTESIAN_POINT('',(0.00576586394131606,0.,-0.00196335557189728));
#5278=CARTESIAN_POINT('',(0.00624633855252629,-0.00106666666666668,-0.00211878146585403));
#5279=CARTESIAN_POINT('',(0.00672686369561651,-0.00213333333333336,-0.00227421865313398));
#5280=CARTESIAN_POINT('',(0.0072071975074896,-0.0032,-0.00245390225051512));
#5281=CARTESIAN_POINT('',(0.00615644460841716,0.,-4.11996825544492E-18));
#5282=CARTESIAN_POINT('',(0.00666952981973172,-0.00106666666666668,1.20268122351568E-5));
#5283=CARTESIAN_POINT('',(0.00718268231097505,-0.00213333333333336,2.40438302608085E-5));
#5284=CARTESIAN_POINT('',(0.00769558110472825,-0.0032,-1.58587007549008E-7));
#5285=CARTESIAN_POINT('',(0.00568774780789584,0.,0.00235602668627672));
#5286=CARTESIAN_POINT('',(0.00616177731165127,-0.00106666666666668,0.00256774680412025));
#5287=CARTESIAN_POINT('',(0.00663588595463539,-0.00213333333333337,0.00277946012598167));
#5288=CARTESIAN_POINT('',(0.0071096969540507,-0.0032,0.00294512762264216));
#5289=CARTESIAN_POINT('',(0.00457567200958734,0.,0.00402032438972832));
#5290=CARTESIAN_POINT('',(0.00495700352206988,-0.00106666666666668,0.00437087254343851));
#5291=CARTESIAN_POINT('',(0.00533841219795741,-0.00213333333333336,0.00472141664954172));
#5292=CARTESIAN_POINT('',(0.00571953102278804,-0.0032,0.00502522319221803));
#5293=CARTESIAN_POINT('',(0.0033545494133688,0.,0.00502058127093812));
#5294=CARTESIAN_POINT('',(0.0036341714372593,-0.00106666666666668,0.00545255800466634));
#5295=CARTESIAN_POINT('',(0.00391385893278684,-0.00213333333333335,0.00588453258966496));
#5296=CARTESIAN_POINT('',(0.00419330066163549,-0.0032,0.00627594190452948));
#5297=CARTESIAN_POINT('',(0.00248497543412209,0.,0.00548645795072254));
#5298=CARTESIAN_POINT('',(0.00269211797873686,-0.00106666666666668,0.00595468460547352));
#5299=CARTESIAN_POINT('',(0.00289931385051225,-0.00213333333333335,0.0064229100796725));
#5300=CARTESIAN_POINT('',(0.00310630961304483,-0.0032,0.00685769440446265));
#5301=CARTESIAN_POINT('',(0.00174453491218549,0.,0.00575081396977191));
#5302=CARTESIAN_POINT('',(0.00188988927752184,-0.00106666666666667,0.00623852379231879));
#5303=CARTESIAN_POINT('',(0.00203528397766921,-0.00213333333333335,0.00672623302146654));
#5304=CARTESIAN_POINT('',(0.00218052735757026,-0.0032,0.00718843870171797));
#5305=CARTESIAN_POINT('',(0.00117239498171353,0.,0.0058938254846792));
#5306=CARTESIAN_POINT('',(0.00127014174589337,-0.00106666666666667,0.0063913142879696));
#5307=CARTESIAN_POINT('',(0.00136791736861387,-0.00213333333333334,0.00688880283047674));
#5308=CARTESIAN_POINT('',(0.00146558474441618,-0.0032,0.00736792978680858));
#5309=CARTESIAN_POINT('',(0.000686254699012404,0.,0.00596605313345995));
#5310=CARTESIAN_POINT('',(0.000743450415377056,-0.00106666666666667,0.00646698368964962));
#5311=CARTESIAN_POINT('',(0.00080066390536373,-0.00213333333333334,0.00696791416073344));
#5312=CARTESIAN_POINT('',(0.000857810735903724,-0.0032,0.00745748332516543));
#5313=CARTESIAN_POINT('',(0.000294518833591855,0.,0.00599512466580403));
#5314=CARTESIAN_POINT('',(0.000319081071692588,-0.00106666666666667,0.00649668274573962));
#5315=CARTESIAN_POINT('',(0.000343651255852454,-0.00213333333333334,0.00699824081318269));
#5316=CARTESIAN_POINT('',(0.000368191641390167,-0.0032,0.00749470178913151));
#5317=CARTESIAN_POINT('',(9.81747819825415E-5,0.,0.006));
#5318=CARTESIAN_POINT('',(0.000106353407433003,-0.00106666666666667,0.0065));
#5319=CARTESIAN_POINT('',(0.000114534737483172,-0.00213333333333333,0.007));
#5320=CARTESIAN_POINT('',(0.000122705925443968,-0.0032,0.00749826214746169));
#5321=CARTESIAN_POINT('',(4.4723339615027E-19,0.,0.006));
#5322=CARTESIAN_POINT('',(0.,-0.00106666666666667,0.0065));
#5323=CARTESIAN_POINT('',(0.,-0.00213333333333333,0.007));
#5324=CARTESIAN_POINT('',(0.,-0.0032,0.0075));
#5325=CARTESIAN_POINT('',(8.13151629364128E-20,0.,-0.006));
#5326=CARTESIAN_POINT('',(9.81747819825391E-5,-1.10509184391512E-19,-0.006));
#5327=CARTESIAN_POINT('',(0.000294518833591853,-1.10509184391512E-19,-0.00599512466580403));
#5328=CARTESIAN_POINT('',(0.0006862546990124,-1.10509184391512E-19,-0.00596605313345995));
#5329=CARTESIAN_POINT('',(0.00117239498171353,-1.10509184391512E-19,-0.0058938254846792));
#5330=CARTESIAN_POINT('',(0.00174453491218548,-1.10509184391512E-19,-0.00575081396977192));
#5331=CARTESIAN_POINT('',(0.00248497543412209,-1.10509184391513E-19,-0.00548645795072254));
#5332=CARTESIAN_POINT('',(0.0033545494133688,-1.10509184391513E-19,-0.00502058127093812));
#5333=CARTESIAN_POINT('',(0.00427039136053271,-1.10509184391513E-19,-0.00427038861003077));
#5334=CARTESIAN_POINT('',(0.00502050232891074,-1.10509184391513E-19,-0.00335460530834769));
#5335=CARTESIAN_POINT('',(0.00576586394131606,-1.10509184391514E-19,-0.00196335557189728));
#5336=CARTESIAN_POINT('',(0.00615644460841716,-1.10509184391513E-19,-4.11872224930966E-18));
#5337=CARTESIAN_POINT('',(0.00568774780789584,-1.10509184391514E-19,0.00235602668627672));
#5338=CARTESIAN_POINT('',(0.00457567200958734,-1.10509184391514E-19,0.00402032438972832));
#5339=CARTESIAN_POINT('',(0.0033545494133688,-1.10509184391513E-19,0.00502058127093812));
#5340=CARTESIAN_POINT('',(0.00248497543412209,-1.10509184391513E-19,0.00548645795072254));
#5341=CARTESIAN_POINT('',(0.00174453491218549,-1.10509184391513E-19,0.00575081396977191));
#5342=CARTESIAN_POINT('',(0.00117239498171353,-1.10509184391513E-19,0.0058938254846792));
#5343=CARTESIAN_POINT('',(0.000686254699012404,-1.10509184391512E-19,0.00596605313345995));
#5344=CARTESIAN_POINT('',(0.000294518833591855,-1.10509184391512E-19,0.00599512466580403));
#5345=CARTESIAN_POINT('',(9.81747819825415E-5,-1.10509184391512E-19,0.006));
#5346=CARTESIAN_POINT('',(4.4723339615027E-19,0.,0.006));
#5347=CARTESIAN_POINT('',(8.13151629364128E-20,0.,-0.006));
#5348=CARTESIAN_POINT('',(4.4723339615027E-19,0.,0.006));
#5349=CARTESIAN_POINT('',(5.59041745187838E-20,-0.0016,0.00675));
#5350=CARTESIAN_POINT('',(-2.48487847175648E-9,-0.0032,-0.00749826527806504));
#5351=CARTESIAN_POINT('',(2.95971845101842E-10,-0.00213333333333333,-0.00700000000001446));
#5352=CARTESIAN_POINT('',(2.7484040131543E-10,-0.00106666666666667,-0.00650000000000671));
#5353=CARTESIAN_POINT('',(2.53709064935537E-10,0.,-0.00599999999999999));
#5354=CARTESIAN_POINT('',(4.4723339615027E-19,0.,0.006));
#5355=CARTESIAN_POINT('',(0.,-0.00106666666666667,0.0065));
#5356=CARTESIAN_POINT('',(0.,-0.00213333333333333,0.007));
#5357=CARTESIAN_POINT('',(0.,-0.0032,0.0075));
#5358=CARTESIAN_POINT('',(-0.000196349514599938,0.,0.006));
#5359=CARTESIAN_POINT('',(-0.000212692800097772,-0.00106666666666667,0.0065));
#5360=CARTESIAN_POINT('',(-0.000229054533811919,-0.00213333333333333,0.00699915191256028));
#5361=CARTESIAN_POINT('',(-0.000245344343477652,-0.0032,0.00749331423129611));
#5362=CARTESIAN_POINT('',(-0.000589026504249627,0.,0.00598049867276198));
#5363=CARTESIAN_POINT('',(-0.000638230062657812,-0.00106666666666667,0.00648628138492699));
#5364=CARTESIAN_POINT('',(-0.000687486664877876,-0.00213333333333333,0.00698962589567343));
#5365=CARTESIAN_POINT('',(-0.000736536471465507,-0.0032,0.0074786006990887));
#5366=CARTESIAN_POINT('',(-0.00117239473942621,0.,0.00589382552968063));
#5367=CARTESIAN_POINT('',(-0.00127019685566095,-0.00106666666666667,0.00639669403262037));
#5368=CARTESIAN_POINT('',(-0.0013680973294151,-0.00213333333333334,0.00689504242403306));
#5369=CARTESIAN_POINT('',(-0.00146561436985797,-0.0032,0.00736666769602006));
#5370=CARTESIAN_POINT('',(-0.00174453459465747,0.,0.00575081406386475));
#5371=CARTESIAN_POINT('',(-0.00189003048958662,-0.00106666666666667,0.00624691571616609));
#5372=CARTESIAN_POINT('',(-0.0020356637988823,-0.00213333333333333,0.00673670368585069));
#5373=CARTESIAN_POINT('',(-0.00218076144704374,-0.0032,0.00718905141791892));
#5374=CARTESIAN_POINT('',(-0.002299864939296,0.,0.00555254710480411));
#5375=CARTESIAN_POINT('',(-0.00249162105536376,-0.00106666666666667,0.00603577663754962));
#5376=CARTESIAN_POINT('',(-0.00268354770861004,-0.00213333333333334,0.00651117233376628));
#5377=CARTESIAN_POINT('',(-0.00287480962291383,-0.0032,0.00693996650381813));
#5378=CARTESIAN_POINT('',(-0.00283280464269444,0.,0.00530010748198848));
#5379=CARTESIAN_POINT('',(-0.00306909460231852,-0.00106666666666667,0.0057659268817416));
#5380=CARTESIAN_POINT('',(-0.00330558261072345,-0.00213333333333334,0.00622265078639014));
#5381=CARTESIAN_POINT('',(-0.00354129869255102,-0.0032,0.006625087241706));
#5382=CARTESIAN_POINT('',(-0.00350718936116745,0.,0.00489554942874824));
#5383=CARTESIAN_POINT('',(-0.00379968343017704,-0.00106666666666667,0.00533143175903864));
#5384=CARTESIAN_POINT('',(-0.00409240517892482,-0.00213333333333334,0.00575686114745034));
#5385=CARTESIAN_POINT('',(-0.00438423959135827,-0.0032,0.00611961505713083));
#5386=CARTESIAN_POINT('',(-0.00427039103964055,0.,0.00427038893601271));
#5387=CARTESIAN_POINT('',(-0.00462635281946199,-0.00106666666666667,0.0046571158563509));
#5388=CARTESIAN_POINT('',(-0.0049825669038209,-0.00213333333333333,0.00503226465547758));
#5389=CARTESIAN_POINT('',(-0.00533779781592151,-0.0032,0.00533753903126828));
#5390=CARTESIAN_POINT('',(-0.00502050211599054,0.,0.00335460563595729));
#5391=CARTESIAN_POINT('',(-0.00543913682070003,-0.00106666666666667,0.00366693709040354));
#5392=CARTESIAN_POINT('',(-0.00585803610007326,-0.00213333333333333,0.00396713544032497));
#5393=CARTESIAN_POINT('',(-0.00627590460728895,-0.0032,0.00419343466672116));
#5394=CARTESIAN_POINT('',(-0.00576586387808107,0.,0.00196335581792955));
#5395=CARTESIAN_POINT('',(-0.00624648291832318,-0.00106666666666667,0.00215949144074851));
#5396=CARTESIAN_POINT('',(-0.00672736329735752,-0.00213333333333333,0.00234365512416666));
#5397=CARTESIAN_POINT('',(-0.00720722587037331,-0.0032,0.00245384717613185));
#5398=CARTESIAN_POINT('',(-0.00615644465132815,0.,0.));
#5399=CARTESIAN_POINT('',(-0.00666963135349277,-0.00106666666666667,2.88663878062764E-5));
#5400=CARTESIAN_POINT('',(-0.00718304506354294,-0.00213333333333333,4.73534986833696E-5));
#5401=CARTESIAN_POINT('',(-0.00769557528968184,-0.0032,9.48560740644637E-8));
#5402=CARTESIAN_POINT('',(-0.00568774772343166,0.,-0.00235602698151546));
#5403=CARTESIAN_POINT('',(-0.00616182459499904,-0.00106666666666666,-0.00253170209961226));
#5404=CARTESIAN_POINT('',(-0.00663605948048001,-0.00213333333333332,-0.00271457436780343));
#5405=CARTESIAN_POINT('',(-0.00710968042183176,-0.0032,-0.00294516462806288));
#5406=CARTESIAN_POINT('',(-0.00457567171102979,0.,-0.0040203247389185));
#5407=CARTESIAN_POINT('',(-0.00495700892221899,-0.00106666666666666,-0.00434238300891712));
#5408=CARTESIAN_POINT('',(-0.0053384407056283,-0.00213333333333332,-0.00466872337828841));
#5409=CARTESIAN_POINT('',(-0.00571950626423751,-0.0032,-0.00502525277595086));
#5410=CARTESIAN_POINT('',(-0.00335454902547283,0.,-0.00502058152729535));
#5411=CARTESIAN_POINT('',(-0.00363415675983023,-0.00106666666666666,-0.0054317790536732));
#5412=CARTESIAN_POINT('',(-0.00391381507543474,-0.00213333333333332,-0.00584524617074955));
#5413=CARTESIAN_POINT('',(-0.00419327888848869,-0.0032,-0.00627595050391006));
#5414=CARTESIAN_POINT('',(-0.00248497505417552,0.,-0.00548645811845056));
#5415=CARTESIAN_POINT('',(-0.00269209687045535,-0.00106666666666666,-0.00593933935261918));
#5416=CARTESIAN_POINT('',(-0.00289924674345239,-0.00213333333333333,-0.00639346497679937));
#5417=CARTESIAN_POINT('',(-0.00310629001919075,-0.0032,-0.00685771576235126));
#5418=CARTESIAN_POINT('',(-0.00174453459465747,0.,-0.00575081406386475));
#5419=CARTESIAN_POINT('',(-0.00188986766997076,-0.00106666666666666,-0.00622781787656685));
#5420=CARTESIAN_POINT('',(-0.00203521505557576,-0.00213333333333333,-0.0067054451764365));
#5421=CARTESIAN_POINT('',(-0.00218050947612207,-0.0032,-0.00718841954770451));
#5422=CARTESIAN_POINT('',(-0.00117239473942621,0.,-0.00589382552968063));
#5423=CARTESIAN_POINT('',(-0.00127012401464344,-0.00106666666666667,-0.00638426835631239));
#5424=CARTESIAN_POINT('',(-0.00136785974975779,-0.00213333333333333,-0.00687498354367265));
#5425=CARTESIAN_POINT('',(-0.00146557313810548,-0.0032,-0.00736799847611122));
#5426=CARTESIAN_POINT('',(-0.000686254543445723,0.,-0.00596605314891508));
#5427=CARTESIAN_POINT('',(-0.000743434118227575,-0.00106666666666666,-0.00646300187462961));
#5428=CARTESIAN_POINT('',(-0.000800615929452707,-0.00213333333333333,-0.00696003824948608));
#5429=CARTESIAN_POINT('',(-0.000857791854405128,-0.0032,-0.00745734885200543));
#5430=CARTESIAN_POINT('',(-0.00029451876201236,0.,-0.0059951246681905));
#5431=CARTESIAN_POINT('',(-0.000319075083516481,-0.00106666666666667,-0.00649536821619735));
#5432=CARTESIAN_POINT('',(-0.000343631815238468,-0.00213333333333333,-0.0069956238412651));
#5433=CARTESIAN_POINT('',(-0.000368189766312655,-0.0032,-0.00749488186490501));
#5434=CARTESIAN_POINT('',(-9.81747572999687E-5,0.,-0.006));
#5435=CARTESIAN_POINT('',(-0.000106351697402603,-0.00106666666666667,-0.00649999740029177));
#5436=CARTESIAN_POINT('',(-0.000114528679025063,-0.00213333333333333,-0.00699999440082007));
#5437=CARTESIAN_POINT('',(-0.000122708306901988,-0.0032,-0.0074984807856775));
#5438=CARTESIAN_POINT('',(8.13151629364128E-20,0.,-0.006));
#5439=CARTESIAN_POINT('',(-6.7762635780344E-21,-0.00106666666666667,-0.0065));
#5440=CARTESIAN_POINT('',(1.35525271560688E-20,-0.00213333333333333,-0.007));
#5441=CARTESIAN_POINT('',(-2.80198135817178E-9,-0.0032,-0.00749826527862197));
#5442=CARTESIAN_POINT('',(4.4723339615027E-19,0.,0.006));
#5443=CARTESIAN_POINT('',(-0.000196349514599938,-9.56734962049993E-20,0.006));
#5444=CARTESIAN_POINT('',(-0.000589026504249627,-9.56734962049993E-20,0.00598049867276198));
#5445=CARTESIAN_POINT('',(-0.00117239473942621,-9.56734962049994E-20,0.00589382552968063));
#5446=CARTESIAN_POINT('',(-0.00174453459465747,-9.56734962049993E-20,0.00575081406386475));
#5447=CARTESIAN_POINT('',(-0.002299864939296,-9.56734962049994E-20,0.00555254710480411));
#5448=CARTESIAN_POINT('',(-0.00283280464269444,-9.56734962049994E-20,0.00530010748198848));
#5449=CARTESIAN_POINT('',(-0.00350718936116745,-9.56734962049994E-20,0.00489554942874824));
#5450=CARTESIAN_POINT('',(-0.00427039103964055,-9.56734962049994E-20,0.00427038893601271));
#5451=CARTESIAN_POINT('',(-0.00502050211599054,-9.56734962049993E-20,0.00335460563595729));
#5452=CARTESIAN_POINT('',(-0.00576586387808107,-9.56734962049991E-20,0.00196335581792955));
#5453=CARTESIAN_POINT('',(-0.00615644465132815,-9.56734962049991E-20,2.58913897897108E-21));
#5454=CARTESIAN_POINT('',(-0.00568774772343166,-9.56734962049988E-20,-0.00235602698151546));
#5455=CARTESIAN_POINT('',(-0.00457567171102979,-9.56734962049989E-20,-0.0040203247389185));
#5456=CARTESIAN_POINT('',(-0.00335454902547283,-9.56734962049988E-20,-0.00502058152729535));
#5457=CARTESIAN_POINT('',(-0.00248497505417552,-9.5673496204999E-20,-0.00548645811845056));
#5458=CARTESIAN_POINT('',(-0.00174453459465747,-9.56734962049989E-20,-0.00575081406386475));
#5459=CARTESIAN_POINT('',(-0.00117239473942621,-9.56734962049992E-20,-0.00589382552968063));
#5460=CARTESIAN_POINT('',(-0.000686254543445723,-9.5673496204999E-20,-0.00596605314891508));
#5461=CARTESIAN_POINT('',(-0.00029451876201236,-9.56734962049993E-20,-0.0059951246681905));
#5462=CARTESIAN_POINT('',(-9.81747572999687E-5,-9.56734962049993E-20,-0.006));
#5463=CARTESIAN_POINT('',(8.13151629364128E-20,0.,-0.006));
#5464=CARTESIAN_POINT('',(0.,0.0085,0.));
#5465=CARTESIAN_POINT('',(0.,0.0085,0.));
#5466=CARTESIAN_POINT('',(0.00474064571352945,0.0085,0.00581173624821317));
#5467=CARTESIAN_POINT('',(0.00266278837428265,0.0085,0.00701138774236493));
#5468=CARTESIAN_POINT('',(0.00266278837428265,0.0085,0.00701138774236493));
#5469=CARTESIAN_POINT('',(0.00491994811870347,0.0085,0.0141701838558738));
#5470=CARTESIAN_POINT('',(0.,0.0085,0.));
#5471=CARTESIAN_POINT('',(0.00981176513613089,0.0085,0.0113458919840357));
#5472=CARTESIAN_POINT('',(0.00474064571352945,0.0085,0.00581173624821317));
#5473=CARTESIAN_POINT('',(0.00474064571352945,0.0085,0.00581173624821317));
#5474=CARTESIAN_POINT('',(0.00474064571352945,0.0005,0.00581173624821317));
#5475=CARTESIAN_POINT('',(0.00981176513613089,0.0005,0.0113458919840357));
#5476=CARTESIAN_POINT('',(0.00474064571352945,0.0005,0.00581173624821317));
#5477=CARTESIAN_POINT('',(0.00474064571352945,0.0085,0.00581173624821317));
#5478=CARTESIAN_POINT('',(0.00981176513613089,0.0085,0.0113458919840357));
#5479=CARTESIAN_POINT('',(0.00266278837428265,0.0085,0.00701138774236493));
#5480=CARTESIAN_POINT('',(0.00266278837428265,0.0005,0.00701138774236493));
#5481=CARTESIAN_POINT('',(0.00266278837428265,0.0005,0.00701138774236493));
#5482=CARTESIAN_POINT('',(0.00491994811870347,0.0005,0.0141701838558738));
#5483=CARTESIAN_POINT('',(0.00491994811870347,0.0085,0.0141701838558738));
#5484=CARTESIAN_POINT('',(0.00266278837428265,0.0085,0.00701138774236493));
#5485=CARTESIAN_POINT('',(0.,0.0085,0.));
#5486=CARTESIAN_POINT('',(0.,0.0085,0.));
#5487=CARTESIAN_POINT('',(0.0070113877423649,0.0085,0.00266278837428273));
#5488=CARTESIAN_POINT('',(0.00581173624821311,0.0085,0.00474064571352952));
#5489=CARTESIAN_POINT('',(0.00581173624821311,0.0085,0.00474064571352951));
#5490=CARTESIAN_POINT('',(0.0113458919840356,0.0085,0.00981176513613109));
#5491=CARTESIAN_POINT('',(0.,0.0085,0.));
#5492=CARTESIAN_POINT('',(0.0141701838558737,0.0085,0.00491994811870372));
#5493=CARTESIAN_POINT('',(0.0070113877423649,0.0085,0.00266278837428273));
#5494=CARTESIAN_POINT('',(0.0070113877423649,0.0085,0.00266278837428273));
#5495=CARTESIAN_POINT('',(0.0070113877423649,0.0005,0.00266278837428273));
#5496=CARTESIAN_POINT('',(0.0141701838558737,0.0005,0.00491994811870372));
#5497=CARTESIAN_POINT('',(0.0070113877423649,0.0005,0.00266278837428273));
#5498=CARTESIAN_POINT('',(0.0070113877423649,0.0085,0.00266278837428273));
#5499=CARTESIAN_POINT('',(0.0141701838558737,0.0085,0.00491994811870372));
#5500=CARTESIAN_POINT('',(0.00581173624821311,0.0085,0.00474064571352951));
#5501=CARTESIAN_POINT('',(0.00581173624821311,0.0005,0.00474064571352951));
#5502=CARTESIAN_POINT('',(0.00581173624821311,0.0005,0.00474064571352951));
#5503=CARTESIAN_POINT('',(0.0113458919840356,0.0005,0.00981176513613109));
#5504=CARTESIAN_POINT('',(0.0113458919840356,0.0085,0.00981176513613109));
#5505=CARTESIAN_POINT('',(0.00581173624821311,0.0085,0.00474064571352951));
#5506=CARTESIAN_POINT('',(0.,0.0085,0.));
#5507=CARTESIAN_POINT('',(0.,0.0085,0.));
#5508=CARTESIAN_POINT('',(0.00740343408781219,0.0085,-0.00119965149415174));
#5509=CARTESIAN_POINT('',(0.00740343408781218,0.0085,0.0011996514941518));
#5510=CARTESIAN_POINT('',(0.00740343408781218,0.0085,0.0011996514941518));
#5511=CARTESIAN_POINT('',(0.0147317132548346,0.0085,0.0028242918718382));
#5512=CARTESIAN_POINT('',(0.,0.0085,0.));
#5513=CARTESIAN_POINT('',(0.0147317132548346,0.0085,-0.002824291871838));
#5514=CARTESIAN_POINT('',(0.00740343408781219,0.0085,-0.00119965149415174));
#5515=CARTESIAN_POINT('',(0.00740343408781219,0.0085,-0.00119965149415174));
#5516=CARTESIAN_POINT('',(0.00740343408781219,0.0005,-0.00119965149415174));
#5517=CARTESIAN_POINT('',(0.0147317132548346,0.0005,-0.002824291871838));
#5518=CARTESIAN_POINT('',(0.00740343408781219,0.0005,-0.00119965149415174));
#5519=CARTESIAN_POINT('',(0.00740343408781219,0.0085,-0.00119965149415174));
#5520=CARTESIAN_POINT('',(0.0147317132548346,0.0085,-0.002824291871838));
#5521=CARTESIAN_POINT('',(0.00740343408781218,0.0085,0.0011996514941518));
#5522=CARTESIAN_POINT('',(0.00740343408781218,0.0005,0.0011996514941518));
#5523=CARTESIAN_POINT('',(0.00740343408781218,0.0005,0.0011996514941518));
#5524=CARTESIAN_POINT('',(0.0147317132548346,0.0005,0.0028242918718382));
#5525=CARTESIAN_POINT('',(0.0147317132548346,0.0085,0.0028242918718382));
#5526=CARTESIAN_POINT('',(0.00740343408781218,0.0085,0.0011996514941518));
#5527=CARTESIAN_POINT('',(0.,0.0085,0.));
#5528=CARTESIAN_POINT('',(0.,0.0085,0.));
#5529=CARTESIAN_POINT('',(0.00581173624821315,0.0085,-0.00474064571352947));
#5530=CARTESIAN_POINT('',(0.00701138774236492,0.0085,-0.00266278837428268));
#5531=CARTESIAN_POINT('',(0.00701138774236492,0.0085,-0.00266278837428268));
#5532=CARTESIAN_POINT('',(0.0141701838558738,0.0085,-0.00491994811870352));
#5533=CARTESIAN_POINT('',(0.,0.0085,0.));
#5534=CARTESIAN_POINT('',(0.0113458919840357,0.0085,-0.00981176513613093));
#5535=CARTESIAN_POINT('',(0.00581173624821315,0.0085,-0.00474064571352947));
#5536=CARTESIAN_POINT('',(0.00581173624821315,0.0085,-0.00474064571352947));
#5537=CARTESIAN_POINT('',(0.00581173624821315,0.0005,-0.00474064571352947));
#5538=CARTESIAN_POINT('',(0.0113458919840357,0.0005,-0.00981176513613093));
#5539=CARTESIAN_POINT('',(0.00581173624821315,0.0005,-0.00474064571352947));
#5540=CARTESIAN_POINT('',(0.00581173624821315,0.0085,-0.00474064571352947));
#5541=CARTESIAN_POINT('',(0.0113458919840357,0.0085,-0.00981176513613093));
#5542=CARTESIAN_POINT('',(0.00701138774236492,0.0085,-0.00266278837428268));
#5543=CARTESIAN_POINT('',(0.00701138774236492,0.0005,-0.00266278837428268));
#5544=CARTESIAN_POINT('',(0.00701138774236492,0.0005,-0.00266278837428268));
#5545=CARTESIAN_POINT('',(0.0141701838558738,0.0005,-0.00491994811870352));
#5546=CARTESIAN_POINT('',(0.0141701838558738,0.0085,-0.00491994811870352));
#5547=CARTESIAN_POINT('',(0.00701138774236492,0.0085,-0.00266278837428268));
#5548=CARTESIAN_POINT('',(0.,0.0085,0.));
#5549=CARTESIAN_POINT('',(0.,0.0085,0.));
#5550=CARTESIAN_POINT('',(0.0026627883742827,0.0085,-0.00701138774236491));
#5551=CARTESIAN_POINT('',(0.0047406457135295,0.0085,-0.00581173624821313));
#5552=CARTESIAN_POINT('',(0.00474064571352949,0.0085,-0.00581173624821313));
#5553=CARTESIAN_POINT('',(0.00981176513613105,0.0085,-0.0113458919840356));
#5554=CARTESIAN_POINT('',(0.,0.0085,0.));
#5555=CARTESIAN_POINT('',(0.00491994811870367,0.0085,-0.0141701838558737));
#5556=CARTESIAN_POINT('',(0.00266278837428271,0.0085,-0.00701138774236491));
#5557=CARTESIAN_POINT('',(0.00266278837428271,0.0085,-0.00701138774236491));
#5558=CARTESIAN_POINT('',(0.00266278837428271,0.0005,-0.00701138774236491));
#5559=CARTESIAN_POINT('',(0.00491994811870367,0.0005,-0.0141701838558737));
#5560=CARTESIAN_POINT('',(0.00266278837428271,0.0005,-0.00701138774236491));
#5561=CARTESIAN_POINT('',(0.00266278837428271,0.0085,-0.00701138774236491));
#5562=CARTESIAN_POINT('',(0.00491994811870367,0.0085,-0.0141701838558737));
#5563=CARTESIAN_POINT('',(0.00474064571352949,0.0085,-0.00581173624821313));
#5564=CARTESIAN_POINT('',(0.00474064571352949,0.0005,-0.00581173624821313));
#5565=CARTESIAN_POINT('',(0.00474064571352949,0.0005,-0.00581173624821313));
#5566=CARTESIAN_POINT('',(0.00981176513613105,0.0005,-0.0113458919840356));
#5567=CARTESIAN_POINT('',(0.00981176513613105,0.0085,-0.0113458919840356));
#5568=CARTESIAN_POINT('',(0.00474064571352949,0.0085,-0.00581173624821313));
#5569=CARTESIAN_POINT('',(0.,0.0085,0.));
#5570=CARTESIAN_POINT('',(-0.00119965149415182,0.0085,-0.00740343408781218));
#5571=CARTESIAN_POINT('',(-0.00282429187183815,0.0085,-0.0147317132548346));
#5572=CARTESIAN_POINT('',(-0.00119965149415182,0.0085,-0.00740343408781218));
#5573=CARTESIAN_POINT('',(0.,0.0085,0.));
#5574=CARTESIAN_POINT('',(0.00119965149415172,0.0085,-0.00740343408781219));
#5575=CARTESIAN_POINT('',(0.00119965149415172,0.0085,-0.00740343408781219));
#5576=CARTESIAN_POINT('',(0.00282429187183804,0.0085,-0.0147317132548346));
#5577=CARTESIAN_POINT('',(0.,0.0085,0.));
#5578=CARTESIAN_POINT('',(-0.00119965149415182,0.0085,-0.00740343408781218));
#5579=CARTESIAN_POINT('',(-0.00119965149415182,0.0005,-0.00740343408781218));
#5580=CARTESIAN_POINT('',(-0.00282429187183815,0.0005,-0.0147317132548346));
#5581=CARTESIAN_POINT('',(-0.00119965149415182,0.0005,-0.00740343408781218));
#5582=CARTESIAN_POINT('',(-0.00119965149415182,0.0085,-0.00740343408781218));
#5583=CARTESIAN_POINT('',(-0.00282429187183815,0.0085,-0.0147317132548346));
#5584=CARTESIAN_POINT('',(0.00119965149415172,0.0085,-0.00740343408781219));
#5585=CARTESIAN_POINT('',(0.00119965149415172,0.0005,-0.00740343408781219));
#5586=CARTESIAN_POINT('',(0.00119965149415172,0.0005,-0.00740343408781219));
#5587=CARTESIAN_POINT('',(0.00282429187183804,0.0005,-0.0147317132548346));
#5588=CARTESIAN_POINT('',(0.00282429187183804,0.0085,-0.0147317132548346));
#5589=CARTESIAN_POINT('',(0.00119965149415172,0.0085,-0.00740343408781219));
#5590=CARTESIAN_POINT('',(0.,0.0085,0.));
#5591=CARTESIAN_POINT('',(0.,0.0085,0.));
#5592=CARTESIAN_POINT('',(-0.00474064571352949,0.0085,-0.00581173624821313));
#5593=CARTESIAN_POINT('',(-0.0026627883742827,0.0085,-0.00701138774236491));
#5594=CARTESIAN_POINT('',(-0.0026627883742827,0.0085,-0.00701138774236491));
#5595=CARTESIAN_POINT('',(-0.00491994811870357,0.0085,-0.0141701838558738));
#5596=CARTESIAN_POINT('',(0.,0.0085,0.));
#5597=CARTESIAN_POINT('',(-0.00981176513613097,0.0085,-0.0113458919840357));
#5598=CARTESIAN_POINT('',(-0.00474064571352949,0.0085,-0.00581173624821313));
#5599=CARTESIAN_POINT('',(-0.00474064571352949,0.0085,-0.00581173624821313));
#5600=CARTESIAN_POINT('',(-0.00474064571352949,0.0005,-0.00581173624821313));
#5601=CARTESIAN_POINT('',(-0.00981176513613097,0.0005,-0.0113458919840357));
#5602=CARTESIAN_POINT('',(-0.00474064571352949,0.0005,-0.00581173624821313));
#5603=CARTESIAN_POINT('',(-0.00474064571352949,0.0085,-0.00581173624821313));
#5604=CARTESIAN_POINT('',(-0.00981176513613097,0.0085,-0.0113458919840357));
#5605=CARTESIAN_POINT('',(-0.0026627883742827,0.0085,-0.00701138774236491));
#5606=CARTESIAN_POINT('',(-0.0026627883742827,0.0005,-0.00701138774236491));
#5607=CARTESIAN_POINT('',(-0.0026627883742827,0.0005,-0.00701138774236491));
#5608=CARTESIAN_POINT('',(-0.00491994811870357,0.0005,-0.0141701838558738));
#5609=CARTESIAN_POINT('',(-0.00491994811870357,0.0085,-0.0141701838558738));
#5610=CARTESIAN_POINT('',(-0.0026627883742827,0.0085,-0.00701138774236491));
#5611=CARTESIAN_POINT('',(0.,0.0085,0.));
#5612=CARTESIAN_POINT('',(0.,0.0085,0.));
#5613=CARTESIAN_POINT('',(-0.00701138774236492,0.0085,-0.00266278837428268));
#5614=CARTESIAN_POINT('',(-0.00581173624821315,0.0085,-0.00474064571352948));
#5615=CARTESIAN_POINT('',(-0.00581173624821315,0.0085,-0.00474064571352947));
#5616=CARTESIAN_POINT('',(-0.0113458919840356,0.0085,-0.00981176513613101));
#5617=CARTESIAN_POINT('',(0.,0.0085,0.));
#5618=CARTESIAN_POINT('',(-0.0141701838558737,0.0085,-0.00491994811870362));
#5619=CARTESIAN_POINT('',(-0.00701138774236492,0.0085,-0.00266278837428268));
#5620=CARTESIAN_POINT('',(-0.00701138774236492,0.0085,-0.00266278837428268));
#5621=CARTESIAN_POINT('',(-0.00701138774236492,0.0005,-0.00266278837428268));
#5622=CARTESIAN_POINT('',(-0.0141701838558737,0.0005,-0.00491994811870362));
#5623=CARTESIAN_POINT('',(-0.00701138774236492,0.0005,-0.00266278837428268));
#5624=CARTESIAN_POINT('',(-0.00701138774236492,0.0085,-0.00266278837428268));
#5625=CARTESIAN_POINT('',(-0.0141701838558737,0.0085,-0.00491994811870362));
#5626=CARTESIAN_POINT('',(-0.00581173624821315,0.0085,-0.00474064571352947));
#5627=CARTESIAN_POINT('',(-0.00581173624821315,0.0005,-0.00474064571352947));
#5628=CARTESIAN_POINT('',(-0.00581173624821315,0.0005,-0.00474064571352947));
#5629=CARTESIAN_POINT('',(-0.0113458919840356,0.0005,-0.00981176513613101));
#5630=CARTESIAN_POINT('',(-0.0113458919840356,0.0085,-0.00981176513613101));
#5631=CARTESIAN_POINT('',(-0.00581173624821315,0.0085,-0.00474064571352947));
#5632=CARTESIAN_POINT('',(0.,0.0085,0.));
#5633=CARTESIAN_POINT('',(0.,0.0085,0.));
#5634=CARTESIAN_POINT('',(-0.00740343408781218,0.0085,0.0011996514941518));
#5635=CARTESIAN_POINT('',(-0.00740343408781219,0.0085,-0.00119965149415175));
#5636=CARTESIAN_POINT('',(-0.00740343408781219,0.0085,-0.00119965149415175));
#5637=CARTESIAN_POINT('',(-0.0147317132548346,0.0085,-0.0028242918718381));
#5638=CARTESIAN_POINT('',(0.,0.0085,0.));
#5639=CARTESIAN_POINT('',(-0.0147317132548346,0.0085,0.0028242918718381));
#5640=CARTESIAN_POINT('',(-0.00740343408781218,0.0085,0.0011996514941518));
#5641=CARTESIAN_POINT('',(-0.00740343408781218,0.0085,0.0011996514941518));
#5642=CARTESIAN_POINT('',(-0.00740343408781218,0.0005,0.0011996514941518));
#5643=CARTESIAN_POINT('',(-0.0147317132548346,0.0005,0.0028242918718381));
#5644=CARTESIAN_POINT('',(-0.00740343408781218,0.0005,0.0011996514941518));
#5645=CARTESIAN_POINT('',(-0.00740343408781218,0.0085,0.0011996514941518));
#5646=CARTESIAN_POINT('',(-0.0147317132548346,0.0085,0.0028242918718381));
#5647=CARTESIAN_POINT('',(-0.00740343408781219,0.0085,-0.00119965149415175));
#5648=CARTESIAN_POINT('',(-0.00740343408781219,0.0005,-0.00119965149415175));
#5649=CARTESIAN_POINT('',(-0.00740343408781219,0.0005,-0.00119965149415175));
#5650=CARTESIAN_POINT('',(-0.0147317132548346,0.0005,-0.0028242918718381));
#5651=CARTESIAN_POINT('',(-0.0147317132548346,0.0085,-0.0028242918718381));
#5652=CARTESIAN_POINT('',(-0.00740343408781219,0.0085,-0.00119965149415175));
#5653=CARTESIAN_POINT('',(0.,0.0085,0.));
#5654=CARTESIAN_POINT('',(0.,0.0085,0.));
#5655=CARTESIAN_POINT('',(-0.00581173624821312,0.0085,0.00474064571352951));
#5656=CARTESIAN_POINT('',(-0.0070113877423649,0.0085,0.00266278837428273));
#5657=CARTESIAN_POINT('',(-0.0070113877423649,0.0085,0.00266278837428273));
#5658=CARTESIAN_POINT('',(-0.0141701838558737,0.0085,0.00491994811870362));
#5659=CARTESIAN_POINT('',(0.,0.0085,0.));
#5660=CARTESIAN_POINT('',(-0.0113458919840356,0.0085,0.00981176513613101));
#5661=CARTESIAN_POINT('',(-0.00581173624821312,0.0085,0.00474064571352951));
#5662=CARTESIAN_POINT('',(-0.00581173624821312,0.0085,0.00474064571352951));
#5663=CARTESIAN_POINT('',(-0.00581173624821312,0.0005,0.00474064571352951));
#5664=CARTESIAN_POINT('',(-0.0113458919840356,0.0005,0.00981176513613101));
#5665=CARTESIAN_POINT('',(-0.00581173624821312,0.0005,0.00474064571352951));
#5666=CARTESIAN_POINT('',(-0.00581173624821312,0.0085,0.00474064571352951));
#5667=CARTESIAN_POINT('',(-0.0113458919840356,0.0085,0.00981176513613101));
#5668=CARTESIAN_POINT('',(-0.0070113877423649,0.0085,0.00266278837428273));
#5669=CARTESIAN_POINT('',(-0.0070113877423649,0.0005,0.00266278837428273));
#5670=CARTESIAN_POINT('',(-0.0070113877423649,0.0005,0.00266278837428273));
#5671=CARTESIAN_POINT('',(-0.0141701838558737,0.0005,0.00491994811870362));
#5672=CARTESIAN_POINT('',(-0.0141701838558737,0.0085,0.00491994811870362));
#5673=CARTESIAN_POINT('',(-0.0070113877423649,0.0085,0.00266278837428273));
#5674=CARTESIAN_POINT('',(0.,0.0085,0.));
#5675=CARTESIAN_POINT('',(0.,0.0085,0.));
#5676=CARTESIAN_POINT('',(-0.00266278837428266,0.0085,0.00701138774236492));
#5677=CARTESIAN_POINT('',(-0.00474064571352945,0.0085,0.00581173624821316));
#5678=CARTESIAN_POINT('',(-0.00474064571352945,0.0085,0.00581173624821316));
#5679=CARTESIAN_POINT('',(-0.00981176513613097,0.0085,0.0113458919840357));
#5680=CARTESIAN_POINT('',(0.,0.0085,0.));
#5681=CARTESIAN_POINT('',(-0.00491994811870357,0.0085,0.0141701838558738));
#5682=CARTESIAN_POINT('',(-0.00266278837428266,0.0085,0.00701138774236492));
#5683=CARTESIAN_POINT('',(-0.00266278837428266,0.0085,0.00701138774236492));
#5684=CARTESIAN_POINT('',(-0.00266278837428266,0.0005,0.00701138774236492));
#5685=CARTESIAN_POINT('',(-0.00491994811870357,0.0005,0.0141701838558738));
#5686=CARTESIAN_POINT('',(-0.00266278837428266,0.0005,0.00701138774236492));
#5687=CARTESIAN_POINT('',(-0.00266278837428266,0.0085,0.00701138774236492));
#5688=CARTESIAN_POINT('',(-0.00491994811870357,0.0085,0.0141701838558738));
#5689=CARTESIAN_POINT('',(-0.00474064571352945,0.0085,0.00581173624821316));
#5690=CARTESIAN_POINT('',(-0.00474064571352945,0.0005,0.00581173624821316));
#5691=CARTESIAN_POINT('',(-0.00474064571352945,0.0005,0.00581173624821316));
#5692=CARTESIAN_POINT('',(-0.00981176513613097,0.0005,0.0113458919840357));
#5693=CARTESIAN_POINT('',(-0.00981176513613097,0.0085,0.0113458919840357));
#5694=CARTESIAN_POINT('',(-0.00474064571352945,0.0085,0.00581173624821316));
#5695=CARTESIAN_POINT('',(0.,0.0085,0.));
#5696=CARTESIAN_POINT('',(0.,0.0085,0.));
#5697=CARTESIAN_POINT('',(0.00119965149415182,0.0085,0.00740343408781218));
#5698=CARTESIAN_POINT('',(-0.00119965149415172,0.0085,0.00740343408781219));
#5699=CARTESIAN_POINT('',(-0.00119965149415172,0.0085,0.00740343408781219));
#5700=CARTESIAN_POINT('',(-0.00282429187183804,0.0085,0.0147317132548346));
#5701=CARTESIAN_POINT('',(0.,0.0085,0.));
#5702=CARTESIAN_POINT('',(0.00282429187183815,0.0085,0.0147317132548346));
#5703=CARTESIAN_POINT('',(0.00119965149415182,0.0085,0.00740343408781218));
#5704=CARTESIAN_POINT('',(0.00119965149415182,0.0085,0.00740343408781218));
#5705=CARTESIAN_POINT('',(0.00119965149415182,0.0005,0.00740343408781218));
#5706=CARTESIAN_POINT('',(0.00282429187183815,0.0005,0.0147317132548346));
#5707=CARTESIAN_POINT('',(0.00119965149415182,0.0005,0.00740343408781218));
#5708=CARTESIAN_POINT('',(0.00119965149415182,0.0085,0.00740343408781218));
#5709=CARTESIAN_POINT('',(0.00282429187183815,0.0085,0.0147317132548346));
#5710=CARTESIAN_POINT('',(-0.00119965149415172,0.0085,0.00740343408781219));
#5711=CARTESIAN_POINT('',(-0.00119965149415172,0.0005,0.00740343408781219));
#5712=CARTESIAN_POINT('',(-0.00119965149415172,0.0005,0.00740343408781219));
#5713=CARTESIAN_POINT('',(-0.00282429187183804,0.0005,0.0147317132548346));
#5714=CARTESIAN_POINT('',(-0.00282429187183804,0.0085,0.0147317132548346));
#5715=CARTESIAN_POINT('',(-0.00119965149415172,0.0085,0.00740343408781219));
#5716=CARTESIAN_POINT('',(0.,0.0115,0.));
#5717=CARTESIAN_POINT('',(-0.0162999745307422,0.0115,0.00363329468900552));
#5718=CARTESIAN_POINT('',(-0.0162999745307422,0.011897267509304,0.00363329468900552));
#5719=CARTESIAN_POINT('',(-0.0159723785139129,0.0126749724920209,0.0035937900664065));
#5720=CARTESIAN_POINT('',(-0.0151970058769123,0.013,0.00350028830867825));
#5721=CARTESIAN_POINT('',(-0.0148026561358225,0.013,0.00345273389136709));
#5722=CARTESIAN_POINT('',(-0.0162999745307422,0.0115,0.00363329468900552));
#5723=CARTESIAN_POINT('',(-0.0148026561358225,0.013,0.00345273389136709));
#5724=CARTESIAN_POINT('',(0.,0.0115,0.));
#5725=CARTESIAN_POINT('',(-0.0159339260698674,0.0115,0.005));
#5726=CARTESIAN_POINT('',(-0.0143540934927985,0.013,0.005));
#5727=CARTESIAN_POINT('',(-0.0147609046514382,0.013,0.005));
#5728=CARTESIAN_POINT('',(-0.0155663682366535,0.0126975187503121,0.005));
#5729=CARTESIAN_POINT('',(-0.0159339260698674,0.0119074809388717,0.005));
#5730=CARTESIAN_POINT('',(-0.0159339260698674,0.0115,0.005));
#5731=CARTESIAN_POINT('',(-0.0143540934927985,0.013,0.005));
#5732=CARTESIAN_POINT('',(0.,0.013,0.));
#5733=CARTESIAN_POINT('',(0.,0.01,0.));
#5734=CARTESIAN_POINT('',(-0.0167,0.01,2.04516015457607E-18));
#5735=CARTESIAN_POINT('',(-0.0167,0.0104332572571703,2.04516015457607E-18));
#5736=CARTESIAN_POINT('',(-0.0162976935372802,0.0112458153668122,-0.000234405263842649));
#5737=CARTESIAN_POINT('',(-0.0155467846227088,0.0115,-0.000671924962263476));
#5738=CARTESIAN_POINT('',(-0.0151739717938252,0.0115,-0.000889145657470792));
#5739=CARTESIAN_POINT('',(-0.0167,0.01,-5.11290038644023E-19));
#5740=CARTESIAN_POINT('',(-0.0151739717938252,0.0115,-0.000889145657470792));
#5741=CARTESIAN_POINT('',(0.,0.01,0.));
#5742=CARTESIAN_POINT('',(-0.0166518714047476,0.01,0.00126695647902793));
#5743=CARTESIAN_POINT('',(-0.0151875299716464,0.0115,0.000615575633324925));
#5744=CARTESIAN_POINT('',(-0.0155620478414092,0.0115,0.000782171866431829));
#5745=CARTESIAN_POINT('',(-0.0163052084629774,0.0112039928210124,0.00111275091256663));
#5746=CARTESIAN_POINT('',(-0.0166518714047479,0.0104107829483854,0.00126695647902805));
#5747=CARTESIAN_POINT('',(-0.0166518714047479,0.01,0.00126695647902805));
#5748=CARTESIAN_POINT('',(-0.0151875299716464,0.0115,0.000615575633324925));
#5749=CARTESIAN_POINT('',(0.,0.0115,0.));
#5750=CARTESIAN_POINT('',(0.,0.0115,0.));
#5751=CARTESIAN_POINT('',(0.00363329468900552,0.0115,0.0162999745307422));
#5752=CARTESIAN_POINT('',(0.00363329468900553,0.011897267509304,0.0162999745307422));
#5753=CARTESIAN_POINT('',(0.0035937900664065,0.0126749724920209,0.0159723785139129));
#5754=CARTESIAN_POINT('',(0.00350028830867825,0.013,0.0151970058769123));
#5755=CARTESIAN_POINT('',(0.0034527338913671,0.013,0.0148026561358225));
#5756=CARTESIAN_POINT('',(0.00363329468900552,0.0115,0.0162999745307422));
#5757=CARTESIAN_POINT('',(0.0034527338913671,0.013,0.0148026561358225));
#5758=CARTESIAN_POINT('',(0.,0.0115,0.));
#5759=CARTESIAN_POINT('',(0.005,0.0115,0.0159339260698674));
#5760=CARTESIAN_POINT('',(0.005,0.013,0.0143540934927985));
#5761=CARTESIAN_POINT('',(0.005,0.013,0.0147609046514382));
#5762=CARTESIAN_POINT('',(0.005,0.0126975187503121,0.0155663682366535));
#5763=CARTESIAN_POINT('',(0.005,0.0119074809388717,0.0159339260698674));
#5764=CARTESIAN_POINT('',(0.005,0.0115,0.0159339260698674));
#5765=CARTESIAN_POINT('',(0.005,0.013,0.0143540934927985));
#5766=CARTESIAN_POINT('',(0.,0.013,0.));
#5767=CARTESIAN_POINT('',(0.,0.01,0.));
#5768=CARTESIAN_POINT('',(0.0167,0.01,0.));
#5769=CARTESIAN_POINT('',(0.0167,0.0104332572571703,0.));
#5770=CARTESIAN_POINT('',(0.0162976935372802,0.0112458153668122,0.000234405263842651));
#5771=CARTESIAN_POINT('',(0.0155467846227088,0.0115,0.000671924962263477));
#5772=CARTESIAN_POINT('',(0.0151739717938252,0.0115,0.000889145657470793));
#5773=CARTESIAN_POINT('',(0.0167,0.01,0.));
#5774=CARTESIAN_POINT('',(0.0151739717938252,0.0115,0.000889145657470793));
#5775=CARTESIAN_POINT('',(0.,0.01,0.));
#5776=CARTESIAN_POINT('',(0.0166518714047476,0.01,-0.00126695647902793));
#5777=CARTESIAN_POINT('',(0.0151875299716464,0.0115,-0.000615575633324926));
#5778=CARTESIAN_POINT('',(0.0155620478414092,0.0115,-0.000782171866431829));
#5779=CARTESIAN_POINT('',(0.0163052084629774,0.0112039928210124,-0.00111275091256663));
#5780=CARTESIAN_POINT('',(0.0166518714047479,0.0104107829483854,-0.00126695647902805));
#5781=CARTESIAN_POINT('',(0.0166518714047479,0.01,-0.00126695647902805));
#5782=CARTESIAN_POINT('',(0.0151875299716464,0.0115,-0.000615575633324926));
#5783=CARTESIAN_POINT('',(0.,0.0115,0.));
#5784=CARTESIAN_POINT('',(0.,0.0115,0.));
#5785=CARTESIAN_POINT('',(0.0162999745307422,0.0115,-0.00363329468900552));
#5786=CARTESIAN_POINT('',(0.0162999745307422,0.011897267509304,-0.00363329468900552));
#5787=CARTESIAN_POINT('',(0.0159723785139129,0.0126749724920209,-0.0035937900664065));
#5788=CARTESIAN_POINT('',(0.0151970058769123,0.013,-0.00350028830867825));
#5789=CARTESIAN_POINT('',(0.0148026561358225,0.013,-0.0034527338913671));
#5790=CARTESIAN_POINT('',(0.0162999745307422,0.0115,-0.00363329468900552));
#5791=CARTESIAN_POINT('',(0.0148026561358225,0.013,-0.0034527338913671));
#5792=CARTESIAN_POINT('',(0.,0.0115,0.));
#5793=CARTESIAN_POINT('',(0.0159339260698674,0.0115,-0.005));
#5794=CARTESIAN_POINT('',(0.0143540934927985,0.013,-0.005));
#5795=CARTESIAN_POINT('',(0.0147609046514382,0.013,-0.005));
#5796=CARTESIAN_POINT('',(0.0155663682366535,0.0126975187503121,-0.005));
#5797=CARTESIAN_POINT('',(0.0159339260698674,0.0119074809388717,-0.005));
#5798=CARTESIAN_POINT('',(0.0159339260698674,0.0115,-0.005));
#5799=CARTESIAN_POINT('',(0.0143540934927985,0.013,-0.005));
#5800=CARTESIAN_POINT('',(0.,0.013,0.));
#5801=CARTESIAN_POINT('',(0.,0.01,0.));
#5802=CARTESIAN_POINT('',(7.75816726604757E-19,0.01,-0.0167));
#5803=CARTESIAN_POINT('',(7.75816726604757E-19,0.0104332572571703,-0.0167));
#5804=CARTESIAN_POINT('',(0.000234405263842641,0.0112458153668122,-0.0162976935372802));
#5805=CARTESIAN_POINT('',(0.000671924962263449,0.0115,-0.0155467846227088));
#5806=CARTESIAN_POINT('',(0.000889145657470757,0.0115,-0.0151739717938252));
#5807=CARTESIAN_POINT('',(3.98667498488158E-32,0.01,-0.0167));
#5808=CARTESIAN_POINT('',(0.000889145657470758,0.0115,-0.0151739717938252));
#5809=CARTESIAN_POINT('',(0.,0.01,0.));
#5810=CARTESIAN_POINT('',(-0.00126695647902793,0.01,-0.0166518714047476));
#5811=CARTESIAN_POINT('',(-0.000615575633324927,0.0115,-0.0151875299716464));
#5812=CARTESIAN_POINT('',(-0.00078217186643183,0.0115,-0.0155620478414092));
#5813=CARTESIAN_POINT('',(-0.00111275091256663,0.0112039928210124,-0.0163052084629774));
#5814=CARTESIAN_POINT('',(-0.00126695647902805,0.0104107829483854,-0.0166518714047479));
#5815=CARTESIAN_POINT('',(-0.00126695647902805,0.01,-0.0166518714047479));
#5816=CARTESIAN_POINT('',(-0.000615575633324927,0.0115,-0.0151875299716464));
#5817=CARTESIAN_POINT('',(0.,0.0115,0.));
#5818=CARTESIAN_POINT('',(0.,0.0115,0.));
#5819=CARTESIAN_POINT('',(-0.00363329468900552,0.0115,-0.0162999745307422));
#5820=CARTESIAN_POINT('',(-0.00363329468900552,0.011897267509304,-0.0162999745307422));
#5821=CARTESIAN_POINT('',(-0.0035937900664065,0.0126749724920209,-0.0159723785139129));
#5822=CARTESIAN_POINT('',(-0.00350028830867825,0.013,-0.0151970058769123));
#5823=CARTESIAN_POINT('',(-0.0034527338913671,0.013,-0.0148026561358225));
#5824=CARTESIAN_POINT('',(-0.00363329468900552,0.0115,-0.0162999745307422));
#5825=CARTESIAN_POINT('',(-0.0034527338913671,0.013,-0.0148026561358225));
#5826=CARTESIAN_POINT('',(0.,0.0115,0.));
#5827=CARTESIAN_POINT('',(-0.005,0.0115,-0.0159339260698674));
#5828=CARTESIAN_POINT('',(-0.005,0.013,-0.0143540934927985));
#5829=CARTESIAN_POINT('',(-0.005,0.013,-0.0147609046514382));
#5830=CARTESIAN_POINT('',(-0.005,0.0126975187503121,-0.0155663682366535));
#5831=CARTESIAN_POINT('',(-0.005,0.0119074809388717,-0.0159339260698674));
#5832=CARTESIAN_POINT('',(-0.005,0.0115,-0.0159339260698674));
#5833=CARTESIAN_POINT('',(-0.005,0.013,-0.0143540934927985));
#5834=CARTESIAN_POINT('',(0.,0.013,0.));
#5835=CARTESIAN_POINT('',(-0.0167,0.0115,2.04516015457607E-18));
#5836=CARTESIAN_POINT('',(-0.0167,0.01,2.04516015457607E-18));
#5837=CARTESIAN_POINT('',(-0.0149659337558225,0.01,-0.00101035974599835));
#5838=CARTESIAN_POINT('',(-0.0167,0.0115,2.04516015457607E-18));
#5839=CARTESIAN_POINT('',(-0.005,0.0115,-0.00681704581233428));
#5840=CARTESIAN_POINT('',(-0.00499999999999993,0.0115,-0.00681704581233428));
#5841=CARTESIAN_POINT('',(-0.005,0.01,-0.00681704581233428));
#5842=CARTESIAN_POINT('',(-0.0167,0.01,2.04516015457607E-18));
#5843=CARTESIAN_POINT('',(1.02258007728805E-18,0.0115,0.0167));
#5844=CARTESIAN_POINT('',(1.02258007728805E-18,0.01,0.0167));
#5845=CARTESIAN_POINT('',(-0.00101035974599834,0.01,0.0149659337558225));
#5846=CARTESIAN_POINT('',(1.3010426069826E-18,0.01,0.0167));
#5847=CARTESIAN_POINT('',(1.26934342797134E-18,0.01,0.0167));
#5848=CARTESIAN_POINT('',(1.26934342797134E-18,0.0104332572571703,0.0167));
#5849=CARTESIAN_POINT('',(-0.00023440526384265,0.0112458153668122,0.0162976935372802));
#5850=CARTESIAN_POINT('',(-0.000671924962263477,0.0115,0.0155467846227088));
#5851=CARTESIAN_POINT('',(-0.000889145657470793,0.0115,0.0151739717938252));
#5852=CARTESIAN_POINT('',(-0.000889145657470792,0.0115,0.0151739717938252));
#5853=CARTESIAN_POINT('',(1.02258007728805E-18,0.0115,0.0167));
#5854=CARTESIAN_POINT('',(-0.00681704581233426,0.0115,0.005));
#5855=CARTESIAN_POINT('',(-0.00681704581233426,0.0115,0.005));
#5856=CARTESIAN_POINT('',(-0.00681704581233426,0.01,0.005));
#5857=CARTESIAN_POINT('',(1.02258007728805E-18,0.01,0.0167));
#5858=CARTESIAN_POINT('',(0.0167,0.0115,0.));
#5859=CARTESIAN_POINT('',(0.0167,0.01,0.));
#5860=CARTESIAN_POINT('',(0.0149659337558225,0.01,0.00101035974599835));
#5861=CARTESIAN_POINT('',(0.0167,0.0115,0.));
#5862=CARTESIAN_POINT('',(0.005,0.0115,0.00681704581233424));
#5863=CARTESIAN_POINT('',(0.005,0.0115,0.00681704581233425));
#5864=CARTESIAN_POINT('',(0.005,0.01,0.00681704581233424));
#5865=CARTESIAN_POINT('',(0.0167,0.01,0.));
#5866=CARTESIAN_POINT('',(1.02258007728804E-18,0.0115,-0.0167));
#5867=CARTESIAN_POINT('',(1.02258007728804E-18,0.01,-0.0167));
#5868=CARTESIAN_POINT('',(0.00101035974599831,0.01,-0.0149659337558225));
#5869=CARTESIAN_POINT('',(1.02258007728804E-18,0.0115,-0.0167));
#5870=CARTESIAN_POINT('',(0.00681704581233396,0.0115,-0.005));
#5871=CARTESIAN_POINT('',(0.00681704581233396,0.0115,-0.005));
#5872=CARTESIAN_POINT('',(0.00681704581233397,0.01,-0.005));
#5873=CARTESIAN_POINT('',(1.02258007728804E-18,0.01,-0.0167));
#5874=CARTESIAN_POINT('',(0.,0.,0.));
#5875=CARTESIAN_POINT('',(0.,0.,0.));
#5876=CARTESIAN_POINT('',(0.,0.,0.0167));
#5877=CARTESIAN_POINT('',(0.,0.01,0.));
#5878=CARTESIAN_POINT('',(0.,0.01,0.));
#5879=CARTESIAN_POINT('',(-0.0141421356237309,0.01,0.005));
#5880=CARTESIAN_POINT('',(-5.38519052202091E-17,0.01,0.005));
#5881=CARTESIAN_POINT('',(-0.0159339260698674,0.01,0.005));
#5882=CARTESIAN_POINT('',(0.,0.01,0.));
#5883=CARTESIAN_POINT('',(0.,0.01,0.));
#5884=CARTESIAN_POINT('',(0.,0.01,0.));
#5885=CARTESIAN_POINT('',(-0.005,0.01,-0.0141421356237309));
#5886=CARTESIAN_POINT('',(-0.005,0.01,-6.12323399573677E-19));
#5887=CARTESIAN_POINT('',(-0.005,0.01,-0.0159339260698674));
#5888=CARTESIAN_POINT('',(0.,0.01,0.));
#5889=CARTESIAN_POINT('',(0.,0.01,0.));
#5890=CARTESIAN_POINT('',(0.,0.01,0.));
#5891=CARTESIAN_POINT('',(0.0141421356237309,0.01,-0.005));
#5892=CARTESIAN_POINT('',(1.80697300937893E-17,0.01,-0.005));
#5893=CARTESIAN_POINT('',(0.0159339260698674,0.01,-0.005));
#5894=CARTESIAN_POINT('',(0.,0.01,0.));
#5895=CARTESIAN_POINT('',(0.,0.01,0.));
#5896=CARTESIAN_POINT('',(0.,0.01,0.));
#5897=CARTESIAN_POINT('',(0.005,0.01,0.0141421356237309));
#5898=CARTESIAN_POINT('',(0.005,0.01,3.5527136788005E-17));
#5899=CARTESIAN_POINT('',(0.005,0.01,0.0159339260698674));
#5900=CARTESIAN_POINT('',(0.,0.01,0.));
#5901=CARTESIAN_POINT('',(0.,0.01,0.));
#5902=CARTESIAN_POINT('',(0.,0.01,0.));
#5903=CARTESIAN_POINT('',(-0.0162999745307422,0.01,0.00363329468900552));
#5904=CARTESIAN_POINT('',(-0.0162999745307422,0.01,0.00363329468900552));
#5905=CARTESIAN_POINT('',(-0.014602890085705,0.01,0.00342864421379906));
#5906=CARTESIAN_POINT('',(0.,0.01,0.));
#5907=CARTESIAN_POINT('',(-0.0149907035578422,0.01,0.000528021629195606));
#5908=CARTESIAN_POINT('',(-0.0166518714047476,0.01,0.00126695647902793));
#5909=CARTESIAN_POINT('',(0.,0.0115,0.));
#5910=CARTESIAN_POINT('',(0.,0.0115,0.));
#5911=CARTESIAN_POINT('',(0.000615575633324926,0.0115,0.0151875299716464));
#5912=CARTESIAN_POINT('',(0.00126695647902793,0.0115,0.0166518714047476));
#5913=CARTESIAN_POINT('',(-0.00310298505253562,0.0115,0.00682799265990676));
#5914=CARTESIAN_POINT('',(0.,0.0115,0.));
#5915=CARTESIAN_POINT('',(-0.00559016994374947,0.0115,0.005));
#5916=CARTESIAN_POINT('',(-0.00391612833854321,0.0115,0.005));
#5917=CARTESIAN_POINT('',(0.,0.01,0.));
#5918=CARTESIAN_POINT('',(0.,0.01,0.));
#5919=CARTESIAN_POINT('',(0.00126695647902793,0.01,0.0166518714047476));
#5920=CARTESIAN_POINT('',(0.00363329468900552,0.01,0.0162999745307422));
#5921=CARTESIAN_POINT('',(0.00363329468900552,0.01,0.0162999745307422));
#5922=CARTESIAN_POINT('',(0.00342864421379906,0.01,0.014602890085705));
#5923=CARTESIAN_POINT('',(0.,0.01,0.));
#5924=CARTESIAN_POINT('',(0.000528021629195608,0.01,0.0149907035578422));
#5925=CARTESIAN_POINT('',(0.00126695647902793,0.01,0.0166518714047476));
#5926=CARTESIAN_POINT('',(0.,0.0115,0.));
#5927=CARTESIAN_POINT('',(0.0166518714047476,0.0115,-0.00126695647902793));
#5928=CARTESIAN_POINT('',(0.00682799265990676,0.0115,0.00310298505253561));
#5929=CARTESIAN_POINT('',(0.,0.0115,0.));
#5930=CARTESIAN_POINT('',(0.005,0.0115,0.00559016994374948));
#5931=CARTESIAN_POINT('',(0.005,0.0115,0.00391612833854319));
#5932=CARTESIAN_POINT('',(0.,0.01,0.));
#5933=CARTESIAN_POINT('',(0.,0.01,0.));
#5934=CARTESIAN_POINT('',(0.0162999745307422,0.01,-0.00363329468900552));
#5935=CARTESIAN_POINT('',(0.0162999745307422,0.01,-0.00363329468900552));
#5936=CARTESIAN_POINT('',(0.014602890085705,0.01,-0.00342864421379907));
#5937=CARTESIAN_POINT('',(0.,0.01,0.));
#5938=CARTESIAN_POINT('',(0.0149907035578422,0.01,-0.000528021629195608));
#5939=CARTESIAN_POINT('',(0.0166518714047476,0.01,-0.00126695647902793));
#5940=CARTESIAN_POINT('',(0.,0.0115,0.));
#5941=CARTESIAN_POINT('',(-0.00126695647902793,0.0115,-0.0166518714047476));
#5942=CARTESIAN_POINT('',(0.0031029850525356,0.0115,-0.00682799265990677));
#5943=CARTESIAN_POINT('',(0.,0.0115,0.));
#5944=CARTESIAN_POINT('',(0.00559016994374947,0.0115,-0.005));
#5945=CARTESIAN_POINT('',(0.00391612833854317,0.0115,-0.005));
#5946=CARTESIAN_POINT('',(0.,0.01,0.));
#5947=CARTESIAN_POINT('',(0.,0.01,0.));
#5948=CARTESIAN_POINT('',(-0.00363329468900552,0.01,-0.0162999745307422));
#5949=CARTESIAN_POINT('',(-0.00363329468900552,0.01,-0.0162999745307422));
#5950=CARTESIAN_POINT('',(-0.00342864421379907,0.01,-0.014602890085705));
#5951=CARTESIAN_POINT('',(0.,0.01,0.));
#5952=CARTESIAN_POINT('',(-0.000528021629195608,0.01,-0.0149907035578422));
#5953=CARTESIAN_POINT('',(-0.00126695647902793,0.01,-0.0166518714047476));
#5954=CARTESIAN_POINT('',(0.,0.0115,0.));
#5955=CARTESIAN_POINT('',(-0.0166518714047476,0.0115,0.00126695647902793));
#5956=CARTESIAN_POINT('',(-0.00682799265990675,0.0115,-0.00310298505253563));
#5957=CARTESIAN_POINT('',(0.,0.0115,0.));
#5958=CARTESIAN_POINT('',(-0.005,0.0115,-0.00559016994374947));
#5959=CARTESIAN_POINT('',(-0.005,0.0115,-0.00391612833854323));
#5960=CARTESIAN_POINT('',(-0.0166518714047476,0.0115,0.00126695647902793));
#5961=CARTESIAN_POINT('',(-0.0166518714047476,0.01,0.00126695647902793));
#5962=CARTESIAN_POINT('',(-0.00682799265990675,0.01,-0.00310298505253563));
#5963=CARTESIAN_POINT('',(-0.00682799265990675,0.0347132034355965,-0.00310298505253563));
#5964=CARTESIAN_POINT('',(0.00126695647902793,0.0115,0.0166518714047476));
#5965=CARTESIAN_POINT('',(0.000615575633324926,0.0115,0.0151875299716464));
#5966=CARTESIAN_POINT('',(0.00078217186643183,0.0115,0.0155620478414092));
#5967=CARTESIAN_POINT('',(0.00111275091256663,0.0112039928210124,0.0163052084629774));
#5968=CARTESIAN_POINT('',(0.00126695647902805,0.0104107829483854,0.0166518714047479));
#5969=CARTESIAN_POINT('',(0.00126695647902805,0.01,0.0166518714047479));
#5970=CARTESIAN_POINT('',(0.00126695647902793,0.01,0.0166518714047476));
#5971=CARTESIAN_POINT('',(-0.00310298505253562,0.01,0.00682799265990676));
#5972=CARTESIAN_POINT('',(-0.00310298505253562,0.0347132034355965,0.00682799265990676));
#5973=CARTESIAN_POINT('',(0.0166518714047476,0.0115,-0.00126695647902793));
#5974=CARTESIAN_POINT('',(0.0166518714047476,0.01,-0.00126695647902793));
#5975=CARTESIAN_POINT('',(0.00682799265990676,0.01,0.00310298505253561));
#5976=CARTESIAN_POINT('',(0.00682799265990676,0.0347132034355965,0.00310298505253561));
#5977=CARTESIAN_POINT('',(-0.00126695647902793,0.0115,-0.0166518714047476));
#5978=CARTESIAN_POINT('',(-0.00126695647902793,0.01,-0.0166518714047476));
#5979=CARTESIAN_POINT('',(0.0031029850525356,0.01,-0.00682799265990677));
#5980=CARTESIAN_POINT('',(0.0031029850525356,0.0347132034355965,-0.00682799265990677));
#5981=CARTESIAN_POINT('',(0.,0.013,0.));
#5982=CARTESIAN_POINT('',(-0.0162999745307422,0.013,0.00363329468900552));
#5983=CARTESIAN_POINT('',(-0.00706412583726498,0.013,0.00251954879994124));
#5984=CARTESIAN_POINT('',(-5.38519052202091E-17,0.013,0.005));
#5985=CARTESIAN_POINT('',(-0.00559016994374947,0.013,0.005));
#5986=CARTESIAN_POINT('',(0.,0.013,0.));
#5987=CARTESIAN_POINT('',(-0.0162999745307422,0.01,0.00363329468900552));
#5988=CARTESIAN_POINT('',(-0.0162999745307422,0.01,0.00363329468900552));
#5989=CARTESIAN_POINT('',(-0.00706412583726498,0.0347132034355965,0.00251954879994124));
#5990=CARTESIAN_POINT('',(-0.00706412583726498,0.01,0.00251954879994124));
#5991=CARTESIAN_POINT('',(-0.0162999745307422,0.01,0.00363329468900552));
#5992=CARTESIAN_POINT('',(0.,0.013,0.));
#5993=CARTESIAN_POINT('',(0.00363329468900552,0.013,0.0162999745307422));
#5994=CARTESIAN_POINT('',(0.00251954879994126,0.013,0.00706412583726497));
#5995=CARTESIAN_POINT('',(0.005,0.013,3.5527136788005E-17));
#5996=CARTESIAN_POINT('',(0.005,0.013,0.00559016994374947));
#5997=CARTESIAN_POINT('',(0.,0.013,0.));
#5998=CARTESIAN_POINT('',(0.00363329468900552,0.01,0.0162999745307422));
#5999=CARTESIAN_POINT('',(0.00363329468900552,0.01,0.0162999745307422));
#6000=CARTESIAN_POINT('',(0.00251954879994126,0.0347132034355965,0.00706412583726497));
#6001=CARTESIAN_POINT('',(0.00251954879994126,0.01,0.00706412583726497));
#6002=CARTESIAN_POINT('',(0.00363329468900552,0.01,0.0162999745307422));
#6003=CARTESIAN_POINT('',(0.,0.013,0.));
#6004=CARTESIAN_POINT('',(0.0162999745307422,0.013,-0.00363329468900552));
#6005=CARTESIAN_POINT('',(0.00706412583726497,0.013,-0.00251954879994127));
#6006=CARTESIAN_POINT('',(1.80697300937893E-17,0.013,-0.005));
#6007=CARTESIAN_POINT('',(0.00559016994374947,0.013,-0.005));
#6008=CARTESIAN_POINT('',(0.,0.013,0.));
#6009=CARTESIAN_POINT('',(0.0162999745307422,0.01,-0.00363329468900552));
#6010=CARTESIAN_POINT('',(0.0162999745307422,0.01,-0.00363329468900552));
#6011=CARTESIAN_POINT('',(0.00706412583726497,0.0347132034355965,-0.00251954879994127));
#6012=CARTESIAN_POINT('',(0.00706412583726497,0.01,-0.00251954879994127));
#6013=CARTESIAN_POINT('',(0.0162999745307422,0.01,-0.00363329468900552));
#6014=CARTESIAN_POINT('',(0.,0.013,0.));
#6015=CARTESIAN_POINT('',(-0.00363329468900552,0.013,-0.0162999745307422));
#6016=CARTESIAN_POINT('',(-0.00251954879994129,0.013,-0.00706412583726497));
#6017=CARTESIAN_POINT('',(-0.005,0.013,-6.12323399573677E-19));
#6018=CARTESIAN_POINT('',(-0.005,0.013,-0.00559016994374947));
#6019=CARTESIAN_POINT('',(0.,0.013,0.));
#6020=CARTESIAN_POINT('',(-0.00363329468900552,0.01,-0.0162999745307422));
#6021=CARTESIAN_POINT('',(-0.00363329468900552,0.01,-0.0162999745307422));
#6022=CARTESIAN_POINT('',(-0.00251954879994129,0.0347132034355965,-0.00706412583726497));
#6023=CARTESIAN_POINT('',(-0.00251954879994129,0.01,-0.00706412583726497));
#6024=CARTESIAN_POINT('',(-0.00363329468900552,0.01,-0.0162999745307422));
#6025=CARTESIAN_POINT('',(0.,0.0135,0.));
#6026=CARTESIAN_POINT('',(0.,0.0135,0.));
#6027=CARTESIAN_POINT('',(0.,0.0135,0.0075));
#6028=CARTESIAN_POINT('',(0.,0.0135,0.));
#6029=CARTESIAN_POINT('',(0.,0.0135,0.0025));
#6030=CARTESIAN_POINT('',(0.,0.0285,0.));
#6031=CARTESIAN_POINT('',(0.,0.0285,0.));
#6032=CARTESIAN_POINT('',(0.,0.0285,0.0025));
#6033=CARTESIAN_POINT('',(0.,0.02785,0.));
#6034=CARTESIAN_POINT('',(0.,0.02785,0.));
#6035=CARTESIAN_POINT('',(0.,0.02785,0.0022));
#6036=CARTESIAN_POINT('',(0.,0.02785,0.));
#6037=CARTESIAN_POINT('',(0.,0.02785,0.0025));
#6038=CARTESIAN_POINT('',(0.,0.02835,0.));
#6039=CARTESIAN_POINT('',(0.,0.02835,0.));
#6040=CARTESIAN_POINT('',(0.,0.02835,0.0022));
#6041=CARTESIAN_POINT('',(0.,0.02835,0.));
#6042=CARTESIAN_POINT('',(0.,0.02835,0.0025));
#6043=CARTESIAN_POINT('',(0.,0.0272,0.));
#6044=CARTESIAN_POINT('',(0.,0.0272,0.));
#6045=CARTESIAN_POINT('',(0.,0.0272,0.0022));
#6046=CARTESIAN_POINT('',(0.,0.0272,0.));
#6047=CARTESIAN_POINT('',(0.,0.0272,0.0025));
#6048=CARTESIAN_POINT('',(0.,0.0277,0.));
#6049=CARTESIAN_POINT('',(0.,0.0277,0.));
#6050=CARTESIAN_POINT('',(0.,0.0277,0.0022));
#6051=CARTESIAN_POINT('',(0.,0.0277,0.));
#6052=CARTESIAN_POINT('',(0.,0.0277,0.0025));
#6053=CARTESIAN_POINT('',(0.,0.02655,0.));
#6054=CARTESIAN_POINT('',(0.,0.02655,0.));
#6055=CARTESIAN_POINT('',(0.,0.02655,0.0022));
#6056=CARTESIAN_POINT('',(0.,0.02655,0.));
#6057=CARTESIAN_POINT('',(0.,0.02655,0.0025));
#6058=CARTESIAN_POINT('',(0.,0.02705,0.));
#6059=CARTESIAN_POINT('',(0.,0.02705,0.));
#6060=CARTESIAN_POINT('',(0.,0.02705,0.0022));
#6061=CARTESIAN_POINT('',(0.,0.02705,0.));
#6062=CARTESIAN_POINT('',(0.,0.02705,0.0025));
#6063=CARTESIAN_POINT('',(0.,0.0259,0.));
#6064=CARTESIAN_POINT('',(0.,0.0259,0.));
#6065=CARTESIAN_POINT('',(0.,0.0259,0.0022));
#6066=CARTESIAN_POINT('',(0.,0.0259,0.));
#6067=CARTESIAN_POINT('',(0.,0.0259,0.0025));
#6068=CARTESIAN_POINT('',(0.,0.0264,0.));
#6069=CARTESIAN_POINT('',(0.,0.0264,0.));
#6070=CARTESIAN_POINT('',(0.,0.0264,0.0022));
#6071=CARTESIAN_POINT('',(0.,0.0264,0.));
#6072=CARTESIAN_POINT('',(0.,0.0264,0.0025));
#6073=CARTESIAN_POINT('',(0.,0.02525,0.));
#6074=CARTESIAN_POINT('',(0.,0.02525,0.));
#6075=CARTESIAN_POINT('',(0.,0.02525,0.0022));
#6076=CARTESIAN_POINT('',(0.,0.02525,0.));
#6077=CARTESIAN_POINT('',(0.,0.02525,0.0025));
#6078=CARTESIAN_POINT('',(0.,0.02575,0.));
#6079=CARTESIAN_POINT('',(0.,0.02575,0.));
#6080=CARTESIAN_POINT('',(0.,0.02575,0.0022));
#6081=CARTESIAN_POINT('',(0.,0.02575,0.));
#6082=CARTESIAN_POINT('',(0.,0.02575,0.0025));
#6083=CARTESIAN_POINT('',(0.,0.0246,0.));
#6084=CARTESIAN_POINT('',(0.,0.0246,0.));
#6085=CARTESIAN_POINT('',(0.,0.0246,0.0022));
#6086=CARTESIAN_POINT('',(0.,0.0246,0.));
#6087=CARTESIAN_POINT('',(0.,0.0246,0.0025));
#6088=CARTESIAN_POINT('',(0.,0.0251,0.));
#6089=CARTESIAN_POINT('',(0.,0.0251,0.));
#6090=CARTESIAN_POINT('',(0.,0.0251,0.0022));
#6091=CARTESIAN_POINT('',(0.,0.0251,0.));
#6092=CARTESIAN_POINT('',(0.,0.0251,0.0025));
#6093=CARTESIAN_POINT('',(0.,0.02395,0.));
#6094=CARTESIAN_POINT('',(0.,0.02395,0.));
#6095=CARTESIAN_POINT('',(0.,0.02395,0.0022));
#6096=CARTESIAN_POINT('',(0.,0.02395,0.));
#6097=CARTESIAN_POINT('',(0.,0.02395,0.0025));
#6098=CARTESIAN_POINT('',(0.,0.02445,0.));
#6099=CARTESIAN_POINT('',(0.,0.02445,0.));
#6100=CARTESIAN_POINT('',(0.,0.02445,0.0022));
#6101=CARTESIAN_POINT('',(0.,0.02445,0.));
#6102=CARTESIAN_POINT('',(0.,0.02445,0.0025));
#6103=CARTESIAN_POINT('',(0.,0.0233,0.));
#6104=CARTESIAN_POINT('',(0.,0.0233,0.));
#6105=CARTESIAN_POINT('',(0.,0.0233,0.0022));
#6106=CARTESIAN_POINT('',(0.,0.0233,0.));
#6107=CARTESIAN_POINT('',(0.,0.0233,0.0025));
#6108=CARTESIAN_POINT('',(0.,0.0238,0.));
#6109=CARTESIAN_POINT('',(0.,0.0238,0.));
#6110=CARTESIAN_POINT('',(0.,0.0238,0.0022));
#6111=CARTESIAN_POINT('',(0.,0.0238,0.));
#6112=CARTESIAN_POINT('',(0.,0.0238,0.0025));
#6113=CARTESIAN_POINT('',(0.,0.02265,0.));
#6114=CARTESIAN_POINT('',(0.,0.02265,0.));
#6115=CARTESIAN_POINT('',(0.,0.02265,0.0022));
#6116=CARTESIAN_POINT('',(0.,0.02265,0.));
#6117=CARTESIAN_POINT('',(0.,0.02265,0.0025));
#6118=CARTESIAN_POINT('',(0.,0.02315,0.));
#6119=CARTESIAN_POINT('',(0.,0.02315,0.));
#6120=CARTESIAN_POINT('',(0.,0.02315,0.0022));
#6121=CARTESIAN_POINT('',(0.,0.02315,0.));
#6122=CARTESIAN_POINT('',(0.,0.02315,0.0025));
#6123=CARTESIAN_POINT('',(0.,0.022,0.));
#6124=CARTESIAN_POINT('',(0.,0.022,0.));
#6125=CARTESIAN_POINT('',(0.,0.022,0.0022));
#6126=CARTESIAN_POINT('',(0.,0.022,0.));
#6127=CARTESIAN_POINT('',(0.,0.022,0.0025));
#6128=CARTESIAN_POINT('',(0.,0.0225,0.));
#6129=CARTESIAN_POINT('',(0.,0.0225,0.));
#6130=CARTESIAN_POINT('',(0.,0.0225,0.0022));
#6131=CARTESIAN_POINT('',(0.,0.0225,0.));
#6132=CARTESIAN_POINT('',(0.,0.0225,0.0025));
#6133=CARTESIAN_POINT('',(0.,0.02135,0.));
#6134=CARTESIAN_POINT('',(0.,0.02135,0.));
#6135=CARTESIAN_POINT('',(0.,0.02135,0.0022));
#6136=CARTESIAN_POINT('',(0.,0.02135,0.));
#6137=CARTESIAN_POINT('',(0.,0.02135,0.0025));
#6138=CARTESIAN_POINT('',(0.,0.02185,0.));
#6139=CARTESIAN_POINT('',(0.,0.02185,0.));
#6140=CARTESIAN_POINT('',(0.,0.02185,0.0022));
#6141=CARTESIAN_POINT('',(0.,0.02185,0.));
#6142=CARTESIAN_POINT('',(0.,0.02185,0.0025));
#6143=CARTESIAN_POINT('',(0.,0.0212,0.));
#6144=CARTESIAN_POINT('',(0.,0.0212,0.));
#6145=CARTESIAN_POINT('',(0.,0.0212,0.0022));
#6146=CARTESIAN_POINT('',(0.,0.0212,0.));
#6147=CARTESIAN_POINT('',(0.,0.0212,0.0025));
#6148=CARTESIAN_POINT('',(0.,0.01,0.));
#6149=CARTESIAN_POINT('',(0.,0.01,0.));
#6150=CARTESIAN_POINT('',(0.,0.01,0.));
#6151=CARTESIAN_POINT('',(0.,0.01,0.));
#6152=CARTESIAN_POINT('',(-5.38519052202091E-17,0.01,0.005));
#6153=CARTESIAN_POINT('',(-5.38519052202091E-17,0.01,0.005));
#6154=CARTESIAN_POINT('',(-0.0159339260698674,0.01,0.005));
#6155=CARTESIAN_POINT('',(-0.00559016994374947,0.0347132034355965,0.005));
#6156=CARTESIAN_POINT('',(0.,0.01,0.));
#6157=CARTESIAN_POINT('',(0.,0.01,0.));
#6158=CARTESIAN_POINT('',(0.,0.01,0.));
#6159=CARTESIAN_POINT('',(0.,0.01,0.));
#6160=CARTESIAN_POINT('',(0.005,0.01,3.5527136788005E-17));
#6161=CARTESIAN_POINT('',(0.005,0.01,3.5527136788005E-17));
#6162=CARTESIAN_POINT('',(0.005,0.01,0.0159339260698674));
#6163=CARTESIAN_POINT('',(0.005,0.0347132034355965,0.00559016994374947));
#6164=CARTESIAN_POINT('',(0.,0.01,0.));
#6165=CARTESIAN_POINT('',(0.,0.01,0.));
#6166=CARTESIAN_POINT('',(0.,0.01,0.));
#6167=CARTESIAN_POINT('',(0.,0.01,0.));
#6168=CARTESIAN_POINT('',(1.80697300937893E-17,0.01,-0.005));
#6169=CARTESIAN_POINT('',(1.80697300937893E-17,0.01,-0.005));
#6170=CARTESIAN_POINT('',(0.0159339260698674,0.01,-0.005));
#6171=CARTESIAN_POINT('',(0.00559016994374947,0.0347132034355965,-0.005));
#6172=CARTESIAN_POINT('',(0.,0.01,0.));
#6173=CARTESIAN_POINT('',(0.,0.01,0.));
#6174=CARTESIAN_POINT('',(0.,0.01,0.));
#6175=CARTESIAN_POINT('',(0.,0.01,0.));
#6176=CARTESIAN_POINT('',(-0.005,0.01,-6.12323399573677E-19));
#6177=CARTESIAN_POINT('',(-0.005,0.01,-6.12323399573677E-19));
#6178=CARTESIAN_POINT('',(-0.005,0.01,-0.0159339260698674));
#6179=CARTESIAN_POINT('',(-0.005,0.0347132034355965,-0.00559016994374947));
#6180=CARTESIAN_POINT('',(0.,0.0005,0.));
#6181=CARTESIAN_POINT('',(0.,0.0005,0.));
#6182=CARTESIAN_POINT('',(0.,0.0005,0.));
#6183=CARTESIAN_POINT('',(0.,0.0005,0.));
#6184=CARTESIAN_POINT('',(0.,0.0005,0.));
#6185=CARTESIAN_POINT('',(0.,0.0005,0.));
#6186=CARTESIAN_POINT('',(0.,0.0005,0.));
#6187=CARTESIAN_POINT('',(0.,0.0005,0.));
#6188=CARTESIAN_POINT('',(0.,0.0005,0.));
#6189=CARTESIAN_POINT('',(0.,0.0005,0.));
#6190=CARTESIAN_POINT('',(0.,0.0005,0.));
#6191=CARTESIAN_POINT('',(0.,0.0005,0.));
#6192=CARTESIAN_POINT('',(0.,0.0005,0.));
#6193=CARTESIAN_POINT('',(0.,0.0005,0.));
#6194=CARTESIAN_POINT('',(0.,0.0005,0.));
#6195=CARTESIAN_POINT('',(0.,0.0005,0.));
#6196=CARTESIAN_POINT('',(0.,0.0005,0.));
#6197=CARTESIAN_POINT('',(0.,0.0005,0.));
#6198=CARTESIAN_POINT('',(0.,0.0005,0.));
#6199=CARTESIAN_POINT('',(0.,0.0005,0.));
#6200=CARTESIAN_POINT('',(0.,0.0005,0.));
#6201=CARTESIAN_POINT('',(0.,0.0005,0.));
#6202=CARTESIAN_POINT('',(0.,0.0005,0.));
#6203=CARTESIAN_POINT('',(0.,0.0005,0.));
#6204=CARTESIAN_POINT('',(0.,0.0005,0.));
#6205=CARTESIAN_POINT('',(0.,0.0005,0.));
#6206=CARTESIAN_POINT('',(0.,0.0005,0.));
#6207=CARTESIAN_POINT('',(0.,0.0005,0.));
#6208=CARTESIAN_POINT('',(0.,0.0005,0.));
#6209=CARTESIAN_POINT('',(0.,0.0005,0.));
#6210=CARTESIAN_POINT('',(0.,0.0005,0.));
#6211=CARTESIAN_POINT('',(0.,0.0005,0.));
#6212=CARTESIAN_POINT('',(0.,0.0005,0.));
#6213=CARTESIAN_POINT('',(0.,0.0005,0.));
#6214=CARTESIAN_POINT('',(0.,0.0005,0.));
#6215=CARTESIAN_POINT('',(0.,0.0005,0.));
#6216=CARTESIAN_POINT('',(0.,0.0347132034355965,0.));
#6217=CARTESIAN_POINT('',(0.,0.0005,0.));
#6218=CARTESIAN_POINT('',(0.,0.0285,0.));
#6219=CARTESIAN_POINT('',(0.,0.0212,0.));
#6220=CARTESIAN_POINT('',(0.,0.0207,0.));
#6221=CARTESIAN_POINT('',(0.,0.0207,-0.0022));
#6222=CARTESIAN_POINT('',(0.,0.0212,0.));
#6223=CARTESIAN_POINT('',(0.,0.0285,0.));
#6224=CARTESIAN_POINT('',(0.,0.0212,0.));
#6225=CARTESIAN_POINT('',(0.,0.0285,0.));
#6226=CARTESIAN_POINT('',(0.,0.0212,0.));
#6227=CARTESIAN_POINT('',(0.,0.0285,0.));
#6228=CARTESIAN_POINT('',(0.,0.0212,0.));
#6229=CARTESIAN_POINT('',(0.,0.0285,0.));
#6230=CARTESIAN_POINT('',(0.,0.0212,0.));
#6231=CARTESIAN_POINT('',(0.,0.0285,0.));
#6232=CARTESIAN_POINT('',(0.,0.0212,0.));
#6233=CARTESIAN_POINT('',(0.,0.0285,0.));
#6234=CARTESIAN_POINT('',(0.,0.0212,0.));
#6235=CARTESIAN_POINT('',(0.,0.0285,0.));
#6236=CARTESIAN_POINT('',(0.,0.0212,0.));
#6237=CARTESIAN_POINT('',(0.,0.0285,0.));
#6238=CARTESIAN_POINT('',(0.,0.0212,0.));
#6239=CARTESIAN_POINT('',(0.,0.0285,0.));
#6240=CARTESIAN_POINT('',(0.,0.0212,0.));
#6241=CARTESIAN_POINT('',(0.,0.0285,0.));
#6242=CARTESIAN_POINT('',(0.,0.0212,0.));
#6243=CARTESIAN_POINT('',(0.,0.0285,0.));
#6244=CARTESIAN_POINT('',(0.,0.0207,0.));
#6245=CARTESIAN_POINT('',(0.,0.0205,0.));
#6246=CARTESIAN_POINT('',(0.,0.0205,-0.0025));
#6247=CARTESIAN_POINT('',(0.,0.0285,0.));
#6248=CARTESIAN_POINT('',(0.,0.01,0.));
#6249=CARTESIAN_POINT('',(0.,0.01,0.));
#6250=CARTESIAN_POINT('',(0.,0.01,0.));
#6251=CARTESIAN_POINT('',(0.,-0.0032,-0.0095));
#6252=CARTESIAN_POINT('',(0.00950000000000027,-0.0032,-2.68261117900053E-16));
#6253=CARTESIAN_POINT('',(5.36522235800106E-16,-0.0032,0.0095));
#6254=CARTESIAN_POINT('',(-0.00949999999999973,-0.0032,2.69424532359243E-16));
#6255=CARTESIAN_POINT('',(-8.61764350068537E-16,-0.0032,-0.00950000000000015));
#6256=CARTESIAN_POINT('',(0.00950000000000027,-0.0032,-2.68261117900053E-16));
#6257=CARTESIAN_POINT('',(0.00829239766081875,-0.0032,0.00328507177857678));
#6258=CARTESIAN_POINT('',(0.00794736842105261,-0.0032,0.00422366371531307));
#6259=CARTESIAN_POINT('',(-0.00794736842105207,-0.0032,0.00422366371531394));
#6260=CARTESIAN_POINT('',(-0.00829239766081844,-0.0032,0.00328507177857773));
#6261=CARTESIAN_POINT('',(-0.00950000000000074,-0.0032,9.75871000999402E-16));
#6262=MECHANICAL_DESIGN_GEOMETRIC_PRESENTATION_REPRESENTATION('',(#3289),
#6264);
#6263=MECHANICAL_DESIGN_GEOMETRIC_PRESENTATION_REPRESENTATION('',(#3290,
#20,#21,#22,#23,#24,#25,#26,#27,#28,#29,#30,#31,#32,#33,#34,#35,#36,#37,
#38,#39,#40,#41,#42,#43,#44,#45,#46,#47,#48,#49,#50,#51,#52,#53,#54,#55,
#56,#57,#58,#59,#60,#61,#62,#63,#64,#65,#66,#67,#68,#69,#70),#6265);
#6264=(
GEOMETRIC_REPRESENTATION_CONTEXT(3)
GLOBAL_UNCERTAINTY_ASSIGNED_CONTEXT((#6266))
GLOBAL_UNIT_ASSIGNED_CONTEXT((#6272,#6270,#6268))
REPRESENTATION_CONTEXT('Sliding_adapter','TOP_LEVEL_ASSEMBLY_PART')
);
#6265=(
GEOMETRIC_REPRESENTATION_CONTEXT(3)
GLOBAL_UNCERTAINTY_ASSIGNED_CONTEXT((#6267))
GLOBAL_UNIT_ASSIGNED_CONTEXT((#6273,#6271,#6269))
REPRESENTATION_CONTEXT('T Motor F90 2806 1500kV',
'TOP_LEVEL_ASSEMBLY_PART')
);
#6266=UNCERTAINTY_MEASURE_WITH_UNIT(LENGTH_MEASURE(1.E-8),#6272,
'DISTANCE_ACCURACY_VALUE','Maximum Tolerance applied to model');
#6267=UNCERTAINTY_MEASURE_WITH_UNIT(LENGTH_MEASURE(2.E-5),#6273,
'DISTANCE_ACCURACY_VALUE','Maximum Tolerance applied to model');
#6268=(
NAMED_UNIT(*)
SI_UNIT($,.STERADIAN.)
SOLID_ANGLE_UNIT()
);
#6269=(
NAMED_UNIT(*)
SI_UNIT($,.STERADIAN.)
SOLID_ANGLE_UNIT()
);
#6270=(
NAMED_UNIT(*)
PLANE_ANGLE_UNIT()
SI_UNIT($,.RADIAN.)
);
#6271=(
NAMED_UNIT(*)
PLANE_ANGLE_UNIT()
SI_UNIT($,.RADIAN.)
);
#6272=(
LENGTH_UNIT()
NAMED_UNIT(*)
SI_UNIT($,.METRE.)
);
#6273=(
LENGTH_UNIT()
NAMED_UNIT(*)
SI_UNIT($,.METRE.)
);
#6274=PRODUCT_DEFINITION_SHAPE('','',#6276);
#6275=PRODUCT_DEFINITION_SHAPE('','',#6277);
#6276=PRODUCT_DEFINITION('','',#6280,#6278);
#6277=PRODUCT_DEFINITION('','',#6281,#6279);
#6278=PRODUCT_DEFINITION_CONTEXT('',#6292,'design');
#6279=PRODUCT_DEFINITION_CONTEXT('',#6293,'design');
#6280=PRODUCT_DEFINITION_FORMATION_WITH_SPECIFIED_SOURCE('','',#6284,
 .NOT_KNOWN.);
#6281=PRODUCT_DEFINITION_FORMATION_WITH_SPECIFIED_SOURCE('','',#6285,
 .NOT_KNOWN.);
#6282=PRODUCT_RELATED_PRODUCT_CATEGORY('','',(#6284));
#6283=PRODUCT_RELATED_PRODUCT_CATEGORY('','',(#6285));
#6284=PRODUCT('Sliding_adapter','Sliding_adapter','Sliding_adapter',(#6288));
#6285=PRODUCT('T Motor F90 2806 1500kV','T Motor F90 2806 1500kV',
'T Motor F90 2806 1500kV',(#6289));
#6286=PRODUCT_CATEGORY('','');
#6287=PRODUCT_CATEGORY('','');
#6288=PRODUCT_CONTEXT('',#6292,'mechanical');
#6289=PRODUCT_CONTEXT('',#6293,'mechanical');
#6290=APPLICATION_PROTOCOL_DEFINITION('international standard',
'ap242_managed_model_based_3d_engineering',2020,#6292);
#6291=APPLICATION_PROTOCOL_DEFINITION('international standard',
'ap242_managed_model_based_3d_engineering',2020,#6293);
#6292=APPLICATION_CONTEXT('managed model based 3d engineering');
#6293=APPLICATION_CONTEXT('managed model based 3d engineering');
ENDSEC;
END-ISO-10303-21;
